ra,dec,gal_l,gal_b,h_mag,shmag,h_2mass,k_2mass,j_2mass,p,sp,pa_deg,gpa_deg,spa,q,sq,u,su,nhwp,uf
288.337868,11.304628,45.473708,0.347656,11.13150,0.00320,11.015,10.136,12.969,2.31,0.41,163.7,46.1,5.1,1.980,0.419,-1.266,0.384,16,1
288.338688,11.936315,46.033749,0.639901,10.36061,0.00146,10.411,9.954,11.714,1.56,0.24,178.0,60.4,4.4,1.579,0.243,-0.110,0.207,32,1
288.338704,11.470709,45.621230,0.423957,10.95440,0.00320,10.951,9.848,13.450,1.44,0.66,155.1,37.5,13.1,1.020,0.512,-1.207,0.747,16,1
288.341338,11.739469,45.860543,0.546316,9.30840,0.00060,9.347,8.601,10.963,1.08,0.23,15.3,77.6,6.0,0.952,0.208,0.561,0.268,16,1
288.343066,11.572468,45.713368,0.467365,12.11680,0.01020,12.090,11.116,14.348,4.08,1.51,164.4,46.8,10.6,3.722,1.531,-2.249,1.458,16,1
288.349531,11.877725,45.986758,0.603330,11.58130,0.00480,11.478,10.718,13.386,1.49,0.52,28.9,91.3,9.9,0.838,0.515,1.333,0.517,16,1
288.349547,11.057326,45.259929,0.222799,10.67520,0.00230,10.687,9.523,13.265,4.85,0.37,179.8,62.2,2.2,4.866,0.366,-0.026,0.355,16,1
288.349853,11.894310,46.001598,0.610743,10.02820,0.00120,10.033,9.054,12.174,2.19,0.22,24.7,87.1,2.9,1.434,0.230,1.676,0.215,16,1
288.818249,10.994792,45.418266,-0.213647,11.58320,0.00450,11.594,11.056,12.815,2.08,0.68,45.5,107.7,9.3,-0.036,0.748,2.184,0.675,16,1
288.776261,11.093785,45.486727,-0.131118,10.70350,0.00168,10.707,10.074,12.432,1.42,0.31,24.3,86.7,6.2,0.958,0.319,1.090,0.309,32,1
288.782451,11.791762,46.107429,0.188161,9.49793,0.00053,9.560,9.201,10.606,0.41,0.15,1.0,63.3,10.0,0.440,0.154,0.015,0.169,48,1
288.814451,10.930194,45.359350,-0.240400,10.94730,0.00250,10.933,9.531,13.821,2.57,0.44,42.1,104.4,4.9,0.261,0.453,2.599,0.444,16,1
288.817778,10.974035,45.399677,-0.222895,10.32100,0.00150,10.317,8.870,13.236,3.34,0.31,36.6,98.9,2.6,0.969,0.255,3.211,0.310,16,1
288.779768,11.214256,45.594974,-0.078130,9.90600,0.00140,10.028,9.573,11.382,0.54,0.24,10.7,73.0,13.0,0.549,0.242,0.214,0.248,16,1
288.781588,11.763033,46.081604,0.175546,9.94060,0.00085,9.959,8.960,12.058,1.02,0.16,11.9,74.2,4.5,0.942,0.161,0.417,0.174,32,1
288.791033,11.727473,46.054426,0.150820,10.80220,0.00260,10.600,9.464,13.215,2.70,0.64,27.7,90.0,6.8,1.576,0.422,2.286,0.724,16,1
288.815132,10.983339,45.406705,-0.216267,10.85430,0.00240,10.769,9.211,13.664,4.54,0.48,32.6,94.8,3.1,1.920,0.501,4.140,0.481,16,1
288.821173,11.135972,45.544572,-0.150504,11.71830,0.00560,11.667,10.599,13.988,3.21,0.63,61.4,123.6,5.6,-1.772,0.628,2.755,0.629,16,1
288.822582,11.113873,45.525654,-0.162009,9.91260,0.00100,9.849,8.998,11.789,1.46,0.19,32.1,94.3,3.7,0.643,0.147,1.325,0.195,16,1
288.783481,11.003055,45.409704,-0.179592,11.05820,0.00270,11.093,10.096,13.232,2.73,0.42,26.5,88.8,4.4,1.660,0.408,2.205,0.426,16,1
288.822857,11.271153,45.665000,-0.089072,10.89020,0.00370,10.903,9.716,13.449,4.72,0.58,30.6,92.9,3.5,2.286,0.582,4.167,0.576,16,1
288.824058,11.061220,45.479720,-0.187789,11.68140,0.00500,11.566,10.355,14.208,3.53,0.97,43.8,106.0,7.9,0.159,0.926,3.654,0.970,16,1
288.771947,11.324255,45.688783,-0.020177,9.84481,0.00102,9.854,8.898,12.096,1.01,0.39,35.4,97.7,10.3,0.356,0.342,1.023,0.393,32,1
288.773765,11.862000,46.165653,0.228356,11.93159,0.00471,11.879,10.519,14.783,2.10,0.99,53.3,115.7,12.3,-0.666,1.054,2.224,0.987,32,1
288.779891,10.949765,45.360890,-0.201259,10.17090,0.00120,10.187,9.053,12.739,2.57,0.26,35.5,97.8,2.8,0.842,0.256,2.438,0.254,16,1
288.782652,11.170118,45.557217,-0.101164,7.70200,0.00020,7.672,6.692,9.736,1.30,0.13,5.3,67.6,2.8,1.283,0.128,0.239,0.129,16,1
288.784464,11.744088,46.066142,0.164242,12.05459,0.00611,12.041,11.095,14.262,2.47,1.11,35.2,97.5,11.7,0.907,1.165,2.553,1.100,32,1
288.720668,11.789814,46.077579,0.240797,11.47230,0.00470,11.482,11.100,12.489,2.38,0.71,23.5,85.8,8.5,1.696,0.735,1.817,0.685,16,1
288.722477,11.917367,46.191332,0.298534,10.57720,0.00190,10.584,9.595,12.900,2.06,0.68,24.1,86.4,9.5,1.448,0.689,1.621,0.678,16,1
288.068606,11.085335,45.156970,0.480096,12.40410,0.01160,12.446,12.009,13.661,3.30,1.38,105.1,167.5,12.0,-3.087,1.347,-1.797,1.466,16,1
288.731413,11.031212,45.410863,-0.121252,12.09170,0.00740,12.095,10.767,15.030,3.69,1.84,38.8,101.1,14.3,0.891,1.718,4.030,1.850,16,1
288.732289,11.756353,46.053244,0.215167,8.15320,0.00030,8.181,7.288,10.186,1.21,0.12,174.9,57.2,2.8,1.192,0.117,-0.214,0.140,16,1
288.069400,11.689983,45.693301,0.759352,10.78490,0.00260,10.725,9.980,12.603,1.21,0.40,10.8,73.2,9.6,1.184,0.393,0.467,0.467,16,1
288.073543,11.024714,45.105481,0.447732,11.11130,0.00390,10.780,9.997,12.053,2.17,0.97,10.7,73.1,12.8,2.213,0.963,0.867,1.004,16,1
288.080266,11.143699,45.214000,0.496981,9.97420,0.00150,10.002,9.294,11.571,1.29,0.28,24.1,86.5,6.1,0.880,0.308,0.985,0.245,16,1
288.080289,11.806827,45.801815,0.803995,10.14552,0.00100,10.226,9.814,11.373,1.09,0.40,177.8,60.2,9.8,1.155,0.398,-0.088,0.388,32,1
288.081126,11.244653,45.303873,0.542980,10.64030,0.00210,10.664,9.956,12.232,0.97,0.29,16.6,79.0,8.6,0.844,0.300,0.552,0.270,16,1
288.733150,11.829427,46.118331,0.248399,10.34810,0.00170,10.376,9.402,12.518,2.68,0.44,7.5,69.8,4.7,2.622,0.436,0.707,0.439,16,1
288.087759,11.756202,45.760324,0.774075,12.39910,0.01130,12.419,11.861,13.628,2.84,1.26,166.2,48.6,12.7,2.750,1.259,-1.441,1.266,16,1
288.096109,11.593595,45.619972,0.691538,12.31550,0.00780,12.318,12.047,13.202,4.47,1.08,151.2,33.6,6.9,2.462,1.093,-3.888,1.069,16,1
287.986109,11.295987,45.306241,0.649342,8.76980,0.00040,8.914,8.347,10.161,1.13,0.28,96.3,158.7,7.0,-1.133,0.276,-0.253,0.280,16,1
288.001450,11.329806,45.343184,0.651658,10.50090,0.00210,10.559,9.649,12.520,1.80,0.39,62.7,125.1,6.2,-1.063,0.393,1.500,0.386,16,1
288.001466,11.449010,45.448869,0.706810,8.41914,0.00024,8.495,8.332,9.188,0.35,0.14,31.9,94.4,10.7,0.164,0.139,0.334,0.138,32,1
288.001556,11.046277,45.091884,0.520343,8.49380,0.00023,8.614,8.318,9.655,0.49,0.12,3.1,65.5,7.0,0.503,0.124,0.054,0.128,48,1
288.097292,11.184354,45.257770,0.501002,10.35220,0.00170,10.364,9.515,12.241,2.10,0.41,15.7,78.1,5.6,1.830,0.401,1.114,0.445,16,1
288.061896,11.477517,45.501556,0.667507,11.43520,0.00470,11.395,10.629,13.223,2.04,0.73,39.5,102.0,10.3,0.410,0.609,2.127,0.739,16,1
288.070222,11.176096,45.238153,0.520716,12.37950,0.01130,12.357,11.605,14.274,5.27,1.61,39.8,102.2,8.7,0.995,1.844,5.420,1.600,16,1
287.970328,11.305578,45.307582,0.667499,10.56210,0.00210,10.451,9.806,11.714,1.06,0.50,66.6,129.0,13.5,-0.800,0.508,0.853,0.492,16,1
288.865734,11.041080,45.480927,-0.233365,10.96079,0.00281,10.973,10.435,12.120,1.04,0.45,173.1,55.3,11.4,1.104,0.453,-0.273,0.467,32,1
288.071994,10.949375,45.038000,0.414194,9.08450,0.00060,9.071,8.427,10.730,1.17,0.35,35.4,97.9,8.7,0.399,0.359,1.151,0.354,16,1
288.073605,11.238709,45.295189,0.546766,10.99950,0.00420,10.942,10.172,12.876,2.15,0.41,15.3,77.7,5.4,1.886,0.407,1.117,0.414,16,1
288.868171,11.138447,45.568220,-0.190169,8.53500,0.00030,8.575,8.164,9.838,0.36,0.11,135.7,18.0,8.4,0.010,0.107,-0.377,0.106,16,1
288.076189,11.348262,45.393469,0.595245,10.28652,0.00135,10.306,9.800,11.738,0.87,0.28,26.4,88.8,8.9,0.555,0.280,0.730,0.287,32,1
288.830526,11.136452,45.549267,-0.158404,12.37550,0.00850,12.364,11.255,14.931,4.53,1.73,28.3,90.5,10.9,2.676,2.070,4.046,1.550,16,1
288.081188,11.200397,45.264674,0.522433,8.19135,0.00021,8.262,7.668,9.752,0.56,0.13,45.1,107.5,6.7,-0.002,0.160,0.572,0.135,32,1
288.087173,11.791155,45.791042,0.790766,10.09980,0.00089,10.246,9.381,12.097,0.93,0.20,179.6,62.0,6.0,0.951,0.200,-0.013,0.224,32,1
288.000432,11.499075,45.492785,0.730877,9.60299,0.00068,9.734,9.138,11.150,0.71,0.33,62.2,124.6,12.1,-0.443,0.338,0.649,0.330,48,1
288.089227,11.209165,45.276097,0.519504,9.41060,0.00070,9.448,8.866,10.926,0.43,0.17,29.1,91.5,11.5,0.241,0.139,0.390,0.181,16,1
287.926612,11.289844,45.273798,0.698225,9.74880,0.00110,9.701,9.285,10.877,0.92,0.24,91.9,154.3,7.6,-0.949,0.244,-0.062,0.249,16,1
288.101960,11.439035,45.485627,0.614886,8.68740,0.00040,8.617,8.050,9.963,0.82,0.13,72.8,135.2,4.5,-0.685,0.134,0.470,0.116,16,1
287.931455,11.391364,45.366007,0.740976,12.21940,0.00850,12.173,11.458,13.940,3.18,1.49,64.3,126.8,13.5,-2.193,1.490,2.742,1.497,16,1
288.857363,11.024523,45.462448,-0.233798,8.56060,0.00040,8.579,7.489,10.827,1.06,0.25,51.6,113.8,6.7,-0.247,0.269,1.061,0.245,16,1
288.095724,11.296199,45.356191,0.554160,11.00920,0.00340,10.927,10.249,12.552,0.71,0.35,35.2,97.6,14.1,0.265,0.357,0.741,0.346,16,1
287.945054,11.192239,45.195628,0.637034,10.78876,0.00250,10.832,10.055,12.674,2.32,0.56,48.4,110.8,6.7,-0.283,0.544,2.367,0.562,32,1
288.096357,11.094575,45.177771,0.460238,11.91240,0.00790,11.914,11.315,13.379,2.39,1.11,164.9,47.4,13.3,2.281,1.054,-1.322,1.258,16,1
288.096545,11.272665,45.335705,0.542548,9.21640,0.00080,9.216,8.355,11.137,1.33,0.23,13.3,75.7,4.9,1.207,0.237,0.604,0.195,16,1
287.933537,11.316742,45.300788,0.704647,7.87080,0.00030,7.944,7.219,9.447,0.74,0.14,74.7,137.1,5.4,-0.652,0.139,0.387,0.142,16,1
288.096784,10.996868,45.091365,0.414617,9.95380,0.00090,9.952,9.237,11.725,0.70,0.26,20.2,82.6,10.8,0.571,0.265,0.485,0.263,16,1
288.057079,11.041551,45.112922,0.469851,9.87536,0.00104,9.935,9.378,11.438,0.50,0.23,21.3,83.7,12.1,0.403,0.232,0.370,0.228,32,1
288.349025,11.055519,45.258090,0.222415,11.74000,0.00620,11.550,10.910,12.885,1.94,0.90,3.4,65.7,13.3,2.122,0.900,0.250,0.884,16,1
288.349048,11.234743,45.416880,0.305528,12.47480,0.01070,12.469,11.370,14.468,3.32,1.24,173.6,56.0,10.7,3.458,1.234,-0.784,1.297,16,1
288.349324,11.187238,45.374919,0.283253,9.40241,0.00060,9.487,8.866,11.086,1.68,0.14,152.4,34.8,2.4,0.962,0.147,-1.382,0.134,32,1
288.872762,11.164171,45.593085,-0.182183,11.48880,0.00410,11.547,10.973,12.635,1.85,0.55,21.6,83.9,8.6,1.403,0.532,1.320,0.572,16,1
287.901908,11.173193,45.159160,0.665750,9.40660,0.00090,9.451,8.864,10.958,0.54,0.23,10.8,73.3,12.0,0.541,0.226,0.215,0.219,16,1
288.833251,11.280697,45.678191,-0.093654,8.92230,0.00070,8.954,8.520,10.016,0.91,0.15,12.1,74.3,4.7,0.844,0.147,0.378,0.162,16,1
288.064465,11.693170,45.693888,0.765111,11.90630,0.00920,11.956,11.618,13.011,2.49,1.06,74.0,136.4,12.2,-2.294,1.065,1.436,1.054,16,1
288.351439,11.187843,45.376418,0.281695,11.45777,0.00429,11.486,10.281,13.873,3.27,0.68,178.2,60.6,5.8,3.334,0.675,-0.205,0.873,32,1
288.351950,11.682418,45.814817,0.510651,11.89160,0.00670,11.863,11.063,13.837,2.93,0.98,11.0,73.3,9.6,2.862,0.994,1.154,0.860,16,1
288.351952,11.796572,45.915956,0.563594,9.70659,0.00074,9.768,9.354,10.921,0.49,0.14,18.7,81.1,7.8,0.403,0.132,0.309,0.151,32,1
288.065295,11.013258,45.091578,0.449603,11.17280,0.00260,11.012,10.288,12.470,1.90,0.77,12.8,75.2,11.6,1.847,0.772,0.882,0.760,16,1
288.066964,11.101830,45.170845,0.489162,9.48070,0.00090,9.525,8.948,10.929,0.58,0.15,47.4,109.9,7.4,-0.051,0.166,0.597,0.149,16,1
288.068738,11.394729,45.431275,0.623234,11.59590,0.00540,11.569,11.152,12.715,1.46,0.67,74.6,137.0,13.1,-1.382,0.641,0.827,0.747,16,1
288.356221,11.475648,45.633568,0.411039,11.12870,0.00300,11.161,10.729,12.249,1.84,0.75,0.3,62.7,11.7,1.990,0.750,0.024,0.826,16,1
287.939874,11.115738,45.125451,0.606147,10.35880,0.00230,10.321,9.615,12.071,2.01,0.52,31.2,93.6,7.5,0.962,0.530,1.840,0.522,16,1
287.940198,11.427836,45.402309,0.750250,10.75070,0.00220,10.665,9.919,12.416,1.57,0.48,73.1,135.5,8.9,-1.362,0.484,0.915,0.488,16,1
287.931810,11.602826,45.553665,0.838482,8.42820,0.00030,8.450,8.040,9.775,0.30,0.12,110.9,173.3,11.5,-0.245,0.125,-0.219,0.120,16,1
288.077128,11.354029,45.399007,0.597099,10.28140,0.00160,9.967,9.518,11.050,1.15,0.36,77.6,140.1,9.1,-1.095,0.378,0.504,0.289,16,1
288.372610,11.894087,46.011730,0.590911,11.84600,0.00590,11.719,11.042,13.427,1.87,0.86,173.8,56.1,13.2,2.008,0.866,-0.444,0.793,16,1
288.372750,11.476281,45.641643,0.396982,11.61710,0.00430,11.607,10.478,14.011,1.63,0.62,11.6,73.9,10.8,1.605,0.618,0.687,0.614,16,1
288.372837,11.701379,45.841103,0.501326,9.54160,0.00090,9.558,9.189,10.674,0.76,0.19,173.2,55.6,7.1,0.757,0.186,-0.182,0.217,16,1
287.944355,11.404458,45.383467,0.735822,8.57970,0.00030,8.604,8.262,9.601,0.37,0.13,85.4,147.8,10.2,-0.387,0.132,0.063,0.126,16,1
288.372855,11.401723,45.575639,0.362304,11.53360,0.00470,11.508,10.622,13.477,3.35,1.12,164.7,47.1,9.6,3.037,1.190,-1.797,0.908,16,1
288.088573,11.059834,45.143441,0.450920,8.82890,0.00050,8.985,8.200,10.563,0.74,0.13,12.4,74.9,5.0,0.683,0.129,0.317,0.125,16,1
288.088601,11.410182,45.453989,0.613131,12.12000,0.00960,12.116,11.656,13.358,2.85,1.15,19.7,82.1,11.5,2.373,1.169,1.952,1.115,16,1
288.373428,11.379316,45.556049,0.351412,11.37910,0.00400,11.362,10.461,13.541,2.59,0.75,160.6,42.9,8.2,2.100,0.713,-1.691,0.794,16,1
288.373442,11.160802,45.362475,0.250029,11.57850,0.00580,11.524,10.459,13.905,4.06,1.01,173.9,56.2,7.1,4.094,1.018,-0.888,0.918,16,1
288.322228,11.931380,46.021908,0.651881,11.16172,0.00283,11.194,10.859,12.067,1.14,0.38,151.2,33.6,9.0,0.642,0.381,-1.015,0.377,32,1
287.895637,11.175949,45.158758,0.672479,12.35960,0.01020,12.526,12.021,13.834,3.47,1.70,43.1,105.5,14.0,0.262,1.717,3.854,1.695,16,1
288.095568,11.044445,45.132981,0.437709,11.56152,0.00338,11.632,11.038,13.212,2.56,0.57,22.4,84.8,6.3,1.861,0.551,1.848,0.594,32,1
288.096008,11.380420,45.430971,0.592914,12.26160,0.00990,12.239,11.858,13.447,3.01,1.37,44.1,106.5,13.0,0.104,1.293,3.306,1.366,16,1
288.875369,11.262664,45.681451,-0.138607,11.24830,0.00640,11.225,10.639,12.833,2.69,0.86,20.6,82.9,9.2,2.121,0.887,1.860,0.834,16,1
288.096052,11.377701,45.428581,0.591617,10.24530,0.00170,10.247,9.850,11.421,0.76,0.21,44.2,106.6,8.0,0.023,0.220,0.793,0.213,16,1
288.332284,11.925280,46.021066,0.640336,10.26290,0.00150,10.236,9.621,11.802,1.57,0.20,178.4,60.8,3.7,1.583,0.202,-0.087,0.201,16,1
288.097847,10.942269,45.043456,0.388406,11.42680,0.00330,11.428,10.663,13.270,3.11,0.70,22.1,84.5,6.4,2.290,0.695,2.222,0.697,16,1
288.098711,11.121610,45.202803,0.470711,12.16250,0.00900,12.122,11.291,14.016,2.70,1.24,10.4,72.8,13.2,2.778,1.214,1.057,1.414,16,1
288.338000,11.343241,45.507978,0.365450,10.96080,0.00330,10.990,10.133,13.007,3.45,0.83,168.6,50.9,6.9,3.269,0.779,-1.380,1.081,16,1
288.844886,11.136393,45.555770,-0.170903,11.31500,0.00590,11.217,9.964,13.901,2.96,0.69,45.7,108.0,6.7,-0.075,0.577,3.043,0.690,16,1
288.341488,11.103477,45.297147,0.251213,11.32310,0.00380,11.354,11.036,12.297,1.95,0.48,174.7,57.0,7.1,1.975,0.485,-0.372,0.483,16,1
288.342362,11.646683,45.778801,0.502396,9.87202,0.00109,9.952,9.381,11.473,1.08,0.36,19.8,82.1,9.1,0.878,0.320,0.725,0.417,32,1
288.344844,11.730478,45.854170,0.539105,10.38430,0.00150,10.354,9.443,12.517,1.73,0.42,18.9,81.3,7.0,1.406,0.360,1.093,0.504,16,1
288.347338,11.695153,45.824005,0.520559,11.58700,0.00470,11.623,10.817,13.632,2.27,0.79,5.5,67.9,9.9,2.362,0.789,0.463,0.752,16,1
288.349995,11.795846,45.914424,0.564954,12.18846,0.00707,12.244,11.323,14.350,3.17,1.01,14.3,76.7,8.7,2.922,1.034,1.600,0.933,32,1
288.350004,11.448843,45.606994,0.404004,10.80130,0.00250,10.803,10.306,12.051,2.51,0.56,161.0,43.3,6.4,2.023,0.615,-1.583,0.459,16,1
288.860306,11.115263,45.544108,-0.194128,11.25000,0.00350,11.214,10.752,12.359,1.01,0.49,17.5,79.8,13.8,0.916,0.456,0.643,0.545,16,1
288.061168,11.082543,45.151115,0.485273,11.91010,0.00750,11.945,11.345,13.394,2.71,0.90,14.9,77.3,9.5,2.480,0.889,1.419,0.930,16,1
288.356385,11.384080,45.552519,0.368423,7.48180,0.00020,7.533,6.838,9.214,1.81,0.86,166.6,48.9,13.7,1.791,0.902,-0.908,0.699,16,1
288.064532,11.201023,45.257663,0.537205,9.57980,0.00062,9.644,9.311,10.587,0.62,0.17,61.5,123.9,7.5,-0.348,0.189,0.535,0.158,32,1
288.065329,11.346048,45.386576,0.603658,10.24377,0.00124,10.274,9.671,11.833,1.17,0.30,8.0,70.4,7.1,1.158,0.300,0.332,0.248,32,1
288.354864,11.266200,45.447394,0.315065,11.10940,0.00350,11.101,10.552,12.496,1.41,0.42,132.9,15.3,8.5,-0.108,0.422,-1.461,0.416,16,1
288.357241,11.854131,45.969353,0.585703,10.88100,0.00260,10.886,10.205,12.566,1.12,0.31,20.7,83.0,8.0,0.872,0.315,0.767,0.310,16,1
288.358484,11.281356,45.462468,0.318951,11.07960,0.00320,11.008,10.021,13.501,4.48,0.39,168.9,51.3,2.5,4.163,0.397,-1.698,0.376,16,1
288.359100,10.958945,45.177122,0.168856,9.67280,0.00100,9.704,8.998,11.318,0.82,0.18,27.2,89.6,6.3,0.488,0.151,0.683,0.192,16,1
288.357270,11.224072,45.411167,0.293433,11.89740,0.00550,12.006,10.859,14.081,6.65,0.90,168.5,50.8,3.9,6.169,0.887,-2.629,0.952,16,1
288.357693,11.897547,46.008024,0.605447,9.05320,0.00060,9.032,8.532,10.412,1.16,0.13,171.3,53.7,3.3,1.111,0.131,-0.348,0.139,16,1
288.360613,11.339994,45.515385,0.344301,11.36390,0.00369,11.401,10.879,12.856,1.53,0.58,178.6,60.9,10.2,1.632,0.583,-0.081,0.665,32,1
288.369524,11.287744,45.473150,0.312323,10.46590,0.00160,10.432,9.165,13.066,4.33,0.23,172.8,55.2,1.5,4.204,0.225,-1.075,0.265,16,1
288.832485,11.093861,45.512461,-0.179922,8.81060,0.00040,8.759,7.519,11.269,2.07,0.11,47.6,109.9,1.5,-0.190,0.099,2.061,0.111,16,1
288.369791,11.035637,45.249931,0.195136,10.58190,0.00170,10.556,9.466,13.052,2.77,0.28,171.6,54.0,2.9,2.662,0.283,-0.801,0.275,16,1
288.376119,11.020687,45.239569,0.182698,12.21840,0.01080,12.173,11.089,14.411,4.18,1.46,172.2,54.6,10.0,4.263,1.432,-1.191,1.779,16,1
288.323761,11.721903,45.836998,0.553418,9.87260,0.00120,9.889,9.141,11.721,1.05,0.26,25.8,88.2,7.0,0.674,0.246,0.850,0.265,16,1
288.374097,11.222213,45.417177,0.277949,12.13620,0.00770,12.108,11.246,14.202,3.61,0.96,163.4,45.7,7.6,3.124,0.970,-2.047,0.931,16,1
288.327050,11.415041,45.566612,0.408259,10.97510,0.00290,10.960,10.330,12.587,1.40,0.62,147.8,30.2,12.7,0.662,0.651,-1.380,0.615,16,1
288.847607,11.133688,45.554618,-0.174524,8.27710,0.00030,8.348,7.924,9.453,0.34,0.06,167.3,49.6,5.3,0.314,0.065,-0.149,0.055,16,1
288.374423,11.213020,45.409181,0.273401,11.01480,0.00320,11.073,10.558,12.308,1.85,0.38,173.5,55.8,5.9,1.845,0.380,-0.427,0.408,16,1
288.374533,11.231161,45.425302,0.281721,10.36850,0.00150,10.365,9.456,12.458,3.13,0.19,167.0,49.4,1.7,2.818,0.190,-1.373,0.191,16,1
288.089324,11.075988,45.158100,0.457748,11.78660,0.00720,11.763,11.012,13.729,3.81,1.31,18.9,81.3,9.9,3.189,1.451,2.472,1.049,16,1
288.330439,11.166399,45.347864,0.290001,12.09710,0.00820,12.070,10.981,14.699,4.75,1.33,5.6,68.0,8.0,4.836,1.338,0.966,1.109,16,1
288.332146,11.679205,45.802975,0.526343,10.58010,0.00210,10.605,10.050,11.949,1.00,0.44,15.5,77.9,12.4,0.938,0.462,0.563,0.355,16,1
288.332150,11.283013,45.451958,0.342598,11.27250,0.00370,11.332,10.957,12.370,2.09,0.54,143.2,25.6,7.4,0.609,0.517,-2.068,0.540,16,1
288.333807,11.309573,45.476242,0.353477,11.12990,0.00330,11.138,10.305,13.068,2.14,0.50,166.8,49.2,6.7,1.970,0.518,-0.977,0.419,16,1
288.860380,11.236061,45.651063,-0.137976,11.77460,0.00840,11.691,10.792,13.738,2.98,1.27,20.5,82.8,12.2,2.445,1.244,2.131,1.304,16,1
288.328938,11.338452,45.499614,0.371100,10.54540,0.00180,10.581,10.159,11.695,1.25,0.43,158.4,40.8,9.8,0.967,0.476,-0.908,0.370,16,1
288.097885,11.203343,45.274870,0.509280,11.41147,0.00344,11.439,11.082,12.395,1.15,0.48,33.5,95.9,11.1,0.489,0.470,1.152,0.487,32,1
288.329722,11.150349,45.333318,0.283180,11.29350,0.00380,11.289,10.240,13.687,2.57,0.56,178.9,61.3,6.2,2.624,0.555,-0.100,0.561,16,1
288.330569,11.544391,45.682814,0.465191,10.57020,0.00240,10.589,9.928,12.239,1.22,0.55,162.6,44.9,12.8,1.099,0.553,-0.766,0.531,16,1
288.330602,11.281703,45.450093,0.343336,12.22160,0.00820,12.210,11.221,14.389,3.44,1.00,2.2,64.6,8.4,3.572,1.005,0.274,1.007,16,1
288.099540,11.628265,45.652259,0.704613,10.43140,0.00130,10.501,9.914,11.906,0.65,0.29,149.3,31.7,12.6,0.342,0.278,-0.626,0.290,16,1
288.333176,11.298725,45.466345,0.348994,9.37790,0.00080,9.414,9.020,10.465,1.25,0.20,142.4,24.8,4.6,0.323,0.134,-1.218,0.202,16,1
288.341356,11.832137,45.942656,0.589277,9.66520,0.00110,9.688,8.780,11.766,0.66,0.23,54.5,116.8,10.0,-0.225,0.254,0.657,0.225,16,1
288.343080,11.036713,45.238723,0.218861,9.47350,0.00060,9.465,8.104,12.089,5.46,0.13,176.0,58.4,0.7,5.408,0.125,-0.762,0.151,16,1
288.335724,11.057702,45.253969,0.234993,11.94100,0.00690,12.022,11.670,12.987,2.99,1.01,161.5,43.9,9.7,2.522,0.957,-1.896,1.098,16,1
288.344726,11.141424,45.332239,0.265999,10.12880,0.00140,10.147,9.068,12.494,2.50,0.21,2.0,64.3,2.4,2.498,0.209,0.171,0.192,16,1
288.337241,11.009961,45.212364,0.211530,11.60890,0.00690,11.609,10.318,14.491,4.95,0.69,5.0,67.4,4.0,4.917,0.687,0.875,0.686,16,1
288.101847,11.227597,45.298167,0.517068,10.68480,0.00230,10.654,9.854,12.520,1.27,0.31,20.1,82.6,7.0,1.000,0.328,0.848,0.285,16,1
288.836040,11.301643,45.698004,-0.086329,11.93270,0.00800,11.961,11.007,14.151,3.60,1.61,27.6,89.8,12.8,2.253,1.730,3.236,1.552,16,1
288.055528,11.376413,45.409043,0.626233,10.82320,0.00260,10.822,10.492,11.931,0.96,0.41,63.3,125.8,12.2,-0.623,0.346,0.836,0.438,16,1
288.057169,11.267540,45.313280,0.574403,8.73280,0.00050,8.634,7.598,10.547,0.58,0.15,26.4,88.8,7.3,0.363,0.135,0.477,0.156,16,1
288.058800,11.128963,45.191186,0.508825,9.75990,0.00090,9.717,8.809,11.656,2.37,0.22,19.4,81.8,2.7,1.854,0.239,1.490,0.187,16,1
288.346548,11.272431,45.449132,0.325181,9.80110,0.00090,9.815,9.234,11.307,1.31,0.22,161.0,43.4,4.9,1.051,0.228,-0.820,0.219,16,1
288.060416,11.598509,45.608138,0.724805,12.10740,0.00720,12.143,11.433,13.761,2.30,1.03,166.7,49.1,12.9,2.253,1.036,-1.133,1.022,16,1
288.850340,11.048569,45.480524,-0.216507,9.64948,0.00060,9.633,8.536,11.987,0.92,0.12,35.8,98.0,3.8,0.295,0.137,0.883,0.121,32,1
288.852143,10.980347,45.420962,-0.249820,11.47370,0.00390,11.407,10.282,13.739,2.41,0.77,32.3,94.6,9.2,1.085,0.747,2.286,0.779,16,1
288.067120,11.592635,45.605972,0.716264,10.92810,0.00300,10.949,10.270,12.615,1.42,0.61,173.7,56.2,12.4,1.508,0.612,-0.335,0.630,16,1
288.068803,10.948060,45.035384,0.416362,10.46470,0.00230,10.400,9.537,12.362,2.33,0.46,27.4,89.8,5.6,1.365,0.456,1.937,0.455,16,1
288.859406,11.221649,45.637862,-0.143837,12.00260,0.00990,11.985,10.675,14.681,3.80,1.52,8.9,71.2,11.5,3.894,1.487,1.252,1.791,16,1
288.859893,11.010213,45.450937,-0.242656,12.43900,0.00980,12.364,11.278,14.792,3.60,1.43,23.5,85.8,11.4,2.637,1.516,2.835,1.354,16,1
288.072163,11.607467,45.621407,0.718752,9.53030,0.00060,9.583,8.696,11.450,0.82,0.21,170.9,53.4,7.2,0.807,0.208,-0.264,0.199,16,1
288.358716,11.910759,46.020195,0.610688,9.10600,0.00050,9.109,8.545,10.535,0.73,0.12,153.6,35.9,4.8,0.447,0.121,-0.590,0.123,16,1
288.361427,10.994528,45.209705,0.183339,9.92890,0.00100,9.875,8.686,12.268,4.22,0.55,164.9,47.3,3.7,3.676,0.567,-2.139,0.478,16,1
288.371699,11.316294,45.499432,0.323678,11.41840,0.00400,11.417,11.042,12.531,1.46,0.58,160.9,43.3,11.3,1.232,0.569,-0.966,0.589,16,1
288.371837,11.932242,46.045183,0.609279,10.18420,0.00120,10.196,9.308,12.101,2.34,0.32,23.3,85.7,3.9,1.622,0.325,1.714,0.317,16,1
288.371837,11.850328,45.972610,0.571284,9.13370,0.00060,9.131,8.420,10.760,1.14,0.12,13.2,75.5,3.0,1.026,0.121,0.509,0.120,16,1
288.371856,11.322623,45.505110,0.326477,9.10830,0.00050,9.157,8.745,10.010,1.62,0.15,159.8,42.2,2.6,1.236,0.150,-1.051,0.144,16,1
288.371885,11.638271,45.784761,0.472878,12.27510,0.01100,12.300,11.712,13.783,4.29,1.68,25.8,88.1,11.2,2.863,1.803,3.606,1.590,16,1
288.375158,11.107320,45.315878,0.223726,9.89750,0.00100,9.875,8.622,12.538,3.22,0.20,168.9,51.3,1.7,2.990,0.199,-1.217,0.174,16,1
288.375208,11.291508,45.479070,0.309131,10.82210,0.00240,10.805,9.971,12.669,1.79,0.42,159.7,42.0,6.8,1.395,0.463,-1.198,0.365,16,1
288.375248,11.202577,45.400305,0.267839,11.63060,0.00480,11.668,10.768,13.932,2.36,0.65,160.6,42.9,7.9,1.908,0.639,-1.539,0.668,16,1
288.372342,11.796739,45.925362,0.545989,10.62592,0.00134,10.591,9.666,12.667,2.01,0.36,17.8,80.1,5.1,1.658,0.347,1.185,0.382,32,1
288.375417,10.997376,45.218599,0.172494,8.95860,0.00040,8.989,8.366,10.449,0.80,0.10,128.1,10.5,3.8,-0.190,0.114,-0.781,0.104,16,1
288.375451,11.661481,45.806943,0.480550,11.16660,0.00440,11.146,10.296,13.231,1.87,0.56,4.3,66.6,8.6,1.934,0.560,0.290,0.697,16,1
288.322166,11.850701,45.950394,0.614525,8.82855,0.00035,8.920,8.610,9.937,0.65,0.11,117.5,179.9,5.0,-0.378,0.132,-0.542,0.106,32,1
288.327146,11.971492,46.059681,0.666218,9.46226,0.00081,9.518,9.005,10.912,0.41,0.16,6.1,68.5,10.7,0.427,0.163,0.092,0.158,32,1
288.370819,11.705431,45.843776,0.504956,8.67570,0.00040,8.728,8.439,9.579,1.11,0.14,172.7,55.1,3.7,1.080,0.142,-0.280,0.150,16,1
288.370879,11.330599,45.511731,0.331026,8.81250,0.00040,8.786,7.591,11.176,3.88,0.13,171.7,54.0,1.0,3.723,0.131,-1.115,0.107,16,1
288.328809,11.279799,45.447591,0.344011,11.47150,0.00430,11.485,10.876,13.180,2.45,0.60,147.9,30.3,7.0,1.099,0.641,-2.271,0.587,16,1
288.328839,11.253147,45.423991,0.331624,10.23680,0.00140,10.273,9.474,12.170,1.65,0.32,141.7,24.0,5.6,0.387,0.373,-1.633,0.320,16,1
288.330474,11.656300,45.781922,0.517172,10.52620,0.00210,10.588,10.251,11.410,1.17,0.46,12.8,75.2,11.2,1.129,0.454,0.543,0.458,16,1
288.836107,11.811251,46.149115,0.150736,9.01210,0.00060,9.117,8.700,10.131,0.37,0.16,140.4,22.7,12.2,0.075,0.165,-0.390,0.155,16,1
288.097516,10.950342,45.050461,0.392433,8.17900,0.00020,8.244,7.506,9.884,1.06,0.17,18.3,80.8,4.6,0.857,0.165,0.639,0.174,16,1
288.333062,11.631599,45.761212,0.503471,9.44000,0.00090,9.468,9.123,10.616,1.74,0.22,171.5,53.9,3.7,1.677,0.225,-0.512,0.214,16,1
288.323153,11.129132,45.311532,0.279050,9.44470,0.00080,9.537,9.083,10.636,0.63,0.14,160.8,43.2,6.1,0.506,0.125,-0.401,0.149,16,1
288.334758,11.535601,45.676929,0.457479,10.01040,0.00140,10.055,9.438,11.549,0.64,0.22,166.0,48.4,9.8,0.601,0.221,-0.319,0.217,16,1
288.334761,11.513971,45.657767,0.447445,10.80430,0.00290,10.824,9.986,12.840,1.42,0.53,11.6,74.0,10.7,1.397,0.547,0.599,0.449,16,1
288.334772,11.615755,45.747951,0.494639,10.75640,0.00310,10.782,10.329,12.036,1.42,0.40,3.2,65.6,8.0,1.464,0.397,0.164,0.391,16,1
288.334782,11.566217,45.704066,0.471656,11.00370,0.00330,11.021,10.659,12.045,1.63,0.69,159.9,42.3,12.1,1.349,0.678,-1.138,0.693,16,1
288.335584,11.326836,45.492345,0.359940,11.86810,0.00640,11.685,10.690,13.615,2.08,0.78,151.8,34.1,10.7,1.226,0.801,-1.849,0.764,16,1
288.335623,11.069717,45.264568,0.240653,12.33180,0.00940,12.354,11.527,14.356,3.00,1.27,157.1,39.4,12.1,2.270,1.307,-2.342,1.232,16,1
288.846834,11.232949,45.642125,-0.127664,9.87330,0.00150,10.152,8.456,13.203,2.42,0.33,42.0,104.2,3.9,0.259,0.257,2.427,0.333,16,1
288.846858,11.122702,45.544552,-0.178986,8.96250,0.00060,8.735,7.816,11.307,1.44,0.26,29.1,91.4,5.3,0.768,0.333,1.242,0.233,16,1
288.100784,11.867083,45.864517,0.814112,9.62780,0.00070,9.588,8.906,11.213,1.44,0.33,11.4,73.9,6.6,1.358,0.332,0.573,0.335,16,1
288.327292,11.049921,45.243238,0.238715,11.27254,0.00273,11.354,10.072,13.996,4.10,0.59,1.7,64.1,4.1,4.135,0.592,0.253,0.560,32,1
288.329756,11.904234,46.001271,0.632768,10.85720,0.00270,10.879,10.613,11.791,1.12,0.36,149.2,31.6,9.4,0.558,0.344,-1.034,0.371,16,1
288.338776,11.283969,45.455818,0.337285,9.20760,0.00070,9.256,8.961,10.144,1.59,0.22,145.9,28.2,3.9,0.592,0.144,-1.487,0.226,16,1
288.338812,11.453028,45.605614,0.415663,10.98140,0.00260,10.781,9.877,12.661,2.36,0.55,153.9,36.2,6.7,1.484,0.526,-1.918,0.566,16,1
288.340558,11.332658,45.499765,0.358319,10.51030,0.00220,10.504,9.663,12.536,2.57,0.44,164.1,46.5,4.9,2.219,0.453,-1.371,0.394,16,1
288.102136,11.152664,45.231883,0.482114,10.68010,0.00220,10.608,9.708,11.798,2.23,0.47,27.1,89.6,6.0,1.333,0.447,1.853,0.479,16,1
288.331497,11.172906,45.354110,0.292099,12.07730,0.00780,12.166,11.774,13.282,2.93,1.32,123.2,5.6,13.0,-1.283,1.145,-2.950,1.356,16,1
288.340585,11.470762,45.622132,0.422349,9.51740,0.00080,9.500,8.531,11.552,2.88,0.16,164.6,47.0,1.6,2.476,0.164,-1.474,0.137,16,1
288.804999,11.063828,45.473327,-0.170018,9.68430,0.00080,9.833,8.300,12.877,2.82,0.18,38.8,101.1,1.8,0.603,0.195,2.762,0.181,16,1
288.102710,11.118731,45.202068,0.465900,9.71730,0.00110,9.572,7.739,12.166,1.19,0.26,11.3,73.7,6.3,1.125,0.248,0.470,0.331,16,1
288.344026,11.835244,45.946621,0.588402,8.21290,0.00030,8.284,7.610,9.759,0.70,0.16,70.3,132.6,6.6,-0.557,0.134,0.459,0.198,16,1
288.344769,11.253549,45.431594,0.317969,11.26930,0.00310,11.308,10.691,12.809,1.57,0.61,141.3,23.6,11.2,0.366,0.660,-1.648,0.612,16,1
288.344771,11.100479,45.295985,0.246968,10.62360,0.00210,10.626,9.960,12.230,1.15,0.30,169.5,51.8,7.5,1.105,0.293,-0.426,0.335,16,1
288.336544,11.319059,45.485891,0.355499,8.97900,0.00050,9.045,8.754,9.959,1.46,0.18,156.9,39.3,3.5,1.016,0.155,-1.058,0.196,16,1
287.903889,11.296283,45.269199,0.720959,8.83760,0.00060,8.815,8.250,10.237,0.71,0.24,92.4,154.8,9.5,-0.748,0.237,-0.062,0.242,16,1
288.103543,10.952881,45.055452,0.388364,12.07190,0.00670,12.019,11.331,13.609,3.50,1.23,5.3,67.7,10.0,3.648,1.225,0.680,1.250,16,1
288.341589,10.814536,45.041212,0.117104,11.18120,0.00680,11.212,10.025,13.664,2.17,0.87,55.0,117.3,11.5,-0.798,0.888,2.198,0.868,16,1
287.912281,11.463010,45.420840,0.790778,9.73900,0.00090,9.841,9.115,11.459,1.05,0.18,55.0,117.5,4.8,-0.367,0.187,1.002,0.175,16,1
287.916945,11.090809,45.092940,0.614561,11.67930,0.00620,11.649,10.892,13.459,3.35,1.57,7.7,70.1,13.4,3.570,1.568,0.977,1.622,16,1
288.777528,11.115404,45.506443,-0.122163,12.06620,0.00720,12.024,11.647,13.169,2.94,1.01,177.1,59.4,9.8,3.097,1.009,-0.315,1.182,16,1
288.060509,11.249925,45.299183,0.563344,9.66600,0.00090,9.669,9.367,10.533,0.52,0.18,59.1,121.5,10.1,-0.259,0.197,0.483,0.179,16,1
288.061275,11.835260,45.818404,0.833654,10.90760,0.00240,10.901,10.505,12.086,1.19,0.59,6.2,68.6,14.3,1.296,0.592,0.284,0.591,16,1
288.350533,11.284890,45.461982,0.327498,12.09690,0.00730,12.108,11.678,13.221,2.38,1.09,121.2,3.6,13.1,-1.215,1.229,-2.322,1.047,16,1
287.932647,11.324093,45.306902,0.708821,9.96500,0.00120,9.949,9.544,11.018,1.28,0.47,92.9,155.4,10.5,-1.359,0.469,-0.139,0.458,16,1
287.932667,11.372527,45.349855,0.731209,11.87750,0.00670,11.841,11.490,12.840,2.09,1.03,110.9,173.4,14.1,-1.738,1.015,-1.555,1.048,16,1
288.063813,11.133305,45.197312,0.506476,12.45160,0.01170,12.430,11.799,13.963,4.43,1.54,25.3,87.7,10.0,2.977,1.552,3.623,1.533,16,1
288.353406,11.735993,45.862944,0.534236,11.79190,0.00530,11.803,11.207,13.249,1.75,0.85,16.7,79.0,13.8,1.625,0.873,1.068,0.780,16,1
287.934897,11.463907,45.431888,0.771542,10.49110,0.00170,10.505,9.994,11.933,0.77,0.29,91.3,153.7,10.8,-0.826,0.291,-0.037,0.289,16,1
288.787095,10.975602,45.387052,-0.195502,11.68740,0.00500,11.686,10.521,14.191,3.31,0.77,40.1,102.4,6.6,0.580,0.858,3.343,0.764,16,1
288.788657,11.746995,46.070625,0.161960,10.07600,0.00170,10.039,9.113,12.192,2.52,0.30,21.2,83.5,3.4,1.875,0.318,1.710,0.281,16,1
288.070488,10.954283,45.041665,0.417777,8.87230,0.00040,8.890,8.628,9.772,0.46,0.20,31.5,93.9,12.1,0.227,0.193,0.446,0.196,16,1
288.357419,11.134166,45.331586,0.251599,10.27750,0.00150,10.252,9.239,12.787,4.16,0.22,179.8,62.2,1.5,4.168,0.220,-0.030,0.252,16,1
288.072177,11.626955,45.638688,0.727762,8.19830,0.00020,8.314,7.886,9.495,0.55,0.13,133.5,15.9,6.7,-0.030,0.124,-0.564,0.128,16,1
288.358275,11.875440,45.988702,0.594690,10.37430,0.00170,10.340,9.702,11.904,0.57,0.23,0.9,63.3,11.7,0.619,0.234,0.020,0.209,16,1
287.936832,11.369423,45.348992,0.726153,10.67560,0.00190,10.619,9.769,12.643,1.01,0.38,51.7,114.1,10.8,-0.249,0.384,1.052,0.381,16,1
288.943115,11.198135,45.655274,-0.227456,12.17583,0.00555,12.159,11.654,13.437,2.51,1.12,29.9,92.1,11.6,1.383,1.352,2.374,1.024,32,1
288.665753,10.977966,45.333757,-0.088941,8.52760,0.00040,8.483,7.330,10.672,1.78,0.10,28.8,91.1,1.6,0.953,0.114,1.504,0.097,16,1
288.362274,11.332653,45.509637,0.339453,10.58960,0.00200,10.650,10.222,11.731,1.33,0.35,156.9,39.3,7.5,0.955,0.395,-0.995,0.296,16,1
287.829589,11.387673,45.316551,0.827811,10.80360,0.00260,10.868,10.597,11.787,0.91,0.34,65.2,127.7,10.5,-0.630,0.337,0.737,0.333,16,1
288.668456,11.846269,46.103807,0.312289,9.04290,0.00050,9.087,8.629,10.174,1.50,0.13,173.2,55.5,2.5,1.461,0.130,-0.352,0.127,16,1
288.367229,11.039887,45.252530,0.199336,10.31999,0.00120,10.361,9.247,12.750,1.38,0.54,3.3,65.6,10.4,1.471,0.539,0.169,0.371,32,1
288.367245,11.775655,45.904368,0.540629,12.28240,0.00810,12.216,11.283,14.532,4.65,1.35,20.3,82.7,8.3,3.677,1.211,3.153,1.523,16,1
287.916306,11.510554,45.464821,0.809271,7.42860,0.00020,7.578,7.135,8.837,0.89,0.27,78.5,141.0,8.8,-0.852,0.270,0.361,0.275,16,1
287.920741,11.383196,45.353906,0.746510,10.41200,0.00140,10.439,9.676,12.122,1.15,0.23,38.3,100.8,5.7,0.271,0.237,1.138,0.228,16,1
288.808315,11.061264,45.472571,-0.174092,10.81760,0.00310,10.785,9.482,13.526,2.71,0.48,38.0,100.3,5.1,0.668,0.522,2.672,0.478,16,1
288.671930,11.039824,45.391346,-0.065558,10.84153,0.00218,10.781,9.533,13.554,1.56,0.35,138.9,21.2,6.2,0.218,0.350,-1.579,0.348,32,1
288.368509,11.935244,46.046332,0.613556,11.54268,0.00466,11.490,10.785,13.280,3.18,0.90,26.6,89.0,7.8,1.977,0.865,2.643,0.912,32,1
288.949157,11.215943,45.673793,-0.224409,11.92360,0.00490,11.905,10.274,15.331,2.49,0.96,8.7,71.0,11.0,2.543,0.918,0.799,1.294,16,1
287.922935,11.108046,45.110942,0.617324,9.40990,0.00100,9.426,8.522,11.230,1.90,0.25,31.1,93.6,3.8,0.892,0.254,1.692,0.251,16,1
287.925191,11.438817,45.405241,0.768370,9.20970,0.00060,9.215,8.773,10.462,0.93,0.28,84.0,146.4,8.8,-0.951,0.285,0.203,0.287,16,1
287.927331,11.295026,45.278719,0.699997,11.37370,0.00560,11.330,10.961,12.254,2.04,0.95,99.6,162.0,13.4,-2.126,0.955,-0.736,0.953,16,1
288.821478,11.274189,45.667058,-0.086462,9.14360,0.00080,9.193,8.154,11.347,1.74,0.15,28.4,90.7,2.5,0.955,0.167,1.461,0.145,16,1
288.821652,11.170781,45.575603,-0.134725,10.78910,0.00420,10.944,9.797,13.293,1.80,0.63,36.4,98.7,10.0,0.566,0.767,1.826,0.618,16,1
288.821654,11.279325,45.671684,-0.084226,10.46430,0.00260,10.479,9.556,12.550,2.46,0.62,37.2,99.4,7.2,0.686,0.681,2.441,0.616,16,1
287.929085,11.065287,45.075823,0.592192,10.28090,0.00180,10.212,9.307,11.725,1.41,0.56,28.6,91.1,11.4,0.822,0.545,1.278,0.567,16,1
288.325722,11.298442,45.462704,0.355339,10.42020,0.00180,10.446,10.017,11.603,1.35,0.23,138.1,20.5,4.9,0.150,0.237,-1.367,0.233,16,1
288.698820,11.593699,45.893999,0.168563,9.18460,0.00060,9.185,8.285,11.283,2.84,0.10,166.5,48.8,1.0,2.531,0.095,-1.289,0.096,16,1
288.328217,11.141643,45.324920,0.280451,10.88020,0.00240,10.890,9.767,13.285,2.14,0.32,177.3,59.7,4.3,2.158,0.323,-0.204,0.321,16,1
288.778417,11.330218,45.697012,-0.023019,10.18270,0.00180,10.302,9.917,11.262,0.79,0.33,49.0,111.3,12.0,-0.120,0.379,0.847,0.330,16,1
288.779316,11.158490,45.545401,-0.103676,10.76580,0.00200,10.744,9.710,12.994,1.39,0.36,5.0,67.3,7.4,1.418,0.363,0.251,0.327,16,1
288.780073,11.706943,46.031260,0.150770,11.07707,0.00250,11.085,10.909,11.511,0.75,0.37,125.1,7.4,12.7,-0.284,0.348,-0.786,0.374,32,1
288.334126,11.240382,45.415087,0.321110,12.20210,0.00790,12.264,11.778,13.550,2.42,1.16,124.2,6.6,13.7,-0.988,1.264,-2.495,1.139,16,1
288.334148,11.142544,45.328417,0.275713,12.21990,0.00900,12.296,12.028,12.564,3.14,1.27,0.9,63.3,11.6,3.386,1.268,0.110,1.214,16,1
288.958205,11.183535,45.649246,-0.247355,9.16660,0.00050,9.202,8.588,10.688,1.42,0.12,21.6,83.8,2.5,1.039,0.121,0.973,0.128,16,1
288.785462,11.054442,45.456099,-0.157411,7.83800,0.00020,7.833,6.859,9.645,0.87,0.13,23.8,86.1,4.4,0.597,0.143,0.653,0.125,16,1
288.703231,10.895820,45.278130,-0.159705,11.58388,0.00262,11.504,10.323,14.266,4.31,0.53,45.1,107.4,3.5,-0.015,0.528,4.345,0.531,32,1
288.787949,11.127978,45.522331,-0.125366,9.09380,0.00050,9.155,7.947,11.773,2.75,0.10,18.2,80.4,1.1,2.217,0.103,1.630,0.104,16,1
288.788720,10.957484,45.371755,-0.205342,11.62280,0.00500,11.618,10.354,14.328,3.39,0.85,52.7,115.0,7.2,-0.932,0.722,3.371,0.856,16,1
288.703703,11.623467,45.922579,0.178167,10.01420,0.00140,10.031,8.861,12.591,2.52,0.30,179.2,61.5,3.4,2.532,0.301,-0.069,0.307,16,1
288.704602,11.838416,46.113298,0.277316,11.85110,0.00650,11.864,11.467,12.909,3.07,1.19,12.2,74.5,11.1,2.996,1.178,1.356,1.222,16,1
288.770969,11.042979,45.439335,-0.150150,9.14305,0.00050,9.220,8.642,10.556,0.90,0.17,24.4,86.7,5.2,0.606,0.145,0.691,0.182,32,1
287.914353,11.188655,45.178517,0.662077,9.82666,0.00112,9.881,9.176,11.586,0.85,0.32,28.0,90.4,10.2,0.507,0.322,0.749,0.322,32,1
288.704875,11.671165,45.965343,0.199326,11.39200,0.00480,11.437,10.885,12.870,1.84,0.81,16.5,78.8,12.5,1.689,0.848,1.096,0.699,16,1
288.341641,11.801362,45.915518,0.574757,10.84564,0.00187,10.902,10.512,12.071,0.89,0.33,29.5,91.8,10.0,0.488,0.331,0.810,0.329,32,1
288.341651,11.681258,45.809111,0.519048,9.73140,0.00100,9.772,9.365,11.037,1.08,0.17,4.8,67.2,4.4,1.080,0.164,0.183,0.213,16,1
288.343327,11.111175,45.304804,0.253185,10.78600,0.00240,10.764,10.297,12.177,1.68,0.37,159.1,41.5,6.4,1.281,0.362,-1.142,0.385,16,1
288.602640,11.820215,46.050803,0.357223,10.54410,0.00200,10.524,9.698,12.605,2.12,0.33,6.8,69.2,4.5,2.083,0.335,0.507,0.325,16,1
288.603515,11.528398,45.792785,0.220891,11.65440,0.00610,11.489,10.770,13.058,2.63,0.91,173.6,55.9,9.9,2.714,0.897,-0.615,1.055,16,1
287.920376,11.412764,45.379957,0.760504,8.65890,0.00040,8.731,8.070,10.121,0.89,0.42,69.3,131.8,13.6,-0.739,0.427,0.649,0.418,16,1
288.344220,11.330084,45.499150,0.353944,9.14480,0.00060,9.110,8.143,11.196,2.34,0.19,160.6,43.0,2.4,1.834,0.172,-1.473,0.223,16,1
288.344977,11.047437,45.249087,0.222186,10.16410,0.00099,10.223,9.931,11.159,0.89,0.22,154.1,36.5,7.0,0.569,0.205,-0.721,0.236,32,1
288.605373,10.890892,45.229107,-0.076910,10.91538,0.00159,10.958,10.166,12.793,2.21,0.34,8.0,70.4,4.3,2.149,0.336,0.617,0.355,48,1
288.800093,10.974650,45.392145,-0.207240,12.08160,0.00730,12.088,11.531,13.410,3.55,1.07,2.7,65.0,8.7,3.692,1.073,0.351,1.165,16,1
288.346673,11.329847,45.500056,0.351704,11.12310,0.00330,11.086,10.400,12.944,1.82,0.47,163.3,45.6,7.3,1.566,0.483,-1.034,0.420,16,1
288.716569,10.998932,45.375509,-0.123361,11.00660,0.00270,11.016,10.175,12.855,1.84,0.55,33.6,95.9,8.5,0.744,0.543,1.773,0.550,16,1
288.716571,11.768880,46.057180,0.234615,11.02010,0.00400,10.956,9.807,13.436,1.78,0.64,19.2,81.5,10.3,1.483,0.677,1.175,0.578,16,1
287.924404,11.193308,45.187204,0.655488,11.84336,0.00655,11.834,11.442,13.059,3.65,1.39,78.9,141.4,10.2,-3.612,1.382,1.472,1.415,32,1
287.926088,11.276770,45.261968,0.692632,10.68840,0.00240,10.646,9.934,12.224,1.19,0.55,26.7,89.1,13.2,0.785,0.546,1.054,0.555,16,1
288.351628,11.724210,45.851697,0.530314,11.93410,0.01010,11.779,10.950,13.119,3.04,0.97,17.9,80.3,9.2,2.585,0.962,1.865,0.989,16,1
288.609725,11.835461,46.067526,0.358165,11.08990,0.00340,11.121,10.724,12.238,1.34,0.64,167.2,49.5,13.6,1.344,0.640,-0.644,0.644,16,1
288.610578,11.439360,45.717155,0.173395,12.12900,0.00790,12.122,11.186,14.337,4.75,1.07,154.2,36.6,6.5,3.030,1.129,-3.811,1.036,16,1
287.928225,11.474224,45.438011,0.782111,10.50450,0.00240,10.547,10.290,11.268,0.99,0.49,84.7,147.2,14.1,-1.086,0.488,0.202,0.475,16,1
287.928685,11.424350,45.393998,0.758642,12.37310,0.00910,12.300,11.966,13.192,2.91,1.45,79.8,142.2,14.2,-3.043,1.445,1.134,1.447,16,1
288.355020,11.840638,45.956390,0.581371,10.79240,0.00250,10.679,9.770,12.729,1.49,0.34,23.9,86.3,6.5,1.029,0.316,1.135,0.360,16,1
288.615216,11.642098,45.898795,0.263567,11.89033,0.00361,11.919,11.386,13.258,2.97,0.82,171.8,54.1,7.6,2.955,0.815,-0.869,0.822,48,1
288.667584,10.964724,45.322868,-0.096687,9.72840,0.00080,9.670,8.700,11.865,1.20,0.17,6.9,69.2,4.0,1.174,0.166,0.288,0.170,16,1
288.668492,11.126719,45.466716,-0.022182,10.17940,0.00120,10.206,9.746,11.453,0.94,0.19,178.3,60.6,5.9,0.954,0.192,-0.056,0.218,16,1
288.670274,11.746943,46.016687,0.264548,9.69480,0.00100,9.496,7.364,12.430,4.98,0.20,29.7,92.0,1.2,2.531,0.184,4.291,0.206,16,1
288.822916,11.150781,45.558476,-0.145128,10.49370,0.00160,10.574,10.037,12.044,1.36,0.29,11.4,73.7,6.1,1.286,0.280,0.540,0.356,16,1
288.362327,11.305817,45.485887,0.326959,10.77270,0.00240,10.760,9.782,13.008,4.20,0.34,170.7,53.1,2.3,3.992,0.337,-1.345,0.399,16,1
288.620808,11.120973,45.439884,0.016577,10.80570,0.00210,10.811,10.456,11.787,1.93,0.61,23.9,86.2,9.1,1.362,0.564,1.500,0.653,16,1
288.621764,11.353173,45.645931,0.123639,9.65801,0.00077,9.754,9.387,10.709,0.66,0.21,152.3,34.7,8.8,0.395,0.202,-0.572,0.220,32,1
288.676396,11.362815,45.679361,0.080694,8.04530,0.00030,8.133,7.675,9.405,0.60,0.08,2.9,65.2,3.9,0.607,0.083,0.062,0.095,16,1
288.736235,11.661712,45.971253,0.167740,10.59080,0.00240,10.611,9.508,13.070,3.66,0.59,10.4,72.7,4.6,3.467,0.587,1.319,0.611,16,1
288.737933,11.774588,46.071957,0.218755,9.72950,0.00110,9.752,9.403,10.721,0.80,0.21,11.3,73.6,7.7,0.760,0.205,0.317,0.249,16,1
288.622678,11.028406,45.358770,-0.028060,10.07640,0.00120,10.146,9.800,11.125,0.69,0.23,159.8,42.1,9.6,0.557,0.251,-0.474,0.204,16,1
288.623654,11.830880,46.069804,0.343964,11.04524,0.00250,11.066,10.337,12.922,2.36,0.48,164.3,46.7,5.7,2.060,0.480,-1.255,0.494,32,1
287.906138,11.297437,45.271243,0.719537,7.77470,0.00020,7.753,6.899,9.415,0.78,0.16,66.1,128.6,6.0,-0.533,0.161,0.587,0.166,16,1
288.369006,11.677108,45.817860,0.493391,11.68350,0.00660,11.706,11.059,13.253,1.74,0.84,161.6,43.9,13.9,1.544,0.862,-1.157,0.802,16,1
288.739710,11.255394,45.613119,-0.024215,11.80450,0.00550,11.794,10.784,14.230,2.03,0.72,170.5,52.7,10.2,2.034,0.722,-0.704,0.736,16,1
288.780161,11.138214,45.527837,-0.113840,9.32700,0.00060,9.398,9.013,10.436,0.38,0.11,162.5,44.8,8.4,0.324,0.101,-0.226,0.131,16,1
288.781097,11.765164,46.083267,0.176963,11.08532,0.00256,11.081,9.854,13.717,1.18,0.39,15.7,78.0,9.0,1.057,0.348,0.644,0.475,32,1
288.369861,11.983038,46.089290,0.634552,9.25990,0.00070,9.207,8.320,11.144,2.61,0.15,42.7,105.1,1.7,0.207,0.151,2.610,0.151,16,1
288.629524,10.984406,45.322931,-0.054456,12.11420,0.00810,12.163,11.770,13.253,4.51,1.19,177.3,59.6,7.5,4.641,1.187,-0.441,1.098,16,1
288.784693,10.900266,45.319264,-0.228456,10.53121,0.00151,10.579,9.343,13.303,2.17,0.36,42.1,104.4,4.8,0.223,0.438,2.185,0.364,32,1
288.691677,11.238579,45.576329,0.009676,10.42970,0.00170,10.321,8.983,13.119,2.96,0.30,128.5,10.8,2.9,-0.671,0.291,-2.903,0.296,16,1
288.692480,11.648855,45.939947,0.199702,10.17526,0.00141,10.285,9.425,12.309,1.95,0.32,175.2,57.5,4.7,1.952,0.325,-0.333,0.268,32,1
288.375806,11.467089,45.634889,0.390065,10.25810,0.00180,10.269,9.669,11.933,2.47,0.29,0.7,63.1,3.4,2.486,0.290,0.064,0.296,16,1
288.787988,10.952964,45.367420,-0.206808,10.83070,0.00240,10.820,10.130,12.565,1.18,0.53,37.3,99.6,12.9,0.345,0.588,1.249,0.528,16,1
288.701218,11.115081,45.471338,-0.056023,8.75420,0.00040,8.755,8.133,10.220,0.86,0.09,177.1,59.4,3.0,0.859,0.091,-0.087,0.113,16,1
288.750524,10.992263,45.385104,-0.155971,11.78180,0.00580,11.767,10.918,13.476,3.76,0.97,30.3,92.5,7.4,1.911,1.054,3.378,0.949,16,1
288.323275,11.548447,45.683093,0.473404,12.03860,0.00900,12.080,11.140,14.220,3.69,1.60,1.3,63.7,12.4,4.015,1.601,0.182,1.758,16,1
288.324083,11.140951,45.322426,0.283723,10.01720,0.00120,10.035,9.589,11.279,0.66,0.20,163.0,45.4,8.7,0.574,0.193,-0.387,0.218,16,1
288.324878,11.919538,46.012618,0.644093,10.66286,0.00212,10.695,10.211,12.045,0.83,0.28,172.4,54.9,9.3,0.845,0.281,-0.228,0.305,32,1
288.754747,11.697325,46.011212,0.168251,9.94930,0.00120,10.007,9.671,10.986,1.22,0.26,169.4,51.7,6.1,1.159,0.258,-0.447,0.279,16,1
288.642313,11.163142,45.487028,0.017489,11.76460,0.00500,11.878,11.573,12.394,1.67,0.61,164.2,46.5,10.5,1.514,0.613,-0.928,0.613,16,1
287.927999,11.140240,45.141784,0.627812,8.71850,0.00050,8.691,7.811,10.353,1.00,0.23,30.9,93.4,6.5,0.483,0.220,0.902,0.228,16,1
288.795799,11.246376,45.630722,-0.077108,10.01900,0.00180,10.105,9.473,11.599,1.14,0.37,11.7,73.9,9.3,1.103,0.377,0.476,0.327,16,1
288.325740,11.952866,46.042539,0.658800,11.72958,0.00548,11.765,11.425,12.774,2.58,0.81,172.5,54.9,8.6,2.609,0.806,-0.696,0.820,32,1
288.325755,11.717006,45.833565,0.549417,8.38060,0.00030,8.472,8.029,9.592,1.16,0.16,173.7,56.0,3.9,1.146,0.156,-0.258,0.184,16,1
288.327376,11.584739,45.717111,0.486674,7.88700,0.00030,7.843,7.317,9.344,0.97,0.18,154.5,36.9,5.4,0.625,0.186,-0.770,0.183,16,1
287.938108,11.312339,45.298958,0.698636,10.28520,0.00230,10.274,9.861,11.325,0.99,0.35,85.0,147.5,10.0,-1.036,0.347,0.182,0.342,16,1
288.756633,11.217835,45.587588,-0.056376,8.03570,0.00030,8.119,7.069,10.365,1.35,0.13,68.0,130.3,2.8,-0.975,0.137,0.939,0.127,16,1
288.757236,11.153725,45.531108,-0.086715,10.34830,0.00170,10.461,10.135,11.373,0.77,0.24,144.4,26.7,9.0,0.259,0.313,-0.759,0.229,16,1
288.649808,11.843741,46.093087,0.327274,11.45840,0.00470,11.459,10.379,13.809,3.96,1.31,16.7,79.0,9.5,3.482,1.343,2.300,1.242,16,1
288.770087,11.052543,45.447399,-0.144936,10.84097,0.00179,10.735,8.729,14.057,1.13,0.34,70.9,133.2,8.3,-0.931,0.318,0.731,0.381,32,1
288.650322,11.615603,45.891312,0.220808,11.00110,0.00290,11.061,10.401,12.855,1.27,0.51,162.2,44.5,11.4,1.110,0.506,-0.796,0.502,16,1
287.890350,11.288889,45.256502,0.729311,10.24870,0.00320,10.250,9.792,11.471,1.08,0.44,114.2,176.7,11.6,-0.773,0.437,-0.873,0.438,16,1
287.896003,11.181827,45.164136,0.674879,9.37390,0.00080,9.437,8.792,11.148,2.15,0.29,32.2,94.7,3.9,0.935,0.295,1.955,0.290,16,1
288.335891,11.904008,46.003855,0.627344,12.46250,0.01140,12.412,11.405,14.803,2.90,1.40,174.7,57.1,13.8,3.167,1.400,-0.592,1.308,16,1
288.338205,11.343564,45.508357,0.365421,10.87910,0.00360,10.990,10.133,13.007,2.25,0.72,14.7,77.0,9.2,2.058,0.692,1.158,0.822,16,1
288.338223,11.688245,45.813745,0.525263,10.47750,0.00170,10.493,9.826,12.294,1.91,0.43,14.0,76.3,6.5,1.731,0.423,0.919,0.462,16,1
288.657405,11.223976,45.547774,0.032652,10.40920,0.00200,10.446,10.129,11.387,1.15,0.28,137.9,20.2,6.9,0.120,0.254,-1.179,0.277,16,1
288.812315,11.183140,45.582281,-0.120867,8.41870,0.00030,8.505,7.548,10.349,1.81,0.12,18.7,81.0,1.9,1.445,0.121,1.105,0.114,16,1
288.338239,11.715653,45.838035,0.537960,8.88220,0.00050,8.904,8.486,10.132,0.95,0.16,1.0,63.4,4.8,0.959,0.157,0.034,0.179,16,1
288.715752,11.717156,46.011013,0.211277,10.74410,0.00250,10.711,9.670,12.981,2.53,0.32,6.4,68.7,3.6,2.489,0.315,0.567,0.317,16,1
288.716642,11.856404,46.134703,0.275246,12.06820,0.00770,12.031,10.993,14.252,7.15,1.93,21.2,83.5,7.7,5.469,1.985,4.988,1.849,16,1
287.907066,11.378810,45.343816,0.756367,12.30770,0.00850,12.257,11.919,13.248,2.59,1.10,96.4,158.9,12.2,-2.743,1.102,-0.627,1.134,16,1
287.908051,11.196405,45.182529,0.671143,11.88539,0.00558,11.960,11.577,13.020,4.74,1.62,6.7,69.2,9.3,4.873,1.620,1.168,1.593,32,1
288.660582,11.005055,45.355383,-0.071856,9.45700,0.00070,9.476,9.186,10.352,0.44,0.11,138.6,20.9,7.3,0.058,0.136,-0.453,0.112,16,1
287.918318,11.101650,45.103175,0.618382,10.96230,0.00300,10.887,10.100,12.680,3.35,1.11,36.4,98.9,9.5,1.043,1.105,3.374,1.108,16,1
287.919571,11.142608,45.140058,0.636238,8.72560,0.00050,8.787,8.121,10.252,0.71,0.18,51.6,114.1,7.2,-0.169,0.179,0.714,0.179,16,1
287.919584,11.525809,45.479834,0.813479,10.43460,0.00230,10.485,9.775,12.176,2.10,0.98,179.8,62.3,13.4,2.321,0.981,-0.015,1.003,16,1
288.668567,11.867578,46.122726,0.322096,11.15710,0.00360,11.105,9.415,14.658,5.16,0.76,19.3,81.6,4.2,4.075,0.775,3.249,0.739,16,1
288.669412,11.824692,46.085137,0.301432,11.93800,0.00720,11.895,11.026,14.219,3.47,1.67,172.8,55.1,13.7,3.732,1.666,-0.954,1.672,16,1
288.351175,11.905162,46.011813,0.614630,9.61960,0.00090,9.637,8.895,11.246,1.11,0.13,178.2,60.5,3.4,1.115,0.133,-0.072,0.143,16,1
288.776765,11.275972,45.648238,-0.046816,9.05930,0.00070,9.138,8.634,10.495,0.70,0.15,28.7,91.0,6.1,0.387,0.148,0.606,0.151,16,1
288.776812,10.917155,45.330616,-0.213750,12.16580,0.00970,12.111,10.784,14.715,4.95,1.80,40.4,102.7,10.4,0.843,1.514,5.199,1.808,16,1
288.777669,11.731133,46.051580,0.164105,9.76255,0.00078,9.868,9.765,10.069,0.56,0.15,134.2,16.6,7.2,-0.015,0.144,-0.581,0.146,32,1
288.672054,11.300315,45.622044,0.055413,8.96800,0.00050,8.908,7.794,11.258,0.91,0.21,2.3,64.6,6.6,0.933,0.212,0.075,0.204,16,1
288.352203,11.028375,45.235490,0.207061,11.90450,0.00570,11.934,10.831,14.380,3.96,0.91,172.1,54.4,6.5,3.913,0.899,-1.112,0.990,16,1
288.352237,11.099672,45.298668,0.240103,10.74770,0.00210,10.742,10.055,12.474,1.48,0.29,153.5,35.8,5.7,0.907,0.302,-1.208,0.289,16,1
288.353513,10.821696,45.052988,0.110049,11.03550,0.00570,11.002,9.733,13.735,2.82,0.95,168.9,51.3,9.6,2.757,0.959,-1.122,0.874,16,1
287.925371,11.104860,45.109223,0.613731,9.32610,0.00070,9.335,8.691,10.864,0.97,0.24,12.4,74.8,7.2,0.906,0.243,0.418,0.246,16,1
288.672959,10.932363,45.296668,-0.116401,11.71020,0.00520,11.673,10.714,13.834,2.10,0.92,8.1,70.4,12.5,2.202,0.925,0.643,0.819,16,1
288.673857,11.368467,45.683208,0.085525,9.41370,0.00090,9.448,8.791,11.058,1.00,0.15,19.9,82.2,4.3,0.774,0.154,0.646,0.145,16,1
288.859014,11.213628,45.630583,-0.147229,11.72530,0.00740,11.713,10.636,14.272,3.71,1.51,37.7,99.9,11.7,1.016,1.408,3.877,1.518,16,1
287.928334,11.496880,45.458149,0.792496,10.13220,0.00127,10.252,9.706,11.587,0.81,0.31,71.4,133.8,10.3,-0.688,0.317,0.524,0.304,32,1
288.783884,11.780735,46.098320,0.181790,11.22708,0.00288,11.196,10.149,13.507,1.26,0.51,16.5,78.8,10.7,1.139,0.513,0.741,0.502,32,1
288.359524,11.208642,45.398523,0.284317,12.36440,0.00990,12.152,11.043,14.595,3.66,1.44,159.2,41.6,11.3,2.944,1.365,-2.607,1.529,16,1
288.360200,11.299964,45.479734,0.326091,11.95650,0.00650,11.907,11.000,14.050,4.58,0.88,162.8,45.1,5.5,3.849,0.866,-2.638,0.917,16,1
288.360821,11.475379,45.635421,0.406921,10.45460,0.00170,10.427,9.166,13.075,1.60,0.23,0.8,63.2,4.1,1.613,0.229,0.046,0.231,16,1
288.736346,10.957761,45.348087,-0.159693,10.60000,0.00200,10.618,10.294,11.638,1.09,0.43,18.6,80.9,11.4,0.930,0.465,0.707,0.369,16,1
288.369927,11.607509,45.756618,0.460307,11.18490,0.00470,11.111,10.075,13.599,3.44,0.61,9.4,71.8,5.1,3.308,0.611,1.127,0.581,16,1
288.741425,11.326820,45.677135,0.007510,8.30710,0.00040,8.370,7.939,9.522,1.02,0.13,9.7,72.0,3.7,0.975,0.136,0.344,0.108,16,1
288.741429,11.323633,45.674315,0.006025,7.96020,0.00040,8.024,7.419,9.467,0.82,0.10,13.5,75.8,3.5,0.739,0.097,0.376,0.108,16,1
288.682635,11.808904,46.077174,0.282634,11.94288,0.00626,11.966,11.501,13.203,2.24,1.03,160.2,42.5,12.0,1.896,1.026,-1.570,1.038,32,1
288.682649,11.821626,46.088444,0.288535,12.24140,0.00990,12.201,11.251,14.428,4.60,1.50,14.2,76.5,9.4,4.257,1.497,2.307,1.534,16,1
288.684424,11.108084,45.457483,-0.044685,10.84440,0.00250,10.774,10.212,12.155,0.91,0.35,12.1,74.4,10.9,0.892,0.326,0.400,0.434,16,1
288.370279,11.975501,46.082802,0.630694,11.09260,0.00360,11.075,10.742,11.888,0.97,0.46,173.9,56.3,13.5,1.052,0.458,-0.227,0.465,16,1
288.375990,11.062422,45.276482,0.202173,10.93570,0.00260,11.005,9.251,14.196,1.40,0.62,177.0,59.4,12.6,1.523,0.619,-0.159,0.560,16,1
288.745657,10.969852,45.363042,-0.162163,9.85480,0.00090,9.843,9.106,11.537,1.32,0.41,21.6,83.9,8.8,1.009,0.394,0.946,0.418,16,1
288.692519,11.703816,45.988626,0.225217,11.79980,0.00710,11.748,10.495,14.593,1.77,0.88,5.1,67.4,14.2,1.943,0.875,0.353,0.892,16,1
288.700443,11.595911,45.896697,0.168184,11.21130,0.00500,11.175,10.391,13.137,1.67,0.82,164.7,47.0,14.1,1.605,0.849,-0.950,0.750,16,1
288.700455,10.930068,45.307185,-0.141371,10.76360,0.00210,10.756,9.600,13.337,3.19,0.46,31.6,93.9,4.1,1.456,0.391,2.878,0.478,16,1
288.373882,10.841357,45.079686,0.101447,10.76550,0.00470,10.785,10.443,11.797,2.23,1.05,167.7,50.0,13.5,2.235,1.068,-1.028,0.943,16,1
288.372515,11.162915,45.363925,0.251815,10.10020,0.00130,10.110,9.566,11.578,1.01,0.28,156.9,39.3,8.0,0.724,0.290,-0.754,0.271,16,1
288.749987,11.014127,45.404215,-0.145337,9.76650,0.00100,9.811,9.195,11.454,0.99,0.21,26.5,88.8,6.0,0.607,0.199,0.808,0.214,16,1
288.751274,10.912804,45.315102,-0.193574,11.89670,0.00580,11.949,10.886,14.429,3.36,0.87,40.4,102.7,7.5,0.552,0.968,3.428,0.872,16,1
288.363385,11.334891,45.512125,0.339526,12.24540,0.00910,12.262,11.291,14.411,4.65,1.38,174.5,56.9,8.5,4.760,1.376,-0.917,1.465,16,1
288.363564,11.442483,45.607525,0.389280,10.66170,0.00220,10.711,10.280,11.831,3.02,0.43,163.0,45.4,4.0,2.529,0.461,-1.703,0.337,16,1
288.364102,11.025704,45.238541,0.195475,11.63990,0.00430,11.647,10.663,13.899,3.67,0.71,160.3,42.7,5.5,2.894,0.707,-2.370,0.706,16,1
288.756660,11.198573,45.570548,-0.065357,8.16552,0.00044,8.321,7.616,9.884,0.68,0.14,50.8,113.1,5.8,-0.139,0.136,0.680,0.140,32,1
287.909033,11.447123,45.405280,0.786253,8.73190,0.00040,8.782,8.371,10.003,0.57,0.10,86.2,148.7,5.2,-0.570,0.102,0.075,0.102,16,1
287.912697,11.341034,45.312874,0.734000,8.11935,0.00028,8.055,7.555,9.317,0.31,0.12,88.5,150.9,10.5,-0.337,0.124,0.018,0.121,32,1
288.323300,11.326167,45.486166,0.370301,10.56310,0.00190,10.555,9.654,12.750,2.19,0.34,156.0,38.4,4.5,1.485,0.342,-1.652,0.347,16,1
288.837041,10.967939,45.403080,-0.242471,9.74940,0.00090,9.734,8.919,11.583,0.95,0.20,44.1,106.4,5.9,0.030,0.171,0.969,0.195,16,1
288.837926,11.278257,45.678164,-0.098848,11.05200,0.00430,11.024,10.636,12.047,1.45,0.54,23.5,85.7,10.7,1.056,0.536,1.130,0.543,16,1
288.710257,11.723427,46.014064,0.218956,10.78480,0.00290,10.778,10.411,11.730,1.85,0.74,177.7,60.0,11.6,1.986,0.746,-0.160,0.641,16,1
288.325825,10.963413,45.165928,0.199870,8.35410,0.00030,8.301,7.025,11.109,2.66,0.09,165.2,47.5,1.0,2.316,0.091,-1.318,0.096,16,1
288.761746,10.891301,45.300848,-0.212678,12.34090,0.00743,12.440,11.898,13.797,3.69,1.05,57.5,119.8,7.9,-1.621,1.043,3.480,1.057,48,1
288.761747,10.891068,45.300642,-0.212787,12.35646,0.00502,12.440,11.898,13.797,1.55,0.74,34.1,96.4,12.4,0.636,0.734,1.593,0.745,64,1
288.761758,10.933019,45.337785,-0.193286,11.17516,0.00225,11.236,10.316,13.346,2.05,0.50,36.3,98.6,6.8,0.631,0.553,2.009,0.491,32,1
288.761832,11.263428,45.630321,-0.039686,10.41370,0.00150,10.435,9.688,12.339,1.68,0.32,20.7,83.0,5.4,1.283,0.323,1.134,0.305,16,1
288.761956,11.004787,45.401410,-0.160081,9.68510,0.00081,9.725,8.384,12.469,1.28,0.15,29.9,92.2,3.2,0.648,0.155,1.110,0.142,32,1
287.921408,11.112111,45.113853,0.620533,10.15030,0.00170,10.094,9.201,12.074,2.22,0.42,17.2,79.6,5.4,1.869,0.420,1.276,0.411,16,1
288.710977,11.655267,45.954045,0.186644,10.65603,0.00196,10.683,9.547,13.243,3.18,0.31,11.0,73.3,2.8,2.965,0.311,1.204,0.306,32,1
288.711014,11.863753,46.138649,0.283539,12.24200,0.00870,12.275,11.827,13.501,5.06,1.81,11.8,74.1,10.2,4.928,1.814,2.150,1.786,16,1
288.762122,11.720283,46.034894,0.172535,11.83410,0.00710,11.898,11.157,13.673,2.27,0.91,46.0,108.3,11.5,-0.089,0.943,2.440,0.911,16,1
288.331678,11.908121,46.005587,0.632904,11.69080,0.00560,11.683,10.868,13.514,1.96,0.70,18.3,80.6,10.2,1.674,0.675,1.241,0.741,16,1
288.762961,11.714557,46.030207,0.169145,11.95070,0.00760,11.941,10.920,14.410,2.62,0.99,174.9,57.2,10.9,2.760,0.994,-0.498,1.019,16,1
288.852231,11.092873,45.520603,-0.197533,8.65140,0.00040,8.645,8.273,9.440,0.57,0.15,1.6,63.9,7.8,0.588,0.155,0.033,0.092,16,1
287.928081,11.316212,45.297843,0.709145,11.61430,0.00850,11.438,10.679,13.087,2.37,1.14,33.4,95.9,13.8,1.033,1.129,2.415,1.141,16,1
288.685690,11.786758,46.058955,0.269692,11.81180,0.00800,11.703,10.623,14.364,3.77,1.20,35.3,97.6,9.1,1.310,1.242,3.740,1.199,16,1
288.334222,11.795784,45.907208,0.578605,9.44105,0.00060,9.495,8.727,11.309,0.72,0.18,10.4,72.7,7.1,0.692,0.176,0.262,0.225,32,1
288.334272,11.219274,45.396453,0.311193,11.64810,0.00490,11.694,10.712,13.739,1.89,0.66,172.9,55.3,10.0,1.936,0.655,-0.490,0.702,16,1
288.335899,11.701798,45.824697,0.533564,9.90670,0.00110,9.931,9.350,11.569,1.24,0.29,16.3,78.7,6.6,1.076,0.314,0.688,0.212,16,1
287.931037,11.471025,45.436449,0.778188,8.12580,0.00030,8.214,7.869,9.263,0.32,0.16,103.9,166.3,14.2,-0.315,0.157,-0.166,0.163,16,1
288.774967,11.767216,46.082292,0.183230,11.94046,0.00527,11.922,10.856,14.422,1.98,0.94,23.9,86.2,12.3,1.474,1.019,1.625,0.877,32,1
287.900999,11.447968,45.402387,0.793625,8.44050,0.00030,8.565,7.952,9.922,0.48,0.16,75.9,138.3,9.4,-0.443,0.158,0.238,0.148,16,1
288.660626,11.939387,46.182698,0.362350,9.95020,0.00085,10.028,9.324,11.729,0.57,0.20,159.4,41.7,9.5,0.454,0.200,-0.398,0.202,32,1
288.660657,11.045691,45.391398,-0.053034,12.14722,0.00587,12.086,10.527,15.448,3.09,0.85,132.5,14.8,7.6,-0.276,0.821,-3.198,0.853,32,1
288.336707,11.092129,45.284917,0.250106,10.33350,0.00160,10.385,9.302,12.687,3.74,0.20,7.1,69.4,1.6,3.632,0.205,0.913,0.205,16,1
288.337479,11.805329,45.917144,0.580206,9.80342,0.00077,9.846,9.112,11.626,0.77,0.20,35.0,97.4,7.3,0.272,0.213,0.750,0.202,32,1
288.716713,11.055572,45.425721,-0.097152,12.05040,0.00840,12.098,11.613,13.284,2.66,1.22,21.8,84.0,13.1,2.120,1.198,2.013,1.241,16,1
288.717571,11.219042,45.570839,-0.021893,12.28300,0.00970,12.459,12.029,13.591,4.72,1.94,155.8,38.1,11.8,3.387,1.764,-3.812,2.062,16,1
288.719396,11.665818,45.967220,0.184249,10.54330,0.00230,10.534,9.392,12.856,3.21,0.41,10.5,72.8,3.6,3.015,0.411,1.162,0.369,16,1
288.781217,11.714761,46.038702,0.153415,11.56214,0.00416,11.618,11.483,12.004,1.29,0.62,146.7,29.0,12.4,0.570,0.636,-1.317,0.620,32,1
288.720285,11.838641,46.120634,0.263831,11.81160,0.00610,11.753,10.632,14.277,4.07,1.54,20.9,83.2,10.8,3.237,1.535,2.900,1.536,16,1
288.721247,11.338707,45.678459,0.030553,9.80270,0.00090,9.849,9.352,11.181,0.84,0.29,6.2,68.5,10.0,0.864,0.295,0.191,0.251,16,1
288.670401,11.654654,45.935030,0.221543,10.92253,0.00253,11.040,10.655,12.177,1.83,0.39,166.7,49.0,6.0,1.675,0.395,-0.840,0.389,32,1
288.723982,11.085483,45.455519,-0.089561,10.88220,0.00250,10.850,10.367,12.134,1.54,0.41,9.3,71.6,7.7,1.514,0.389,0.507,0.584,16,1
288.303367,11.141261,45.313275,0.301875,11.23475,0.00292,11.298,10.484,13.222,1.99,0.60,2.3,64.7,8.3,2.069,0.601,0.168,0.506,32,1
288.671278,11.219483,45.550121,0.018515,10.89570,0.00270,10.902,9.557,13.871,1.98,0.55,65.3,127.6,7.9,-1.334,0.591,1.561,0.516,16,1
288.673887,11.334854,45.653461,0.069875,10.14370,0.00140,10.132,9.039,12.550,0.58,0.25,91.7,154.0,12.1,-0.631,0.246,-0.038,0.206,16,1
288.345135,11.672740,45.803147,0.512075,12.46040,0.01090,12.604,12.144,13.778,3.64,1.62,24.6,87.0,12.8,2.605,1.716,3.015,1.545,16,1
288.876808,11.225523,45.649235,-0.157142,7.66000,0.00020,7.772,6.990,9.359,1.10,0.13,13.6,75.8,3.3,0.983,0.127,0.503,0.131,16,1
288.728446,11.024815,45.403845,-0.121648,10.89100,0.00230,10.920,9.993,12.910,2.27,0.46,25.3,87.6,5.8,1.465,0.451,1.787,0.464,16,1
288.873622,11.208966,45.633126,-0.162082,10.73100,0.00320,10.778,10.482,11.819,1.31,0.56,147.8,30.1,12.2,0.617,0.521,-1.282,0.567,16,1
288.733789,11.156699,45.523043,-0.064966,9.04930,0.00050,9.121,8.587,10.556,0.35,0.12,171.2,53.5,9.8,0.353,0.120,-0.111,0.115,16,1
288.316521,11.310924,45.469578,0.369121,10.69320,0.00163,10.729,10.087,12.284,1.06,0.25,131.6,14.0,6.7,-0.128,0.257,-1.083,0.254,32,1
288.684437,11.828550,46.095388,0.290204,12.35830,0.01050,12.354,11.409,14.445,4.06,1.85,12.0,74.3,13.0,4.073,1.856,1.811,1.798,16,1
287.912520,11.534227,45.484097,0.823509,8.90840,0.00060,8.974,8.427,10.333,0.48,0.22,85.5,147.9,13.0,-0.518,0.217,0.083,0.218,16,1
287.913707,11.359783,45.329956,0.741794,12.13200,0.00890,11.943,11.247,13.618,2.21,1.09,54.4,116.8,14.1,-0.792,1.107,2.333,1.088,16,1
287.915605,11.401917,45.368176,0.759633,12.45160,0.00860,12.413,11.883,13.829,4.37,1.87,85.6,148.1,12.2,-4.702,1.869,0.721,1.899,16,1
287.917506,11.388809,45.357416,0.751918,12.00060,0.00660,12.009,11.312,13.428,1.75,0.83,176.9,59.4,13.6,1.926,0.829,-0.209,0.834,16,1
288.317047,11.894211,45.986624,0.639138,9.30440,0.00049,9.306,8.292,11.323,1.59,0.15,30.6,93.1,2.7,0.766,0.177,1.399,0.142,32,1
288.312798,11.573176,45.700243,0.493965,12.48679,0.01007,12.519,12.106,13.629,4.63,1.53,47.9,110.3,9.0,-0.497,1.430,4.856,1.536,32,1
288.475842,11.519290,45.726622,0.327453,11.28163,0.00370,11.579,9.913,14.793,2.24,0.61,61.7,124.0,7.5,-1.273,0.599,1.936,0.609,32,1
288.476133,11.229816,45.470358,0.192823,10.34125,0.00116,10.401,9.979,11.457,1.41,0.23,164.1,46.4,4.7,1.218,0.228,-0.756,0.250,32,1
288.741462,11.116042,45.490550,-0.090537,9.90500,0.00090,9.932,9.150,11.826,1.04,0.15,20.7,83.0,4.1,0.792,0.136,0.697,0.168,16,1
288.837108,11.102665,45.522365,-0.179841,11.01230,0.00250,10.968,10.643,11.864,0.73,0.36,146.0,28.3,14.3,0.305,0.430,-0.752,0.349,16,1
288.744003,11.776491,46.076405,0.214379,11.67820,0.00560,11.660,10.841,13.691,2.07,0.83,27.9,90.2,11.4,1.251,0.796,1.841,0.839,16,1
288.846089,11.121637,45.543259,-0.178814,8.28960,0.00030,8.163,7.578,9.737,0.55,0.17,21.4,83.7,8.7,0.420,0.165,0.389,0.170,16,1
288.375260,11.658373,45.804103,0.479274,11.46160,0.00500,11.518,10.832,13.254,1.95,0.74,164.9,47.3,10.9,1.803,0.763,-1.048,0.678,16,1
288.821395,10.994078,45.419071,-0.216713,12.25040,0.00730,12.055,10.719,13.589,2.48,1.21,39.8,102.1,14.0,0.497,1.235,2.716,1.213,16,1
288.711049,10.936239,45.317485,-0.147711,9.87070,0.00100,9.876,9.301,10.936,0.68,0.24,10.7,73.0,10.1,0.675,0.244,0.264,0.217,16,1
288.362968,11.407650,45.576394,0.373640,11.45510,0.00420,11.427,10.721,13.258,2.16,0.69,3.0,65.4,9.2,2.253,0.696,0.238,0.624,16,1
288.362993,11.965400,46.070547,0.632324,10.62250,0.00230,10.589,9.974,12.153,0.91,0.35,43.2,105.6,11.0,0.061,0.343,0.967,0.346,16,1
288.712237,11.316848,45.654999,0.028212,10.24480,0.00140,10.260,9.891,11.376,0.74,0.28,175.5,57.7,10.7,0.777,0.274,-0.124,0.293,16,1
288.436278,11.802889,45.959848,0.493401,12.30245,0.00693,12.323,11.727,13.764,2.76,1.05,27.9,90.3,10.2,1.654,1.048,2.442,1.047,32,1
288.438641,11.434805,45.634866,0.320532,10.63460,0.00180,10.649,9.511,13.234,3.26,0.39,170.5,52.8,3.5,3.102,0.403,-1.072,0.306,16,1
288.438661,11.522587,45.712633,0.361253,9.77880,0.00120,9.838,8.974,11.877,3.13,0.18,170.1,52.5,1.6,2.949,0.181,-1.061,0.173,16,1
288.755689,11.043212,45.432566,-0.136766,11.17121,0.00253,11.209,10.381,13.136,2.91,0.39,25.7,88.0,3.8,1.830,0.373,2.296,0.404,32,1
288.268368,11.222057,45.368942,0.369758,8.84850,0.00040,8.909,8.426,10.223,1.02,0.18,167.7,50.1,5.1,0.946,0.189,-0.433,0.153,16,1
288.364579,11.475475,45.637214,0.403703,11.38380,0.00420,11.367,10.715,13.041,3.11,0.68,10.8,73.2,6.3,2.959,0.663,1.170,0.782,16,1
287.943713,11.413802,45.391460,0.740703,11.32110,0.00350,11.322,11.186,11.615,1.17,0.58,87.5,149.9,14.2,-1.303,0.582,0.114,0.553,16,1
287.943778,11.224541,45.223688,0.653089,11.53130,0.00500,11.551,10.905,13.059,3.74,1.84,11.6,74.0,14.1,3.831,1.839,1.641,1.844,16,1
288.271843,11.545989,45.657550,0.516911,11.01100,0.00390,10.970,10.270,12.738,2.85,0.79,172.5,54.9,7.9,2.855,0.792,-0.761,0.746,16,1
288.713457,11.167049,45.522931,-0.042494,8.94130,0.00040,8.975,8.192,10.827,1.07,0.12,10.1,72.4,3.4,1.012,0.125,0.372,0.128,16,1
288.365879,11.164785,45.362562,0.258450,11.75760,0.00530,11.743,11.167,13.247,1.86,0.86,179.4,61.8,13.2,2.054,0.862,-0.042,0.769,16,1
288.443895,11.638451,45.817646,0.410483,11.38260,0.00470,11.382,10.849,12.844,1.94,0.70,8.9,71.2,10.3,1.964,0.701,0.630,0.664,16,1
288.444763,11.204109,45.433305,0.208146,12.35810,0.00860,12.191,11.147,14.675,6.32,1.61,154.4,36.7,7.3,4.085,1.695,-5.088,1.554,16,1
288.445673,11.126119,45.364638,0.171157,11.04170,0.00310,11.047,10.681,12.176,1.93,0.53,153.9,36.3,7.9,1.230,0.537,-1.583,0.530,16,1
288.763221,11.679116,45.998951,0.152437,12.08780,0.00890,12.155,11.370,14.064,3.91,1.56,3.0,65.2,11.4,4.182,1.559,0.433,1.415,16,1
288.273641,11.508065,45.624763,0.497769,10.27140,0.00200,10.351,9.850,11.686,1.08,0.46,163.8,46.2,12.1,0.989,0.473,-0.628,0.409,16,1
288.713603,11.353713,45.688260,0.044166,12.43187,0.00999,12.405,11.821,13.567,4.98,1.65,28.7,91.0,9.0,2.828,1.447,4.413,1.727,32,1
288.713712,10.905727,45.291686,-0.164212,11.72840,0.00500,11.789,11.056,13.570,2.90,0.66,20.6,82.9,6.6,2.234,0.657,1.960,0.672,16,1
288.763693,10.896328,45.306187,-0.212032,12.24446,0.00538,12.244,11.379,13.150,3.11,0.90,42.5,104.7,7.9,0.284,0.814,3.221,0.897,48,1
288.763709,10.896072,45.305968,-0.212165,12.28450,0.00459,12.244,11.379,13.150,2.69,0.77,41.5,103.8,7.9,0.339,0.710,2.775,0.768,64,1
288.874414,11.109945,45.545844,-0.208855,8.75820,0.00040,8.763,8.363,10.023,0.25,0.09,29.6,91.9,10.0,0.134,0.090,0.226,0.086,16,1
288.782190,11.791723,46.107275,0.188369,9.49742,0.00070,9.560,9.201,10.606,0.48,0.16,175.5,57.8,8.9,0.503,0.158,-0.079,0.180,32,1
288.326635,11.409408,45.561432,0.406008,9.78770,0.00100,9.859,9.426,10.911,1.86,0.20,135.1,17.5,3.1,0.007,0.263,-1.873,0.199,16,1
288.326663,11.603222,45.733163,0.495864,9.64810,0.00110,9.654,9.121,11.135,1.75,0.18,166.0,48.4,2.9,1.557,0.176,-0.828,0.188,16,1
287.902554,11.484526,45.435509,0.809181,12.37580,0.00890,12.428,11.939,13.719,3.96,1.51,93.7,156.2,10.9,-4.206,1.506,-0.547,1.527,16,1
288.279450,11.836401,45.918339,0.644937,11.24590,0.00390,11.295,10.942,12.291,1.48,0.73,26.8,89.2,14.2,0.979,0.683,1.326,0.758,16,1
288.279472,11.017857,45.193064,0.265431,11.41830,0.00350,11.393,10.607,13.403,1.13,0.56,10.9,73.3,14.0,1.171,0.555,0.469,0.554,16,1
288.451145,11.218187,45.448680,0.209135,10.13580,0.00120,10.135,8.708,12.946,4.46,0.22,154.1,36.5,1.4,2.763,0.184,-3.508,0.234,16,1
288.757608,11.225945,45.595212,-0.053451,10.76390,0.00240,10.813,9.763,13.194,1.09,0.43,66.9,129.2,11.2,-0.814,0.434,0.847,0.421,16,1
288.661555,11.675423,45.949393,0.238867,9.22550,0.00080,9.186,7.935,11.715,2.61,0.15,15.1,77.4,1.6,2.257,0.137,1.318,0.171,16,1
288.456965,11.551523,45.746588,0.358797,10.12110,0.00180,10.187,9.401,11.985,0.90,0.29,0.9,63.3,9.2,0.947,0.289,0.031,0.298,16,1
288.715875,10.969017,45.348708,-0.136666,12.06200,0.00750,12.066,11.699,12.998,2.43,1.16,13.6,75.9,13.7,2.396,1.187,1.235,1.050,16,1
288.284455,11.869169,45.949647,0.655787,10.47190,0.00190,10.451,9.819,12.068,1.08,0.33,25.0,87.3,8.7,0.725,0.369,0.863,0.296,16,1
288.666045,11.529586,45.822308,0.167192,8.67570,0.00050,8.703,7.654,10.958,0.43,0.09,161.0,43.3,5.9,0.343,0.089,-0.268,0.085,16,1
288.458705,10.925511,45.192885,0.066714,10.96160,0.00173,10.950,9.801,13.510,1.73,0.44,56.6,118.9,7.0,-0.700,0.438,1.641,0.438,32,1
288.458739,11.087180,45.336098,0.141727,10.71389,0.00192,10.806,10.465,11.754,2.04,0.32,169.6,51.9,4.4,1.927,0.323,-0.735,0.291,32,1
288.719460,11.303056,45.646082,0.015529,11.73200,0.00560,11.602,9.688,15.396,5.41,0.79,45.4,107.7,4.2,-0.070,0.900,5.470,0.788,16,1
288.286209,11.790699,45.880909,0.617889,10.52830,0.00300,10.671,9.932,12.374,2.72,0.97,0.1,62.5,10.2,2.885,0.968,0.012,1.028,16,1
288.287809,10.968261,45.152915,0.235184,11.33930,0.00340,11.325,10.221,13.897,2.38,0.53,177.9,60.3,6.4,2.426,0.528,-0.180,0.714,16,1
288.671299,11.352130,45.667578,0.080152,9.21691,0.00053,9.257,8.663,10.845,0.67,0.12,30.4,92.7,5.0,0.334,0.117,0.595,0.121,32,1
288.672132,11.634378,45.917865,0.210618,10.37190,0.00200,10.471,10.088,11.523,1.45,0.26,152.3,34.6,5.2,0.834,0.265,-1.213,0.263,16,1
288.335965,11.267662,45.440093,0.332164,12.01990,0.00730,11.998,11.122,14.076,2.74,0.95,167.2,49.5,9.9,2.610,0.956,-1.256,0.908,16,1
288.335984,11.372434,45.532925,0.380740,8.23670,0.00030,8.379,7.700,9.865,0.47,0.13,132.7,15.0,7.7,-0.040,0.129,-0.490,0.128,16,1
288.460449,11.505192,45.707133,0.334269,10.00688,0.00102,10.121,9.661,11.232,1.53,0.43,175.3,57.6,7.8,1.574,0.429,-0.259,0.569,32,1
288.461309,11.904261,46.061015,0.518746,9.16710,0.00050,9.229,8.182,11.265,2.54,0.20,17.7,80.1,2.2,2.078,0.203,1.479,0.188,16,1
288.289355,11.345049,45.487462,0.408544,10.40848,0.00159,10.453,9.739,12.084,1.54,0.34,157.5,39.9,6.2,1.119,0.347,-1.118,0.336,32,1
288.901959,11.225862,45.661018,-0.178819,8.25250,0.00040,8.354,7.850,9.639,0.92,0.13,27.0,89.3,4.0,0.543,0.124,0.749,0.131,16,1
288.339205,11.397641,45.556722,0.389634,8.85340,0.00040,8.923,8.265,10.494,1.12,0.13,153.2,35.6,3.2,0.670,0.139,-0.906,0.119,16,1
288.466419,11.752327,45.928754,0.443798,9.32594,0.00046,9.433,8.454,11.435,1.21,0.13,5.4,67.8,3.1,1.191,0.129,0.229,0.143,32,1
288.467846,11.834460,46.002154,0.480683,12.17370,0.00694,12.122,10.949,14.810,4.55,0.96,29.4,91.8,5.9,2.411,0.945,3.978,0.968,32,1
288.467859,11.322800,45.548950,0.243174,11.29555,0.00244,11.321,10.855,12.570,1.54,0.36,131.0,13.4,6.6,-0.218,0.349,-1.562,0.364,32,1
288.343505,11.881212,45.987112,0.610172,10.81520,0.00260,10.799,10.132,12.408,0.78,0.34,3.2,65.5,12.4,0.841,0.335,0.093,0.395,16,1
288.730276,11.878390,46.160372,0.273655,11.34040,0.00390,11.172,10.221,13.357,4.48,1.23,30.2,92.5,7.9,2.299,1.189,4.041,1.248,16,1
288.842495,11.125135,45.544714,-0.174065,11.06450,0.00360,10.986,9.771,13.621,3.10,0.85,48.8,111.0,7.8,-0.423,0.580,3.191,0.852,16,1
287.944888,11.503751,45.471746,0.781293,9.74020,0.00120,9.885,9.194,11.535,0.94,0.44,13.1,75.5,13.3,0.928,0.439,0.455,0.424,16,1
288.293611,11.251784,45.406761,0.361603,11.32310,0.00370,11.268,10.336,13.336,2.04,0.53,159.8,42.2,7.4,1.603,0.545,-1.366,0.498,16,1
288.345186,11.005041,45.211623,0.202339,12.26330,0.00750,12.296,11.234,14.569,5.50,1.46,176.5,58.8,7.6,5.649,1.461,-0.698,1.135,16,1
288.474292,11.463772,45.676742,0.303027,10.93170,0.00260,10.976,10.039,13.130,2.30,0.42,144.7,27.1,5.2,0.779,0.438,-2.202,0.418,16,1
288.735493,11.770369,46.067112,0.218907,11.70300,0.00650,11.702,10.701,13.998,1.68,0.76,15.3,77.6,13.0,1.584,0.761,0.940,0.754,16,1
288.820237,11.205806,45.605961,-0.117201,9.68130,0.00120,9.741,8.505,12.430,1.39,0.37,22.7,85.0,7.6,1.011,0.392,1.025,0.341,16,1
288.296305,11.773761,45.870483,0.601279,10.87180,0.00310,10.897,10.273,12.296,0.88,0.42,57.5,119.9,13.7,-0.413,0.423,0.885,0.421,16,1
288.347648,11.580744,45.722782,0.467227,11.18620,0.00410,11.170,10.563,12.725,1.44,0.67,179.2,61.6,13.4,1.587,0.671,-0.045,0.688,16,1
288.352312,11.452295,45.611102,0.403601,12.23980,0.00970,12.242,11.577,13.892,2.72,1.35,134.7,17.0,14.2,-0.034,1.275,-3.038,1.349,16,1
288.474503,11.194424,45.438268,0.177810,10.29253,0.00132,10.361,9.812,11.784,0.68,0.32,149.4,31.7,12.3,0.361,0.333,-0.657,0.319,32,1
288.474712,11.876484,46.042498,0.494237,11.56594,0.00388,11.738,9.505,12.884,5.66,1.95,169.6,52.0,9.3,5.598,1.899,-2.131,2.288,32,1
288.739836,11.682447,45.991250,0.174260,10.37580,0.00190,10.427,9.695,12.124,2.11,0.28,17.5,79.8,3.8,1.744,0.272,1.219,0.291,16,1
288.353628,11.365455,45.534765,0.362179,10.66600,0.00220,10.683,9.903,12.596,1.12,0.41,11.9,74.3,10.6,1.097,0.416,0.483,0.408,16,1
288.354368,11.327986,45.501907,0.344156,10.51230,0.00160,10.533,9.576,12.710,3.60,0.32,167.3,49.7,2.6,3.266,0.326,-1.544,0.305,16,1
288.475231,11.595404,45.793762,0.363315,11.79880,0.00890,11.750,10.635,14.062,4.76,1.81,42.9,105.3,10.9,0.366,2.381,5.081,1.803,16,1
288.475456,11.404396,45.624680,0.274454,12.44050,0.01140,12.499,11.586,14.575,5.77,1.64,137.9,20.2,8.1,0.607,1.512,-5.970,1.637,16,1
287.889596,11.448225,45.397446,0.803653,9.18510,0.00050,9.221,8.784,10.519,0.61,0.18,78.8,141.3,8.5,-0.592,0.183,0.244,0.176,16,1
288.813009,11.110009,45.517863,-0.155492,12.27960,0.00780,12.224,11.267,14.274,3.01,1.40,16.6,78.9,13.4,2.778,1.385,1.822,1.446,16,1
288.303429,11.225891,45.388285,0.341065,10.03010,0.00140,10.097,9.400,11.717,2.16,0.19,166.1,48.5,2.6,1.917,0.194,-1.009,0.195,16,1
288.919594,11.112957,45.569146,-0.246691,9.15210,0.00035,9.216,8.957,10.055,0.51,0.10,135.8,18.1,5.4,0.015,0.086,-0.518,0.098,32,1
288.476703,11.719668,45.904499,0.419720,11.49250,0.00320,11.502,10.500,13.712,2.79,0.64,3.8,66.1,6.6,2.835,0.638,0.379,0.632,16,1
288.920941,11.194582,45.642002,-0.209860,12.41218,0.00683,12.421,11.691,14.208,2.69,1.13,56.9,119.1,11.1,-1.175,1.163,2.672,1.122,48,1
288.360962,10.882169,45.109955,0.131621,9.92800,0.00200,10.013,9.405,11.465,1.08,0.38,18.4,80.8,9.9,0.917,0.356,0.688,0.405,16,1
288.361695,11.925063,46.034220,0.614740,9.15330,0.00060,9.151,8.483,10.745,1.00,0.14,3.7,66.0,4.1,1.001,0.142,0.129,0.105,16,1
288.476928,11.301254,45.533994,0.225296,10.81240,0.00190,10.740,10.087,12.388,2.49,0.36,160.5,42.9,4.1,1.954,0.339,-1.578,0.386,16,1
288.477201,11.200937,45.445265,0.178489,10.08350,0.00130,10.147,9.610,11.485,0.96,0.20,149.5,31.9,5.8,0.475,0.198,-0.855,0.193,16,1
288.477209,11.290768,45.524834,0.220184,10.28030,0.00120,10.328,9.424,12.340,1.53,0.29,166.3,48.6,5.5,1.387,0.298,-0.720,0.270,16,1
288.868664,11.148265,45.577135,-0.186028,12.39090,0.00830,12.361,11.356,14.655,3.06,1.34,12.0,74.2,12.5,3.049,1.284,1.356,1.578,16,1
288.881946,11.172690,45.604819,-0.186193,12.03720,0.00670,12.129,11.138,14.320,2.30,1.01,30.4,92.7,12.5,1.226,1.047,2.196,0.996,16,1
288.307586,11.452766,45.591189,0.442656,8.11300,0.00030,8.204,7.861,9.278,3.03,0.42,147.6,30.0,4.0,1.307,0.418,-2.770,0.419,16,1
288.371055,11.302654,45.487055,0.317909,11.46370,0.00410,11.419,10.545,13.483,3.50,0.80,168.0,50.4,6.5,3.285,0.808,-1.459,0.742,16,1
288.371300,11.795431,45.923730,0.546286,12.39337,0.00723,12.474,12.056,13.602,2.40,1.18,171.8,54.2,12.6,2.568,1.159,-0.752,1.415,32,1
288.363010,11.664815,45.804245,0.492891,10.65070,0.00220,10.658,10.049,12.129,1.39,0.28,173.9,56.3,5.8,1.382,0.279,-0.300,0.332,16,1
288.750673,11.798709,46.099111,0.218930,9.47325,0.00060,9.571,9.510,9.872,0.85,0.18,68.0,130.3,6.0,-0.627,0.190,0.605,0.174,32,1
288.784015,10.917962,45.334620,-0.219636,11.76200,0.00590,11.847,11.346,12.908,2.38,1.18,11.5,73.7,14.2,2.447,1.151,1.035,1.334,16,1
288.477749,11.977284,46.133164,0.538392,11.34190,0.00293,11.355,10.821,12.853,1.67,0.65,14.5,76.9,10.4,1.570,0.656,0.871,0.641,32,1
288.757384,11.163691,45.539998,-0.082208,9.87760,0.00100,9.963,8.971,12.286,1.38,0.45,31.1,93.3,9.4,0.681,0.670,1.287,0.369,16,1
287.912899,11.304854,45.280886,0.717090,9.88730,0.00120,9.831,8.923,11.827,1.77,0.33,47.5,110.0,5.3,-0.159,0.332,1.793,0.325,16,1
288.314058,11.681655,45.796931,0.543173,8.59860,0.00028,8.682,8.448,9.623,0.87,0.13,170.7,53.2,4.2,0.839,0.130,-0.281,0.131,32,1
288.314238,11.609637,45.733203,0.509622,10.14532,0.00142,10.231,9.154,12.544,2.26,0.30,177.5,59.9,3.8,2.271,0.304,-0.202,0.334,32,1
288.890986,11.085201,45.531513,-0.234766,10.71640,0.00200,10.689,9.642,13.038,1.85,0.38,34.8,97.1,5.9,0.658,0.480,1.771,0.362,16,1
288.363692,11.528380,45.683681,0.429013,10.62380,0.00250,10.630,9.653,12.817,1.98,0.50,22.8,85.2,7.2,1.430,0.539,1.459,0.451,16,1
288.363901,11.412707,45.581298,0.375175,10.97900,0.00250,10.994,10.556,12.145,2.19,0.65,157.5,39.9,8.5,1.620,0.726,-1.616,0.569,16,1
288.869655,11.277014,45.691544,-0.126968,11.54120,0.00720,11.499,11.279,12.047,3.21,1.11,20.4,82.7,9.9,2.567,1.153,2.218,1.044,16,1
288.789832,11.069841,45.471725,-0.154045,10.22210,0.00120,10.194,9.319,12.327,2.40,0.25,20.0,82.3,3.0,1.849,0.277,1.552,0.204,16,1
288.314713,11.803343,45.905050,0.599029,10.66862,0.00149,10.760,10.138,12.319,1.18,0.30,124.0,6.3,7.1,-0.459,0.292,-1.133,0.302,48,1
288.364464,11.688608,45.825985,0.502665,9.93930,0.00120,9.967,9.190,11.731,1.65,0.19,13.6,75.9,3.2,1.479,0.174,0.759,0.228,16,1
288.364917,11.141918,45.341866,0.248678,9.91150,0.00110,9.862,8.683,12.296,2.82,0.18,155.6,38.0,1.8,1.865,0.189,-2.124,0.169,16,1
288.365140,11.200099,45.393510,0.275474,11.41540,0.00420,11.333,10.439,13.210,3.65,0.52,174.5,56.8,4.1,3.619,0.520,-0.706,0.549,16,1
288.432158,11.705246,45.871480,0.451662,11.65710,0.00490,11.689,11.022,13.341,2.96,0.78,5.5,67.8,7.5,3.005,0.780,0.584,0.742,16,1
288.770947,11.042933,45.439284,-0.150153,9.13285,0.00038,9.220,8.642,10.556,0.83,0.11,22.3,84.5,3.9,0.599,0.112,0.588,0.115,48,1
288.796927,11.211150,45.600054,-0.094474,10.24620,0.00200,10.310,9.634,12.046,2.32,0.31,23.5,85.7,3.9,1.601,0.324,1.713,0.304,16,1
288.796935,11.263291,45.646213,-0.070226,10.14260,0.00180,10.124,8.975,12.653,3.60,0.31,44.4,106.6,2.5,0.081,0.361,3.609,0.309,16,1
288.796936,10.940904,45.360830,-0.220195,10.44680,0.00160,10.413,9.032,13.346,3.06,0.32,34.4,96.7,3.0,1.112,0.290,2.873,0.325,16,1
288.496649,11.343388,45.580290,0.227729,10.68170,0.00210,10.717,10.267,11.822,1.10,0.26,134.8,17.2,6.6,-0.006,0.266,-1.134,0.255,16,1
288.435460,11.331433,45.541852,0.275320,10.96900,0.00230,11.012,10.482,12.299,1.45,0.45,159.1,41.4,9.0,1.131,0.408,-1.015,0.505,16,1
288.435464,11.899781,46.045309,0.539068,10.48630,0.00170,10.501,9.630,12.441,1.90,0.30,9.9,72.2,4.6,1.812,0.308,0.649,0.262,16,1
288.437141,11.832839,45.986771,0.506551,9.80640,0.00100,9.810,9.090,11.575,2.01,0.16,174.7,57.1,2.3,1.979,0.162,-0.368,0.218,16,1
287.929508,11.384256,45.358822,0.739380,9.30160,0.00060,9.270,8.586,10.774,0.48,0.17,110.7,173.2,10.4,-0.380,0.168,-0.336,0.178,16,1
287.930605,11.328857,45.310200,0.712800,10.75470,0.00300,10.691,10.235,11.888,1.33,0.50,65.6,128.0,10.8,-0.935,0.503,1.069,0.500,16,1
288.498336,10.832346,45.128435,-0.011008,8.28240,0.00030,8.333,7.623,10.057,1.90,0.11,169.2,51.6,1.6,1.766,0.107,-0.697,0.096,16,1
288.500117,11.013126,45.289361,0.071379,11.85860,0.00500,11.859,10.801,14.215,1.76,0.84,20.6,82.9,13.7,1.466,0.868,1.282,0.798,16,1
288.365986,10.845006,45.079321,0.110010,9.60990,0.00150,9.658,9.275,10.772,1.07,0.29,16.0,78.4,7.7,0.943,0.283,0.590,0.305,16,1
288.366493,11.813522,45.937575,0.558846,11.57040,0.00500,11.551,11.110,12.681,1.59,0.60,40.0,102.4,10.8,0.296,0.603,1.675,0.599,16,1
288.437950,11.779768,45.940126,0.481221,12.18900,0.00880,12.193,11.143,14.575,2.88,1.27,7.1,69.5,12.7,3.048,1.279,0.772,1.148,16,1
288.437957,11.787446,45.946930,0.484778,10.17030,0.00120,10.240,9.727,11.584,1.52,0.25,4.0,66.3,4.6,1.526,0.248,0.214,0.288,32,1
288.439558,11.828636,45.984145,0.502505,11.53660,0.00490,11.512,10.742,13.518,2.18,0.74,167.8,50.1,9.8,2.093,0.704,-0.953,0.917,16,1
288.321531,11.240905,45.409821,0.332297,10.89380,0.00221,11.025,10.695,11.985,1.45,0.42,139.4,21.8,8.0,0.229,0.363,-1.493,0.423,32,1
288.366833,11.557130,45.710580,0.439623,10.50170,0.00210,10.563,9.723,12.490,1.48,0.48,177.9,60.3,9.3,1.554,0.483,-0.113,0.427,16,1
288.374868,11.188355,45.387533,0.261572,11.48241,0.00364,11.509,10.459,13.964,3.54,0.56,166.9,49.3,4.5,3.219,0.556,-1.580,0.592,32,1
288.440387,11.290588,45.507914,0.252084,11.11830,0.00450,11.129,10.211,13.190,3.60,0.58,160.5,42.8,4.6,2.829,0.524,-2.295,0.648,16,1
288.441212,11.053661,45.298425,0.141405,10.69530,0.00220,10.717,9.611,13.240,1.02,0.39,179.4,61.7,10.8,1.092,0.385,-0.023,0.317,16,1
288.758837,10.886940,45.295658,-0.212177,10.19415,0.00098,10.060,9.347,11.701,0.77,0.36,23.6,85.9,12.2,0.579,0.368,0.625,0.356,31,1
288.716821,10.923846,45.309147,-0.158490,11.65270,0.00460,11.653,10.581,14.043,4.76,0.76,30.2,92.5,4.6,2.383,0.671,4.190,0.790,16,1
288.269299,11.659956,45.757381,0.571951,11.16460,0.00390,11.211,10.449,13.058,2.60,0.58,3.9,66.3,6.3,2.640,0.576,0.365,0.572,16,1
288.322582,11.935189,46.025444,0.653341,11.43313,0.00401,11.459,10.914,12.780,2.04,0.61,14.9,77.3,8.2,1.846,0.587,1.059,0.660,44,1
288.720423,11.658835,45.961506,0.180112,10.93780,0.00410,10.956,10.230,12.844,3.02,0.57,5.6,67.9,5.5,3.018,0.577,0.597,0.534,16,1
288.507161,10.824294,45.125329,-0.022423,12.19260,0.00810,12.232,11.498,14.021,4.65,1.40,161.7,44.0,8.6,3.894,1.325,-2.896,1.526,16,1
288.850595,11.171782,45.589701,-0.159393,9.36660,0.00060,9.436,8.228,12.022,3.29,0.12,34.0,96.3,1.1,1.230,0.160,3.058,0.118,16,1
288.851495,11.294029,45.698316,-0.103287,11.30750,0.00600,11.298,10.819,12.555,2.00,0.83,24.9,87.1,11.9,1.403,0.865,1.658,0.813,16,1
288.272805,11.587945,45.695164,0.535526,12.09520,0.01130,12.086,11.340,14.015,3.42,1.58,161.2,43.6,13.2,2.985,1.516,-2.301,1.685,16,1
288.274589,11.491091,45.610153,0.489077,10.62500,0.00206,10.667,10.189,12.068,1.21,0.36,154.0,36.4,8.1,0.777,0.355,-0.994,0.356,32,1
288.275376,11.465535,45.587866,0.476546,10.53130,0.00180,10.591,10.054,11.938,1.12,0.35,133.8,16.2,9.0,-0.050,0.351,-1.169,0.351,16,1
288.511702,11.139966,45.406978,0.120203,10.61540,0.00210,10.619,10.316,11.555,0.89,0.36,160.3,42.6,11.7,0.745,0.358,-0.613,0.372,16,1
288.327514,11.328753,45.490373,0.367839,12.01970,0.00720,12.023,11.100,14.262,1.93,0.84,8.3,70.7,12.5,2.014,0.843,0.600,0.847,16,1
288.541346,11.290706,45.553983,0.164450,11.34180,0.00310,11.276,10.635,12.792,1.60,0.63,178.9,61.3,11.2,1.716,0.628,-0.063,0.518,16,1
288.860733,11.037734,45.475681,-0.230578,8.64735,0.00033,8.710,7.934,10.501,0.60,0.14,10.1,72.4,6.4,0.580,0.137,0.213,0.145,32,1
288.275398,10.987480,45.164295,0.254890,12.41470,0.01330,12.362,11.351,14.494,3.45,1.40,3.9,66.3,11.6,3.688,1.396,0.510,1.394,16,1
288.275428,11.100780,45.264696,0.307394,10.26350,0.00170,10.276,9.480,12.208,2.03,0.24,13.7,76.1,3.4,1.811,0.243,0.942,0.246,16,1
288.277895,11.718831,45.813453,0.591785,10.83480,0.00290,10.849,10.354,12.204,0.75,0.36,178.7,61.1,13.6,0.832,0.357,-0.039,0.433,16,1
288.515214,11.744486,45.943987,0.397845,8.69180,0.00030,8.803,8.268,10.042,1.03,0.11,173.1,55.5,3.2,1.006,0.114,-0.245,0.112,16,1
288.279492,11.804075,45.889714,0.629916,8.99810,0.00060,9.152,8.681,10.311,0.42,0.15,162.8,45.2,10.2,0.371,0.151,-0.254,0.148,16,1
288.280359,11.726739,45.821579,0.593313,10.86980,0.00340,10.875,9.947,12.915,1.32,0.65,2.0,64.4,14.2,1.468,0.653,0.102,0.468,16,1
288.331740,11.318134,45.482887,0.359243,10.78520,0.00230,10.821,9.747,13.186,1.24,0.34,20.0,82.3,7.9,0.985,0.319,0.825,0.371,16,1
288.331745,11.714384,45.833962,0.543005,10.32400,0.00160,10.370,10.055,11.295,1.16,0.28,171.4,53.7,7.0,1.137,0.288,-0.353,0.227,16,1
288.332652,11.469397,45.617317,0.428603,8.86400,0.00050,8.978,8.063,10.950,2.67,0.20,157.4,39.8,2.2,1.888,0.206,-1.901,0.198,16,1
288.732083,11.786199,46.079574,0.229224,9.63060,0.00090,9.643,8.803,11.611,1.22,0.20,32.1,94.4,4.7,0.538,0.175,1.113,0.205,16,1
288.281164,11.858228,45.938458,0.653569,9.61830,0.00100,9.647,8.883,11.309,1.35,0.25,24.4,86.8,5.3,0.904,0.209,1.031,0.280,16,1
288.281977,10.817485,45.016671,0.170347,12.32690,0.00770,12.258,11.030,14.727,6.44,1.19,41.4,103.8,5.3,0.813,1.200,6.497,1.187,16,1
288.519865,11.484500,45.715837,0.273093,9.62070,0.00090,9.715,9.246,10.711,0.99,0.15,154.6,36.9,4.3,0.636,0.161,-0.780,0.144,16,1
288.335155,11.571262,45.708705,0.473672,10.69960,0.00280,10.685,9.838,12.678,1.29,0.43,5.9,68.2,9.5,1.332,0.432,0.277,0.384,16,1
288.736483,10.956002,45.346592,-0.160630,10.56860,0.00180,10.576,9.461,13.021,4.22,0.45,39.3,101.6,3.0,0.844,0.378,4.162,0.448,16,1
288.869482,11.039802,45.481507,-0.237216,8.98586,0.00046,8.963,7.441,11.876,1.19,0.16,60.0,122.2,3.7,-0.602,0.166,1.044,0.154,32,1
287.912950,11.335011,45.307648,0.730994,11.64977,0.00495,11.577,10.877,13.380,1.98,0.90,64.0,126.5,11.8,-1.339,0.913,1.712,0.886,32,1
288.283700,10.870768,45.064665,0.193554,11.72260,0.00420,11.673,11.032,13.400,3.15,1.00,19.3,81.7,9.1,2.583,1.001,2.062,1.007,16,1
288.284523,11.775845,45.866982,0.612465,10.76870,0.00260,10.795,10.238,12.209,0.64,0.31,56.3,118.7,13.9,-0.273,0.329,0.656,0.307,16,1
288.520940,11.944179,46.123457,0.485600,11.74656,0.00567,11.769,11.222,13.116,3.17,1.44,35.9,98.3,11.9,1.085,1.458,3.308,1.441,32,1
288.521543,11.214930,45.477854,0.146462,7.98290,0.00020,8.155,6.246,11.756,10.21,0.29,127.6,9.9,0.8,-2.604,0.328,-9.881,0.288,16,1
288.336014,11.013744,45.215157,0.214352,9.28870,0.00070,9.352,9.157,9.976,0.35,0.13,149.7,32.0,10.3,0.184,0.129,-0.328,0.127,16,1
288.336807,11.095899,45.288303,0.251767,12.14980,0.00980,12.068,11.568,13.158,3.93,1.59,29.3,91.7,11.6,2.213,1.694,3.622,1.556,16,1
288.870413,11.208858,45.631565,-0.159346,12.12900,0.01130,12.241,11.046,14.305,3.78,1.64,28.0,90.3,12.4,2.301,1.745,3.418,1.582,16,1
288.870429,11.267715,45.683667,-0.131968,11.29970,0.00610,11.316,10.822,12.624,2.67,0.74,28.8,91.1,8.0,1.481,0.751,2.338,0.737,16,1
288.737627,10.919082,45.314428,-0.178792,7.72800,0.00020,7.784,7.093,9.395,2.02,0.51,28.9,91.2,7.2,1.109,0.490,1.758,0.513,16,1
288.338369,11.943337,46.039826,0.643434,10.50686,0.00154,10.472,9.464,12.557,3.13,0.23,30.6,92.9,2.1,1.517,0.247,2.749,0.228,32,1
288.739907,11.350236,45.697173,0.019717,11.07630,0.00297,11.104,10.417,12.940,2.42,0.74,42.4,104.7,8.4,0.229,0.780,2.520,0.739,32,1
288.618891,11.264722,45.566299,0.085035,12.06036,0.00435,12.093,10.639,15.227,2.98,0.96,124.2,6.5,8.8,-1.159,0.939,-2.912,0.968,32,1
288.290248,11.238364,45.393341,0.358303,11.86160,0.00630,11.894,11.017,14.002,2.48,1.07,162.4,44.8,12.3,2.211,1.088,-1.555,1.033,16,1
288.343570,11.620258,45.755938,0.489093,10.85420,0.00300,10.883,10.637,11.815,1.93,0.49,175.2,57.5,7.3,1.963,0.492,-0.334,0.438,16,1
288.493124,11.710281,45.903649,0.401121,9.79740,0.00070,9.820,9.164,11.438,1.17,0.42,18.0,80.3,10.4,1.006,0.423,0.728,0.422,16,1
288.744932,11.228522,45.591711,-0.041245,10.52250,0.00190,10.527,9.434,13.007,1.67,0.35,64.4,126.7,6.0,-1.065,0.336,1.327,0.354,16,1
288.291062,10.876164,45.072798,0.189650,8.24710,0.00030,8.316,7.422,10.088,1.01,0.18,36.1,98.5,5.1,0.313,0.174,0.973,0.178,16,1
288.291070,11.345088,45.488276,0.407073,9.21243,0.00053,9.245,8.562,10.905,0.51,0.14,151.9,34.2,7.6,0.294,0.130,-0.440,0.146,32,1
288.291874,11.953221,46.027492,0.688320,9.41450,0.00080,9.475,8.780,11.086,1.32,0.20,21.4,83.7,4.5,0.981,0.207,0.905,0.203,16,1
288.291876,11.484760,45.612398,0.471132,9.94690,0.00120,9.998,9.526,11.376,1.15,0.35,151.1,33.5,8.9,0.638,0.360,-1.014,0.352,16,1
288.527028,11.848098,46.041125,0.435712,9.16880,0.00060,9.221,8.659,10.629,1.49,0.09,178.6,60.9,1.8,1.490,0.092,-0.075,0.094,16,1
288.750135,11.908632,46.196182,0.270514,10.38120,0.00170,10.348,9.173,12.974,3.18,0.49,11.0,73.3,4.4,2.988,0.497,1.204,0.478,16,1
288.750725,11.245300,45.609207,-0.038473,9.33030,0.00060,9.373,8.710,11.001,1.30,0.13,19.3,81.6,2.9,1.021,0.136,0.817,0.124,16,1
288.835511,11.163137,45.575163,-0.150317,8.32740,0.00030,8.393,7.458,10.403,1.34,0.09,18.2,80.5,2.0,1.083,0.100,0.799,0.083,16,1
288.624640,10.864292,45.214343,-0.106023,12.34940,0.00700,12.345,11.860,13.568,3.17,1.45,10.5,72.8,13.1,3.253,1.442,1.251,1.481,16,1
288.624651,11.837995,46.076557,0.346406,10.31874,0.00127,10.326,9.530,12.483,3.03,0.26,12.9,75.2,2.5,2.736,0.262,1.317,0.264,32,1
288.624657,11.323582,45.621047,0.107378,10.34290,0.00170,10.384,9.670,12.144,0.82,0.34,151.2,33.6,11.9,0.476,0.357,-0.747,0.332,16,1
288.293651,11.412234,45.548943,0.435964,8.04930,0.00030,8.123,7.278,9.859,0.48,0.15,177.5,59.9,9.2,0.505,0.155,-0.044,0.155,16,1
288.294575,11.818253,45.909122,0.623407,8.70340,0.00040,8.809,8.102,10.412,0.33,0.15,144.8,27.2,13.0,0.123,0.156,-0.344,0.150,16,1
288.499070,11.823902,46.006989,0.448713,9.58010,0.00090,9.621,8.953,11.244,2.21,0.14,4.3,66.7,1.8,2.185,0.141,0.333,0.145,16,1
288.748535,11.787796,46.088477,0.215708,11.29650,0.00420,11.270,10.218,13.705,3.06,0.70,32.3,94.6,6.5,1.346,0.619,2.833,0.716,16,1
288.296350,11.560055,45.681146,0.502158,11.05250,0.00400,11.096,10.665,12.146,1.83,0.88,163.1,45.5,13.7,1.691,0.813,-1.128,1.013,16,1
288.538224,10.890875,45.198462,-0.018523,11.66903,0.00414,11.583,10.647,13.993,2.91,0.90,19.4,81.7,8.4,2.373,0.815,1.910,1.008,32,1
288.538463,11.957492,46.143209,0.476598,9.86920,0.00110,9.959,9.513,11.102,1.91,0.34,175.8,58.2,5.0,1.923,0.336,-0.282,0.345,16,1
288.538572,11.799011,46.002896,0.402911,8.75490,0.00035,8.899,8.072,10.503,1.78,0.15,8.2,70.5,2.5,1.715,0.155,0.505,0.151,32,1
288.374834,11.002783,45.223123,0.175510,10.56500,0.00200,10.571,10.007,11.916,1.26,0.38,118.5,0.8,8.7,-0.720,0.360,-1.106,0.391,16,1
288.375076,11.008139,45.227978,0.177784,11.39800,0.00340,11.431,10.692,13.219,1.25,0.46,135.1,17.5,10.5,0.006,0.446,-1.337,0.459,16,1
288.845391,11.007053,45.441516,-0.231526,11.91910,0.00580,11.882,10.754,14.345,4.90,0.86,51.1,113.4,5.0,-1.057,0.931,4.862,0.856,16,1
288.628584,11.792428,46.037996,0.321825,10.65369,0.00161,10.641,9.768,12.942,4.58,0.35,12.0,74.3,2.2,4.197,0.357,1.861,0.312,64,1
288.300891,10.818108,45.025837,0.154176,11.34690,0.00300,11.355,10.262,13.865,4.18,0.63,30.9,93.3,4.3,1.994,0.622,3.725,0.631,16,1
288.301466,11.230433,45.391417,0.344877,12.08390,0.00910,12.068,11.344,13.867,3.97,1.11,153.0,35.4,8.0,2.430,1.090,-3.333,1.119,16,1
288.301488,10.898640,45.097459,0.191001,12.20093,0.00601,12.145,9.409,16.061,7.81,1.67,176.6,59.0,6.0,7.937,1.674,-0.935,1.705,32,1
288.539097,10.875319,45.185083,-0.026507,12.24200,0.00900,12.139,11.412,14.034,5.55,1.41,167.6,50.0,7.3,5.201,1.430,-2.396,1.311,16,1
288.631345,11.303070,45.605931,0.092040,11.30580,0.00380,11.337,10.959,12.331,1.41,0.64,158.3,40.6,13.0,1.124,0.659,-1.060,0.616,16,1
288.304289,11.441194,45.579438,0.440153,11.31620,0.00340,11.359,10.901,12.693,2.07,0.65,172.8,55.2,9.0,2.102,0.652,-0.536,0.631,16,1
288.322767,11.934997,46.025358,0.653091,11.41184,0.00338,11.459,10.914,12.780,1.57,0.55,12.5,74.9,9.5,1.511,0.552,0.706,0.569,58,1
288.323626,11.373227,45.528009,0.391842,11.61190,0.00500,11.354,10.824,12.800,2.56,0.98,160.9,43.3,11.0,2.154,0.989,-1.693,0.970,16,1
288.395615,11.792360,45.932051,0.523775,10.47860,0.00134,10.536,9.906,12.125,1.55,0.27,17.6,80.0,4.8,1.284,0.268,0.907,0.261,32,1
288.636671,11.760624,46.013512,0.300036,12.15140,0.00910,12.166,10.980,14.564,3.70,1.56,4.7,67.0,12.1,3.964,1.566,0.653,1.378,16,1
288.637326,11.395127,45.690170,0.129625,9.18780,0.00070,9.197,8.486,10.964,0.51,0.19,152.9,35.2,10.6,0.315,0.208,-0.437,0.174,16,1
288.753543,11.012736,45.404607,-0.149074,12.15980,0.00860,12.209,11.252,14.337,2.56,1.17,2.0,64.2,13.1,2.808,1.169,0.192,1.376,16,1
288.398967,11.138044,45.353934,0.217285,10.90130,0.00250,10.890,10.388,12.209,1.29,0.46,171.0,53.4,10.3,1.306,0.472,-0.424,0.381,16,1
288.398974,11.710472,45.861032,0.482871,10.31560,0.00150,10.274,9.570,12.101,1.43,0.22,23.1,85.4,4.4,1.003,0.206,1.044,0.236,16,1
288.398975,10.840074,45.089985,0.079020,11.05980,0.00610,11.049,10.365,12.786,2.70,1.28,27.8,90.2,13.5,1.683,1.158,2.465,1.327,16,1
288.862018,11.166826,45.590530,-0.171618,10.38480,0.00170,10.509,9.997,11.648,1.15,0.44,17.9,80.2,10.9,0.998,0.425,0.720,0.463,16,1
288.638831,10.929306,45.278387,-0.088151,11.21150,0.00550,11.121,10.466,12.720,1.72,0.69,14.0,76.3,11.5,1.632,0.711,0.868,0.616,16,1
288.638871,11.793044,46.043221,0.313194,11.44147,0.00435,11.394,10.679,13.228,1.86,0.62,17.2,79.5,9.0,1.616,0.632,1.105,0.584,32,1
288.755230,11.026997,45.418002,-0.143908,11.40720,0.00370,11.448,10.768,13.021,2.32,0.68,16.2,78.5,8.3,2.041,0.624,1.298,0.792,16,1
288.327782,11.424707,45.575509,0.412106,10.89120,0.00270,10.931,10.066,12.874,1.61,0.80,158.3,40.6,14.1,1.307,0.824,-1.238,0.761,16,1
288.329454,11.467887,45.614525,0.430680,9.77760,0.00120,9.809,9.427,10.888,2.06,0.23,157.5,39.8,3.1,1.462,0.226,-1.464,0.226,16,1
288.642880,11.278369,45.589316,0.070545,9.57600,0.00080,9.601,8.737,11.603,1.27,0.34,3.8,66.1,7.7,1.309,0.346,0.173,0.253,16,1
288.643434,11.748537,46.005886,0.288557,11.54530,0.00520,11.567,11.291,12.578,2.42,0.74,163.2,45.5,8.7,2.109,0.700,-1.407,0.824,16,1
288.644042,11.805289,46.056416,0.314402,12.29554,0.01149,12.236,10.964,15.041,3.66,1.61,13.7,76.0,11.5,3.549,1.616,1.843,1.576,32,1
288.496690,10.950019,45.231906,0.045059,12.45140,0.00870,12.408,11.255,15.011,3.20,1.50,11.0,73.3,13.5,3.280,1.474,1.323,1.676,16,1
288.498427,11.765082,45.954598,0.421964,10.68620,0.00170,10.745,9.955,12.544,1.76,0.32,10.6,73.0,5.2,1.665,0.321,0.648,0.325,16,1
288.333681,11.551255,45.690309,0.465673,11.15860,0.00390,10.948,10.704,12.388,1.56,0.58,171.1,53.5,10.6,1.581,0.581,-0.508,0.545,16,1
288.404074,11.271982,45.474907,0.274995,11.63550,0.00500,11.636,10.878,13.508,1.93,0.64,171.9,54.2,9.5,1.947,0.635,-0.569,0.698,16,1
288.718617,11.629917,45.935081,0.168233,8.54030,0.00040,8.628,7.704,10.715,0.59,0.12,168.1,50.4,6.1,0.548,0.122,-0.242,0.136,16,1
288.650877,11.064886,45.403933,-0.035614,12.10080,0.00760,12.103,11.510,13.524,2.10,0.95,15.4,77.7,12.9,1.983,0.906,1.185,1.067,16,1
288.335367,11.945851,46.040691,0.647202,11.67556,0.00512,11.770,11.490,12.334,1.65,0.76,149.7,32.1,12.0,0.896,0.803,-1.587,0.750,32,1
288.406596,11.187946,45.401612,0.233810,11.80829,0.00440,11.879,11.293,13.309,2.96,0.78,163.0,45.3,7.3,2.537,0.792,-1.717,0.749,32,1
288.406652,11.793983,45.938501,0.514957,8.10130,0.00021,8.207,7.712,9.525,1.05,0.12,15.1,77.4,3.3,0.912,0.108,0.529,0.159,32,1
288.871135,11.080108,45.517938,-0.219894,10.63080,0.00220,10.624,9.931,12.323,1.17,0.33,0.6,62.9,8.0,1.210,0.325,0.025,0.273,16,1
288.871310,11.026934,45.470953,-0.244793,10.52300,0.00180,10.540,10.339,11.322,1.13,0.38,139.8,22.1,9.6,0.201,0.315,-1.177,0.381,16,1
288.657641,11.635758,45.912490,0.223827,12.20700,0.01110,12.198,11.659,13.692,3.95,1.43,147.4,29.7,10.4,1.768,1.471,-3.814,1.422,16,1
288.657764,11.179738,45.508768,0.011780,9.08220,0.00050,9.130,8.641,10.560,0.49,0.12,25.7,88.0,6.9,0.318,0.105,0.398,0.129,16,1
288.503664,11.304489,45.549031,0.203577,11.99120,0.00570,11.940,10.850,14.535,2.57,0.85,170.8,53.2,9.5,2.573,0.845,-0.854,0.906,16,1
288.655253,10.996140,45.345058,-0.071367,12.41220,0.00970,12.338,11.340,14.709,3.20,1.50,23.2,85.5,13.4,2.433,1.336,2.561,1.628,16,1
288.653495,10.873305,45.235493,-0.126927,10.24120,0.00100,10.199,8.766,13.128,4.34,0.30,30.5,92.8,2.0,2.112,0.287,3.798,0.299,16,1
288.653497,11.809160,46.064144,0.308006,11.82177,0.00610,11.824,11.022,13.716,3.46,1.05,5.3,67.6,8.3,3.550,1.046,0.669,1.078,32,1
288.726331,11.315533,45.660261,0.015365,12.45380,0.01080,12.475,12.225,12.894,3.71,1.43,31.6,93.9,11.0,1.792,1.373,3.553,1.445,16,1
288.317865,11.271906,45.435620,0.349859,12.24902,0.00702,12.163,11.118,14.475,2.17,0.94,176.5,58.9,11.4,2.349,0.943,-0.290,0.987,32,1
288.830257,11.186226,45.593202,-0.135011,11.75450,0.00500,11.798,10.689,14.267,2.58,0.81,49.0,111.3,9.0,-0.379,0.827,2.677,0.808,16,1
288.644406,10.932877,45.284093,-0.091339,11.86950,0.00690,11.756,10.964,13.678,2.19,0.92,7.7,70.1,12.0,2.292,0.908,0.635,1.074,16,1
288.308971,11.200885,45.368651,0.324653,11.93756,0.00542,11.949,11.588,12.979,2.12,0.96,146.1,28.4,11.7,0.877,1.004,-2.159,0.947,47,1
288.308986,11.632832,45.751369,0.524935,11.06000,0.00620,11.139,10.787,12.091,4.81,1.45,161.3,43.6,8.6,3.989,1.240,-3.057,1.743,16,1
288.308998,11.002143,45.192580,0.232466,11.59464,0.00345,11.535,10.502,13.780,4.98,0.61,167.4,49.8,3.5,4.537,0.612,-2.144,0.591,32,1
288.309140,11.031835,45.218951,0.246112,11.25655,0.00216,11.270,10.239,13.583,3.10,0.43,171.6,54.0,3.9,2.998,0.426,-0.908,0.426,32,1
288.509924,11.792995,45.984547,0.424954,8.37750,0.00021,8.465,7.773,10.166,1.43,0.09,0.3,62.7,1.8,1.434,0.092,0.017,0.093,32,1
288.509966,11.585561,45.800841,0.328608,12.02750,0.00850,11.994,10.444,15.112,2.52,1.16,30.9,93.2,13.2,1.310,1.210,2.446,1.148,16,1
288.626130,11.525192,45.800242,0.199780,11.40296,0.00353,11.407,10.354,13.886,1.82,0.72,179.6,62.0,10.5,1.958,0.716,-0.026,0.606,32,1
288.627109,11.584486,45.853192,0.226482,10.88176,0.00223,10.921,9.628,13.696,0.98,0.47,15.5,77.9,12.3,0.929,0.450,0.560,0.504,32,1
288.412166,11.482799,45.665339,0.365788,10.94310,0.00260,10.963,10.457,12.399,1.65,0.62,27.4,89.8,10.8,1.014,0.506,1.441,0.673,16,1
288.735096,11.716819,46.019522,0.194352,11.52380,0.00680,11.416,10.816,12.919,2.06,1.01,21.7,84.0,14.0,1.666,1.023,1.577,0.989,16,1
288.735112,10.892437,45.289691,-0.188995,11.34870,0.00213,11.354,10.814,12.875,1.67,0.37,18.1,80.4,6.2,1.384,0.376,1.013,0.358,32,1
288.631721,11.678760,45.938770,0.266288,9.40740,0.00090,9.480,8.872,10.973,1.05,0.17,139.8,22.1,4.7,0.176,0.243,-1.048,0.169,16,1
288.632602,11.792507,46.039894,0.318379,10.90642,0.00253,10.960,10.863,11.361,0.94,0.42,142.8,25.1,11.6,0.278,0.435,-0.994,0.416,48,1
288.632627,11.860250,46.099892,0.349834,10.87924,0.00211,10.890,10.265,12.607,1.77,0.36,3.4,65.7,5.8,1.797,0.363,0.212,0.373,32,1
288.413970,11.184259,45.401703,0.225691,11.46673,0.00320,11.399,9.654,14.946,5.09,0.65,168.7,51.1,3.6,4.742,0.654,-1.967,0.619,32,1
288.740807,10.898206,45.297399,-0.191264,10.83310,0.00152,10.905,9.580,13.640,3.58,0.32,34.0,96.3,2.6,1.346,0.353,3.329,0.320,32,1
288.842683,11.281664,45.683350,-0.101392,11.22360,0.00580,11.258,10.321,13.260,3.96,0.66,35.2,97.5,4.8,1.344,0.653,3.786,0.665,16,1
288.741091,11.027509,45.412002,-0.131384,12.04600,0.00670,12.080,10.968,14.059,3.90,1.47,23.5,85.8,10.8,2.839,1.508,3.055,1.443,16,1
288.632761,11.948420,46.178028,0.390687,11.25118,0.00263,11.377,11.019,12.326,1.40,0.68,169.0,51.3,12.5,1.447,0.679,-0.585,0.699,32,1
288.414673,11.449240,45.636751,0.348040,10.99160,0.00250,10.955,10.034,13.185,2.91,0.52,177.6,59.9,5.1,2.943,0.518,-0.249,0.507,16,1
288.414734,11.829355,45.973507,0.524361,7.95860,0.00020,8.067,7.180,9.890,1.06,0.23,33.0,95.3,6.3,0.443,0.235,0.992,0.235,16,1
288.744450,11.130364,45.504592,-0.086472,10.21790,0.00130,10.292,8.859,13.233,1.79,0.31,20.9,83.2,4.9,1.359,0.332,1.213,0.278,16,1
288.750214,11.074127,45.457436,-0.117632,9.96680,0.00090,9.976,9.537,11.259,0.86,0.20,14.4,76.7,6.6,0.775,0.189,0.426,0.221,16,1
288.746693,11.222451,45.587140,-0.045597,12.36680,0.01050,12.427,12.183,13.011,4.77,1.73,44.0,106.3,10.4,0.178,1.742,5.074,1.727,16,1
288.376405,11.861037,45.984171,0.572291,10.49300,0.00180,10.440,9.926,11.787,1.15,0.27,5.4,67.7,6.7,1.158,0.267,0.220,0.257,16,1
288.752974,11.748079,46.055336,0.193391,9.51080,0.00080,9.324,7.576,12.226,1.76,0.18,19.2,81.5,2.9,1.388,0.182,1.100,0.167,16,1
288.752980,11.807269,46.107740,0.220912,10.80148,0.00207,10.800,9.682,13.251,1.96,0.45,36.2,98.4,6.3,0.612,0.439,1.917,0.447,32,1
288.864357,11.230040,45.647549,-0.144230,11.23530,0.00450,11.256,10.847,12.346,1.98,0.71,15.6,77.9,10.3,1.801,0.714,1.090,0.710,16,1
288.613473,11.802900,46.040396,0.339789,10.76000,0.00260,10.800,9.849,12.992,3.03,0.39,21.2,83.5,3.7,2.258,0.394,2.062,0.386,16,1
288.615365,10.862303,45.208350,-0.098882,10.06532,0.00077,10.068,9.275,12.035,2.84,0.23,21.3,83.6,2.3,2.097,0.234,1.927,0.232,32,1
288.748107,11.800763,46.099762,0.222109,11.11810,0.00279,11.018,10.043,13.288,1.42,0.63,22.8,85.1,11.6,1.086,0.650,1.111,0.609,32,1
288.278714,11.059408,45.229534,0.285355,8.54060,0.00040,8.605,7.571,10.728,3.30,0.09,10.1,72.5,0.8,3.097,0.090,1.137,0.092,16,1
288.637598,11.625409,45.894203,0.236400,12.10060,0.00900,12.122,11.267,14.341,3.17,1.33,176.8,59.1,12.1,3.417,1.335,-0.383,1.243,16,1
288.379816,11.003638,45.226149,0.171574,9.40050,0.00070,9.432,8.872,10.899,1.46,0.22,140.1,22.5,4.4,0.263,0.199,-1.456,0.224,16,1
288.380733,11.939217,46.055400,0.604804,11.96222,0.00516,11.933,11.716,12.506,2.24,0.77,4.5,66.9,9.3,2.340,0.765,0.373,0.809,32,1
288.616203,10.917783,45.257860,-0.073832,9.45456,0.00053,9.525,8.898,10.735,2.18,0.12,15.7,78.0,1.6,1.864,0.119,1.133,0.122,32,1
288.382485,11.398914,45.577530,0.352638,11.39960,0.00430,11.333,10.718,12.902,2.06,1.01,174.1,56.5,14.0,2.243,1.019,-0.468,0.723,16,1
288.621845,11.353138,45.645937,0.123553,9.65737,0.00058,9.754,9.387,10.709,0.59,0.17,150.9,33.2,7.9,0.326,0.162,-0.526,0.174,48,1
288.871382,11.098871,45.534658,-0.211376,12.42460,0.00930,12.276,10.869,15.400,3.83,1.52,31.1,93.4,11.4,1.922,1.480,3.650,1.534,16,1
288.871643,11.021652,45.466430,-0.247541,10.86120,0.00210,10.875,9.963,13.022,1.08,0.38,45.8,108.0,9.9,-0.031,0.386,1.146,0.375,16,1
288.753469,11.288998,45.649144,-0.020534,11.47810,0.00410,11.496,11.228,12.094,1.54,0.63,18.3,80.6,11.7,1.339,0.645,0.993,0.607,15,1
288.759641,11.003582,45.399287,-0.158630,7.94836,0.00017,7.980,6.966,10.024,1.98,0.12,23.6,85.9,1.7,1.349,0.111,1.455,0.129,32,1
288.625754,11.130708,45.450759,0.016803,11.88920,0.00550,11.916,11.543,12.927,1.81,0.66,24.7,87.0,10.5,1.257,0.650,1.464,0.673,16,1
288.626703,11.556214,45.827972,0.213698,9.64246,0.00081,9.675,9.130,11.087,1.05,0.15,170.3,52.7,3.9,1.005,0.149,-0.353,0.127,32,1
288.755270,11.830722,46.129545,0.229834,11.19530,0.00340,11.204,10.329,13.432,3.53,0.62,5.8,68.1,5.0,3.510,0.616,0.717,0.632,16,1
288.025417,11.403619,45.419496,0.664992,11.52750,0.00540,11.528,11.122,12.684,1.74,0.69,78.9,141.3,11.4,-1.730,0.673,0.707,0.795,16,1
288.393934,11.054852,45.277947,0.183060,10.71370,0.00230,10.581,9.464,12.884,2.86,0.36,4.3,66.7,3.6,2.848,0.359,0.431,0.334,16,1
288.756339,11.168296,45.543598,-0.079159,11.22550,0.00330,11.206,9.873,14.093,2.41,0.50,67.5,129.8,5.9,-1.742,0.518,1.741,0.480,16,1
288.601290,11.483536,45.752045,0.201980,10.60980,0.00200,10.622,9.802,12.602,1.30,0.33,170.1,52.5,7.4,1.261,0.338,-0.452,0.296,16,1
288.716010,11.657304,45.958141,0.183227,10.74740,0.00300,10.620,10.100,11.865,2.32,0.47,9.5,71.8,5.8,2.241,0.472,0.768,0.434,16,1
288.761571,10.891344,45.300806,-0.212506,12.32567,0.00932,12.440,11.898,13.797,5.42,1.36,58.2,120.5,6.9,-2.487,1.335,5.008,1.362,32,1
288.029645,11.211961,45.251515,0.572602,10.43250,0.00180,10.483,9.995,11.686,0.79,0.27,74.8,137.2,9.7,-0.716,0.276,0.420,0.238,16,1
288.029656,11.062969,45.119447,0.503623,10.74010,0.00250,10.778,9.949,12.804,2.62,0.39,18.6,81.0,4.3,2.109,0.365,1.601,0.436,16,1
288.397382,11.465674,45.643446,0.370677,11.78180,0.00590,11.747,10.492,14.582,3.47,1.04,20.6,82.9,8.6,2.726,1.128,2.382,0.917,16,1
288.399851,11.051173,45.277383,0.176209,10.85529,0.00201,10.868,9.662,13.151,1.25,0.42,179.5,61.9,9.1,1.320,0.418,-0.022,0.390,32,1
288.717815,10.863307,45.256003,-0.187501,11.72430,0.00340,11.723,10.313,14.686,6.46,0.63,22.8,85.1,2.8,4.540,0.627,4.635,0.636,16,1
288.654056,11.638376,45.913176,0.228153,10.28800,0.00180,10.381,9.664,12.052,2.30,0.40,160.1,42.4,4.9,1.791,0.430,-1.496,0.340,16,1
288.716352,11.127687,45.489403,-0.063309,9.71900,0.00080,9.710,9.239,11.025,0.81,0.19,7.4,69.7,6.7,0.806,0.185,0.213,0.233,16,1
288.609360,11.744793,45.987070,0.316358,10.69220,0.00180,10.744,9.574,13.162,3.50,0.32,22.9,85.2,2.6,2.445,0.313,2.518,0.322,16,1
288.610182,10.871414,45.214053,-0.090141,11.65972,0.00341,11.687,11.144,13.073,1.84,0.48,12.5,74.8,7.2,1.727,0.486,0.803,0.462,32,1
288.610212,11.623343,45.879910,0.259193,10.21670,0.00113,10.246,9.619,11.898,2.14,0.29,158.2,40.5,3.9,1.562,0.279,-1.491,0.303,32,1
288.399883,11.100531,45.321120,0.199083,10.96970,0.00410,10.966,10.327,12.544,1.70,0.57,148.2,30.6,9.6,0.797,0.492,-1.600,0.586,16,1
288.400691,11.756481,45.902571,0.502728,11.45130,0.00450,11.392,10.607,13.345,2.02,0.66,173.0,55.4,9.4,2.062,0.650,-0.514,0.828,16,1
288.722381,11.662034,45.965229,0.179902,9.41890,0.00080,9.478,8.615,11.446,2.96,0.23,9.1,71.4,2.3,2.821,0.237,0.923,0.190,16,1
288.719945,10.952048,45.335542,-0.148094,10.46220,0.00180,10.509,9.344,12.836,4.22,0.64,28.2,90.5,4.3,2.360,0.613,3.551,0.645,16,1
288.403294,11.490435,45.668069,0.377033,11.62319,0.00477,11.617,10.653,13.875,3.76,0.92,17.4,79.7,6.8,3.180,0.837,2.202,1.065,32,1
288.726917,11.782933,46.074331,0.232182,10.52620,0.00220,10.548,10.216,11.564,0.80,0.34,19.0,81.3,12.3,0.688,0.350,0.539,0.336,16,1
288.841751,11.265072,45.668239,-0.108303,9.10980,0.00080,9.152,8.719,10.235,0.65,0.15,28.6,90.9,6.7,0.361,0.138,0.560,0.156,16,1
288.656888,11.339964,45.650238,0.087008,11.42260,0.00420,11.426,10.285,13.934,1.89,0.64,123.4,5.7,9.7,-0.789,0.694,-1.833,0.630,16,1
288.613887,10.972261,45.305044,-0.046506,11.62141,0.00360,11.740,11.273,12.876,1.60,0.69,5.0,67.4,11.4,1.716,0.694,0.305,0.579,32,1
288.614824,11.830726,46.065652,0.351546,10.56400,0.00220,10.614,9.893,12.407,2.24,0.33,178.9,61.3,4.2,2.266,0.326,-0.084,0.338,16,1
288.406793,11.412196,45.600352,0.337693,10.15910,0.00130,10.110,9.188,12.267,2.92,0.42,160.3,42.7,4.1,2.284,0.403,-1.873,0.446,16,1
288.406843,11.787870,45.933173,0.511955,12.23558,0.00703,12.291,11.766,13.660,3.10,1.19,35.0,97.3,10.3,1.138,1.062,3.116,1.208,32,1
288.730401,11.725666,46.025217,0.202535,10.14690,0.00150,10.102,8.932,12.711,4.01,0.47,16.2,78.5,3.3,3.407,0.409,2.168,0.580,16,1
288.040534,11.231694,45.273952,0.572269,11.59910,0.00480,11.638,11.265,12.230,1.60,0.62,78.2,140.7,11.1,-1.575,0.613,0.685,0.663,16,1
288.914067,11.132409,45.583837,-0.232835,12.26473,0.00650,12.234,10.914,13.801,2.33,0.87,37.9,100.2,10.0,0.608,0.892,2.409,0.866,32,1
288.915433,11.188319,45.633943,-0.207993,12.43310,0.01000,12.504,11.770,14.346,4.25,1.14,39.8,102.1,7.7,0.792,1.172,4.329,1.138,16,1
288.616590,11.148307,45.462165,0.032942,10.24484,0.00094,10.302,9.690,11.832,1.18,0.18,13.6,75.9,4.2,1.065,0.179,0.547,0.162,32,1
288.407206,11.099540,45.323577,0.192258,12.06560,0.00920,11.743,10.863,13.621,2.90,1.45,6.8,69.2,14.3,3.154,1.447,0.766,1.508,16,1
288.645504,10.892460,45.248807,-0.111076,11.67248,0.00303,11.660,11.009,13.282,1.74,0.61,21.9,84.2,9.5,1.336,0.604,1.278,0.625,32,1
288.731644,10.911333,45.304836,-0.177194,11.30790,0.00370,11.311,10.168,11.251,3.35,0.93,40.7,103.0,7.9,0.515,0.940,3.442,0.927,16,1
288.621311,11.291918,45.591484,0.095570,8.71585,0.00028,8.802,8.390,10.007,0.48,0.15,142.6,24.9,8.6,0.131,0.167,-0.484,0.148,32,1
288.646484,11.120109,45.450826,-0.006133,11.63930,0.00440,11.635,11.019,13.023,1.46,0.63,13.7,76.0,12.4,1.409,0.593,0.732,0.756,16,1
288.734297,11.769649,46.065930,0.219609,11.48370,0.00470,11.475,10.395,13.903,1.80,0.74,20.5,82.8,11.7,1.472,0.758,1.276,0.708,16,1
288.410260,11.024873,45.258826,0.154955,12.06920,0.00950,12.106,10.803,14.984,2.86,1.12,18.2,80.5,11.2,2.476,1.060,1.822,1.218,16,1
288.625175,11.910593,46.141083,0.379683,11.83770,0.00516,11.520,10.731,13.131,2.97,1.22,1.3,63.7,10.9,3.213,1.223,0.149,1.212,32,1
288.626153,10.917543,45.262187,-0.082595,10.61420,0.00210,10.655,9.573,12.941,2.32,0.43,27.7,90.0,5.3,1.341,0.373,1.939,0.456,16,1
288.413908,11.144641,45.366580,0.207361,9.40390,0.00070,9.415,8.669,11.106,1.78,0.12,163.6,45.9,1.9,1.499,0.121,-0.970,0.103,16,1
288.413916,11.491136,45.673520,0.368137,9.22683,0.00051,9.352,8.005,12.056,3.52,0.21,26.0,88.4,1.7,2.172,0.177,2.781,0.223,32,1
288.741731,11.267246,45.624534,-0.020458,10.63730,0.00190,10.651,9.939,12.355,1.85,0.54,23.0,85.3,8.3,1.340,0.528,1.385,0.548,16,1
288.602783,11.808006,46.040056,0.351427,9.50760,0.00100,9.524,8.409,11.803,2.99,0.26,17.2,79.5,2.5,2.475,0.258,1.691,0.255,16,1
288.742016,11.208355,45.572527,-0.048091,11.13580,0.00330,11.181,10.418,13.126,1.27,0.48,140.3,22.5,10.9,0.248,0.497,-1.335,0.484,16,1
288.742045,11.218262,45.581311,-0.043509,11.77200,0.00560,11.822,10.562,14.482,2.08,0.91,77.5,139.8,12.5,-2.054,0.897,0.957,0.961,16,1
288.928278,11.227942,45.674877,-0.200698,7.84936,0.00018,7.895,7.309,9.309,0.72,0.11,38.8,101.1,4.4,0.155,0.137,0.708,0.109,32,1
288.742870,10.976197,45.367387,-0.156790,9.13920,0.00050,9.190,7.884,11.727,1.64,0.16,44.6,106.9,2.8,0.025,0.192,1.646,0.160,16,1
288.632970,11.703722,45.961442,0.276804,8.79380,0.00050,8.870,7.667,11.369,2.12,0.16,16.3,78.6,2.1,1.787,0.160,1.143,0.148,16,1
288.415873,11.974448,46.102561,0.590693,10.00160,0.00130,10.073,9.162,12.093,1.71,0.28,25.9,88.2,4.8,1.070,0.301,1.359,0.274,16,1
288.416389,11.070488,45.302024,0.170794,10.18040,0.00140,10.269,10.057,10.649,1.42,0.23,160.2,42.6,4.7,1.112,0.250,-0.918,0.209,16,1
288.422014,11.799412,45.950288,0.504155,11.85716,0.00414,11.877,11.349,13.314,2.40,0.66,6.4,68.8,7.6,2.428,0.662,0.552,0.670,32,1
288.007910,11.213038,45.242601,0.591999,12.29094,0.00939,12.362,12.132,12.786,3.57,1.50,43.4,105.8,11.1,0.219,1.530,3.865,1.497,32,1
288.636244,10.902239,45.253240,-0.098480,11.56989,0.00420,11.625,11.080,12.962,1.90,0.70,34.7,97.0,9.9,0.712,0.658,1.895,0.702,32,1
288.379037,11.757330,45.893488,0.521902,10.64640,0.00380,10.588,10.215,11.615,0.62,0.30,2.2,64.6,14.0,0.692,0.305,0.053,0.311,16,1
288.758783,11.308759,45.669061,-0.015957,9.51940,0.00080,9.559,8.709,11.509,1.41,0.20,21.9,84.2,4.0,1.026,0.184,0.982,0.212,16,1
288.008736,11.661810,45.640825,0.798974,11.26955,0.00314,11.379,11.316,11.680,1.76,0.57,84.5,147.0,8.8,-1.814,0.566,0.352,0.666,32,1
288.009486,11.262797,45.287427,0.613659,7.69245,0.00021,7.842,7.510,9.071,0.64,0.21,88.4,150.8,8.7,-0.673,0.205,0.038,0.222,32,1
288.379883,11.683292,45.828280,0.486823,10.99520,0.00300,10.998,10.276,12.775,2.00,0.45,5.6,68.0,6.4,2.014,0.447,0.401,0.402,16,1
287.949103,11.297052,45.290393,0.682006,8.65740,0.00050,8.704,8.251,10.056,0.68,0.17,101.3,163.7,6.9,-0.650,0.164,-0.269,0.169,16,1
288.011129,11.070996,45.118146,0.523456,9.95910,0.00160,9.986,9.246,11.749,1.35,0.26,11.8,74.2,5.4,1.256,0.237,0.548,0.331,16,1
288.011867,11.590326,45.578869,0.763174,11.76985,0.00454,11.862,11.297,13.284,3.38,1.32,59.4,121.9,10.4,-1.750,1.315,3.182,1.316,32,1
288.639204,10.897250,45.250173,-0.103372,11.16111,0.00205,11.180,10.427,12.649,1.84,0.38,25.1,87.4,5.7,1.204,0.369,1.446,0.382,32,1
288.754907,11.063735,45.450378,-0.126542,9.92760,0.00090,10.004,9.342,11.501,1.45,0.37,18.6,80.9,7.3,1.195,0.376,0.905,0.366,16,1
288.767757,11.765834,46.077785,0.188836,8.54670,0.00040,8.604,7.601,10.717,1.11,0.13,28.1,90.4,3.3,0.620,0.147,0.925,0.119,16,1
288.641539,11.538436,45.818985,0.192565,11.34930,0.00450,11.337,10.676,13.190,1.55,0.72,137.2,19.5,13.3,0.132,0.767,-1.702,0.717,16,1
288.389412,11.092739,45.309450,0.204570,11.33170,0.00390,11.319,10.826,12.466,1.54,0.54,170.2,52.6,10.1,1.537,0.546,-0.547,0.515,16,1
288.392096,11.805905,45.942452,0.533111,12.14605,0.00636,12.199,11.304,14.317,3.53,0.87,25.0,87.3,6.9,2.340,0.904,2.784,0.851,32,1
288.393953,11.337104,45.527990,0.314002,12.23110,0.00830,12.219,11.724,13.472,3.58,1.42,150.1,32.4,11.4,1.932,1.561,-3.331,1.371,16,1
288.717848,10.910370,45.297685,-0.165649,9.71070,0.00090,9.748,8.678,12.029,3.90,0.25,29.9,92.2,1.9,1.967,0.281,3.382,0.244,16,1
288.849127,11.144576,45.564950,-0.170778,10.01370,0.00110,9.966,8.810,12.385,2.24,0.28,39.9,102.2,3.6,0.397,0.187,2.218,0.280,16,1
288.600425,11.877084,46.100157,0.385561,10.73040,0.00220,10.723,9.845,12.744,2.18,0.52,12.3,74.6,6.9,2.041,0.521,0.936,0.530,16,1
288.600427,11.691962,45.936222,0.299559,11.15700,0.00370,11.201,10.721,12.320,2.03,0.93,147.6,29.9,13.1,0.952,0.931,-2.021,0.931,16,1
288.601319,11.449641,45.722043,0.186207,12.20290,0.00900,12.121,11.194,14.194,3.46,1.15,169.9,52.3,9.5,3.419,1.137,-1.251,1.230,16,1
288.025496,11.683831,45.667944,0.794615,9.32350,0.00090,9.397,8.977,10.673,0.69,0.14,100.6,163.0,6.0,-0.661,0.137,-0.256,0.186,16,1
288.029253,11.027534,45.087853,0.487570,9.07260,0.00050,9.146,8.522,10.667,0.43,0.21,19.1,81.5,14.0,0.378,0.209,0.297,0.214,16,1
288.601343,11.916607,46.135574,0.403127,11.05880,0.00300,11.060,10.178,12.897,1.84,0.56,3.0,65.3,8.8,1.912,0.563,0.201,0.567,16,1
288.601363,11.496318,45.763397,0.207855,6.59435,0.00007,6.500,5.781,8.115,1.79,0.71,4.8,67.1,10.5,1.897,0.708,0.319,0.673,32,1
288.602295,10.971339,45.298940,-0.036857,10.56940,0.00190,10.689,10.292,11.956,1.66,0.44,5.6,67.9,7.7,1.680,0.437,0.335,0.562,16,1
288.398208,10.895972,45.139151,0.105624,10.49930,0.00190,10.522,10.097,11.886,0.87,0.30,19.8,82.2,9.9,0.708,0.303,0.587,0.294,16,1
288.400721,11.708283,45.859886,0.480340,12.46870,0.01150,12.327,11.806,13.758,2.88,1.38,41.8,104.1,13.7,0.361,1.334,3.169,1.377,16,1
288.723352,11.247601,45.598760,-0.013635,8.63440,0.00040,8.686,7.818,10.565,0.73,0.16,177.0,59.3,6.1,0.747,0.156,-0.077,0.153,16,1
288.871449,11.266156,45.682752,-0.133579,11.58330,0.00830,11.577,10.702,13.618,2.93,1.02,22.9,85.2,10.0,2.160,1.056,2.224,0.981,16,1
288.029722,11.223638,45.261901,0.577940,11.47440,0.00440,11.503,10.685,13.424,1.77,0.67,25.9,88.4,10.9,1.167,0.737,1.486,0.625,16,1
288.030257,11.459478,45.471210,0.686641,9.12620,0.00060,9.180,8.674,10.460,0.58,0.16,111.9,174.3,7.7,-0.435,0.146,-0.417,0.167,16,1
288.719102,11.039633,45.412700,-0.106639,11.43940,0.00325,11.471,10.904,12.335,1.47,0.58,25.0,87.3,10.4,1.015,0.636,1.210,0.529,32,1
288.606799,11.377597,45.660742,0.147979,10.72920,0.00230,10.823,10.616,11.238,1.32,0.41,172.2,54.5,8.8,1.334,0.401,-0.371,0.459,16,1
288.728701,11.700240,46.001932,0.192187,10.29680,0.00190,10.287,9.890,11.473,1.66,0.28,5.0,67.3,4.8,1.658,0.277,0.295,0.307,16,1
288.875980,11.257697,45.677334,-0.141449,7.82010,0.00030,7.868,7.403,9.140,0.95,0.14,13.3,75.5,4.2,0.858,0.145,0.428,0.117,16,1
287.986709,11.063391,45.100311,0.541180,8.73870,0.00050,8.880,8.410,10.086,0.66,0.19,155.7,38.1,8.4,0.456,0.195,-0.517,0.193,16,1
287.987233,11.153848,45.180740,0.582587,10.21530,0.00150,10.267,9.148,12.348,2.81,0.34,34.2,96.6,3.5,1.042,0.351,2.629,0.337,16,1
288.360316,10.907704,45.132282,0.144028,11.69500,0.00980,11.642,11.149,12.674,2.21,0.90,6.5,68.8,11.7,2.331,0.898,0.536,0.987,16,1
288.611204,11.055314,45.377364,-0.005585,12.18391,0.00669,12.212,10.986,13.926,2.79,1.25,44.5,106.8,11.7,0.058,1.232,3.054,1.249,32,1
288.039088,11.371785,45.397479,0.638377,10.71910,0.00240,10.796,10.266,12.136,1.25,0.31,76.4,138.9,7.0,-1.143,0.304,0.586,0.313,16,1
288.613003,11.503113,45.774714,0.200911,10.84668,0.00147,10.876,10.142,12.586,2.37,0.39,162.1,44.4,4.6,1.950,0.366,-1.410,0.427,64,1
288.613917,11.496866,45.769598,0.197216,12.47775,0.01087,12.507,11.539,14.510,3.73,1.48,174.0,56.2,10.6,3.926,1.479,-0.841,1.545,32,1
288.613943,11.748385,45.992335,0.314053,11.04620,0.00220,11.077,10.019,13.426,3.00,0.45,31.5,93.8,4.3,1.376,0.436,2.698,0.447,16,1
288.407564,11.027037,45.259515,0.158303,8.42990,0.00030,8.457,7.442,10.419,0.84,0.28,136.3,18.6,9.5,0.039,0.225,-0.887,0.279,16,1
288.363752,11.311887,45.491913,0.328537,11.63480,0.00490,11.613,10.791,13.547,3.91,0.74,169.3,51.7,5.4,3.706,0.713,-1.453,0.918,16,1
288.895622,11.088791,45.536808,-0.237121,9.56210,0.00080,9.555,8.312,12.257,3.07,0.13,37.8,100.1,1.2,0.764,0.177,2.974,0.129,16,1
288.614855,11.420119,45.702065,0.160743,9.62332,0.00070,9.682,9.235,10.961,1.41,0.13,169.2,51.6,2.6,1.321,0.127,-0.522,0.149,32,1
288.409136,11.963337,46.089660,0.591376,11.76570,0.00620,11.741,11.233,12.916,2.05,0.88,3.0,65.4,12.3,2.216,0.879,0.234,0.858,16,1
288.410293,11.810993,45.955224,0.519692,11.89150,0.00680,11.960,11.237,13.784,2.48,1.17,36.7,99.1,13.5,0.778,0.946,2.627,1.188,16,1
288.741746,11.653928,45.966872,0.159342,9.96220,0.00099,10.072,9.499,11.520,1.93,0.18,178.7,61.0,2.6,1.940,0.177,-0.089,0.176,32,1
287.993394,11.331505,45.341035,0.659446,9.76240,0.00110,9.827,9.326,11.046,0.98,0.40,91.4,153.8,11.6,-1.055,0.397,-0.051,0.391,16,1
287.993870,11.732355,45.696632,0.844522,10.67030,0.00260,10.640,10.093,12.008,1.30,0.61,35.3,97.7,13.4,0.477,0.593,1.352,0.608,16,1
288.046623,11.813475,45.792453,0.836282,9.36360,0.00060,9.421,8.731,11.221,1.26,0.32,171.9,54.4,7.3,1.248,0.318,-0.360,0.331,16,1
288.410851,11.964291,46.091284,0.590333,12.41690,0.01230,12.353,11.427,13.706,4.65,1.94,0.1,62.5,11.9,5.038,1.935,0.021,1.954,16,1
288.411514,11.267679,45.474481,0.266534,8.27570,0.00030,8.328,7.529,10.060,2.88,0.08,171.8,54.2,0.8,2.767,0.077,-0.810,0.073,16,1
288.365460,11.120740,45.323352,0.238382,12.46620,0.01160,12.390,11.495,14.382,3.14,1.53,4.2,66.5,14.0,3.455,1.536,0.507,1.396,16,1
288.622326,11.500785,45.776897,0.191740,9.92783,0.00095,9.963,8.993,12.242,2.85,0.22,168.6,50.9,2.2,2.633,0.214,-1.108,0.256,32,1
288.414313,11.063579,45.294958,0.169392,8.86370,0.00050,8.933,8.497,10.163,1.11,0.12,152.7,35.1,3.1,0.648,0.114,-0.911,0.122,16,1
288.745942,11.145128,45.518344,-0.080903,10.92080,0.00270,10.931,10.382,12.386,1.03,0.40,7.0,69.3,11.2,1.074,0.401,0.267,0.447,16,1
288.753088,10.923950,45.325798,-0.189968,10.88760,0.00230,10.926,10.420,12.266,1.08,0.36,19.5,81.8,9.4,0.886,0.353,0.716,0.362,16,1
288.365710,11.210029,45.402567,0.279585,10.48680,0.00170,10.507,9.498,12.763,2.99,0.37,168.2,50.5,3.5,2.761,0.385,-1.208,0.282,16,1
288.366262,11.784432,45.911697,0.545553,11.77110,0.00580,11.730,10.870,13.846,2.13,0.75,178.2,60.5,10.0,2.254,0.747,-0.143,0.704,16,1
288.414815,11.100356,45.327765,0.186022,11.70200,0.00620,11.592,10.619,13.721,2.48,0.79,177.4,59.8,9.1,2.596,0.787,-0.234,0.727,16,1
288.415127,11.761027,45.913156,0.492317,11.32260,0.00350,11.312,10.063,13.975,1.61,0.62,10.2,72.5,11.1,1.615,0.592,0.600,0.803,16,1
288.841879,11.186675,45.598905,-0.144894,12.23880,0.00740,12.243,10.997,15.025,3.96,1.66,28.2,90.4,12.0,2.383,1.930,3.576,1.526,16,1
287.953819,11.224490,45.228200,0.644334,8.95040,0.00060,9.075,8.172,10.866,2.14,0.20,41.0,103.5,2.6,0.297,0.195,2.129,0.197,16,1
288.416408,11.922944,46.057177,0.566333,12.46760,0.01010,12.502,11.878,13.959,4.17,1.30,4.6,66.9,8.9,4.311,1.296,0.695,1.408,16,1
288.760714,11.874645,46.170907,0.245544,12.05930,0.00830,11.975,10.937,14.490,2.95,1.44,8.5,70.7,14.0,3.142,1.444,0.956,1.448,16,1
287.957348,11.113242,45.131172,0.589791,10.69640,0.00280,10.619,9.769,12.464,3.26,0.98,18.7,81.2,8.6,2.705,0.983,2.073,0.982,16,1
287.959110,11.361630,45.352187,0.703185,10.70020,0.00190,10.756,10.476,11.586,1.03,0.26,76.8,139.2,7.2,-0.948,0.258,0.473,0.264,16,1
288.041131,11.498786,45.510989,0.695390,10.12689,0.00109,9.926,8.828,11.870,1.71,0.51,31.1,93.5,8.2,0.834,0.557,1.582,0.495,32,1
288.630110,11.720345,45.974860,0.287008,11.94010,0.00790,12.053,11.936,12.501,2.53,1.13,84.3,146.6,12.8,-2.714,1.130,0.547,1.046,16,1
288.631018,11.107396,45.432517,0.001397,9.07710,0.00050,9.091,8.463,10.679,0.89,0.13,12.9,75.2,4.3,0.809,0.136,0.391,0.128,16,1
288.760721,10.953370,45.355328,-0.182921,11.38968,0.00269,11.403,10.189,14.107,4.33,0.50,41.6,103.9,3.3,0.520,0.467,4.323,0.496,32,1
288.633275,11.330311,45.630932,0.103022,12.13590,0.00810,12.168,11.493,13.835,3.00,1.29,74.8,137.1,12.3,-2.821,1.253,1.652,1.402,16,1
288.007237,11.042757,45.091345,0.513771,11.53112,0.00694,11.521,11.064,12.712,7.09,1.46,81.1,143.6,5.8,-6.900,1.438,2.205,1.700,32,1
288.634288,11.318785,45.621187,0.096787,9.85580,0.00110,9.895,9.258,11.524,1.31,0.17,152.6,34.9,3.8,0.759,0.157,-1.079,0.182,16,1
288.763054,11.297337,45.660897,-0.024977,10.18060,0.00170,10.218,9.130,12.485,2.50,0.39,30.9,93.2,4.5,1.197,0.452,2.233,0.373,16,1
288.763083,11.301522,45.664615,-0.023055,10.64180,0.00250,10.697,9.787,12.714,2.20,0.33,31.0,93.3,4.2,1.044,0.312,1.962,0.330,16,1
288.400994,11.765795,45.910960,0.506786,9.71600,0.00130,9.722,8.969,11.125,1.68,0.25,14.6,77.0,4.2,1.483,0.228,0.828,0.296,16,1
288.923952,11.197447,45.645913,-0.211140,12.27550,0.00649,12.207,10.995,14.849,4.21,1.04,45.2,107.5,6.8,-0.034,1.055,4.333,1.036,48,1
288.379109,11.989736,46.099421,0.629644,9.37850,0.00080,9.382,8.981,10.406,0.58,0.17,5.3,67.7,8.3,0.595,0.169,0.112,0.165,16,1
288.402705,11.526119,45.699413,0.394101,11.07320,0.00480,11.060,10.234,13.099,2.35,0.74,13.4,75.8,9.0,2.198,0.720,1.115,0.806,16,1
288.405177,11.145741,45.363579,0.215459,11.50270,0.00440,11.480,10.632,13.566,3.07,0.76,150.5,32.9,7.1,1.628,0.792,-2.709,0.747,16,1
287.972951,11.050506,45.082640,0.547187,9.42964,0.00078,9.534,8.954,11.093,0.87,0.32,12.4,74.9,9.9,0.842,0.321,0.390,0.324,32,1
288.406052,11.198298,45.410535,0.239086,11.56925,0.00366,11.615,10.796,13.561,3.08,0.56,169.1,51.5,5.2,2.909,0.551,-1.162,0.638,32,1
287.979458,11.417796,45.411214,0.711489,10.70980,0.00190,10.700,10.169,12.100,1.22,0.34,50.9,113.4,8.0,-0.261,0.341,1.239,0.339,16,1
288.385051,11.172391,45.378026,0.245316,9.66180,0.00090,9.492,8.324,11.980,3.57,0.24,169.9,52.2,1.9,3.354,0.239,-1.236,0.226,16,1
288.385070,11.854894,45.982663,0.561929,9.56300,0.00080,9.528,9.188,10.656,0.75,0.13,6.8,69.1,4.9,0.737,0.127,0.178,0.122,16,1
288.385082,11.193803,45.397008,0.255223,11.63697,0.00434,11.606,10.598,14.019,3.75,0.62,152.5,34.9,4.7,2.180,0.554,-3.109,0.656,32,1
288.385935,11.254948,45.451563,0.282850,11.21260,0.00320,11.170,10.021,13.795,4.14,0.46,166.4,48.7,3.2,3.702,0.466,-1.907,0.432,16,1
288.409353,11.642663,45.805677,0.442406,10.03360,0.00230,10.050,9.242,11.896,2.34,0.51,15.7,78.0,6.3,2.043,0.500,1.246,0.542,16,1
287.983470,11.191021,45.211987,0.603062,8.89496,0.00045,9.170,8.416,10.781,0.86,0.17,24.2,86.6,5.4,0.583,0.168,0.656,0.165,32,1
288.642028,11.527791,45.809782,0.187194,7.69890,0.00020,7.774,6.881,9.721,1.13,0.13,174.4,56.7,3.3,1.119,0.131,-0.222,0.099,16,1
288.642031,11.631121,45.901279,0.235210,12.21420,0.00960,12.292,11.759,13.750,3.99,1.41,174.0,56.3,10.1,4.137,1.411,-0.879,1.416,16,1
288.643648,11.157413,45.482564,0.013667,9.30650,0.00060,9.362,8.597,11.261,1.29,0.12,0.4,62.7,2.6,1.291,0.118,0.019,0.092,16,1
288.388568,11.299340,45.492087,0.301158,9.07320,0.00060,9.064,8.609,10.336,1.33,0.50,150.5,32.9,10.7,0.734,0.375,-1.217,0.533,16,1
288.411707,10.881641,45.132608,0.087232,9.72820,0.00160,9.790,9.318,10.915,0.81,0.27,27.8,90.1,9.6,0.480,0.282,0.700,0.263,16,1
288.389501,10.884522,45.125041,0.107885,10.16120,0.00260,10.232,9.065,12.770,1.20,0.58,39.5,101.8,13.9,0.256,0.511,1.311,0.585,16,1
288.390405,11.895984,46.021488,0.576365,11.81290,0.00630,11.759,11.385,12.805,2.28,1.02,12.6,75.0,12.8,2.256,1.023,1.064,0.998,16,1
288.392150,11.668548,45.820791,0.469341,10.68500,0.00210,10.712,9.868,12.599,1.89,0.31,10.2,72.5,4.7,1.797,0.300,0.666,0.354,16,1
288.413311,11.483990,45.666915,0.365347,10.72480,0.00230,10.702,9.575,13.199,3.19,0.47,8.3,70.7,4.3,3.089,0.469,0.925,0.539,16,1
288.413319,11.954060,46.083340,0.583447,9.71570,0.00110,9.756,9.311,10.963,1.09,0.26,176.3,58.6,6.8,1.116,0.260,-0.145,0.243,16,1
288.416172,11.247895,45.459075,0.253307,11.96570,0.00590,11.890,11.158,13.767,3.71,1.07,164.6,46.9,8.2,3.312,1.051,-1.978,1.106,16,1
288.340190,10.923406,45.137025,0.168819,10.45870,0.00160,10.369,8.946,13.516,2.42,0.24,10.5,72.8,2.9,2.273,0.241,0.868,0.271,16,1
288.341046,10.957078,45.167246,0.183693,11.17850,0.00280,11.103,10.064,13.457,3.94,0.45,143.6,26.0,3.2,1.175,0.501,-3.788,0.441,16,1
288.023866,11.492156,45.497280,0.707318,10.90929,0.00306,11.074,10.576,12.571,1.17,0.53,1.6,64.0,11.7,1.285,0.527,0.071,0.517,32,1
288.600487,11.774432,46.009281,0.337820,9.34440,0.00060,9.429,8.627,11.266,1.49,0.17,24.4,86.8,3.3,0.988,0.169,1.131,0.170,16,1
287.994717,11.322655,45.333789,0.654201,9.78660,0.00140,9.841,9.399,11.033,1.32,0.45,97.7,160.2,9.8,-1.347,0.452,-0.373,0.461,16,1
288.029763,11.465360,45.476200,0.689793,12.49310,0.01220,12.414,12.046,13.584,3.18,1.48,135.6,18.1,13.3,0.078,1.430,-3.505,1.477,16,1
288.605938,11.946967,46.164549,0.413250,10.53866,0.00177,10.598,9.911,12.387,2.05,0.51,151.8,34.1,6.9,1.168,0.523,-1.761,0.503,32,1
288.397466,11.762721,45.906634,0.508420,10.16780,0.00140,10.126,9.191,12.328,1.69,0.18,13.9,76.3,3.1,1.501,0.180,0.791,0.194,16,1
288.834019,11.030758,45.457305,-0.210616,11.45890,0.00380,11.405,10.214,14.060,2.88,0.57,32.5,94.7,5.6,1.245,0.599,2.663,0.561,16,1
288.834935,11.259584,45.660271,-0.104940,8.75550,0.00060,8.837,8.501,9.420,0.74,0.12,24.1,86.4,4.7,0.503,0.115,0.563,0.129,16,1
288.346064,11.495369,45.646423,0.429004,11.57063,0.00434,11.614,10.796,13.509,2.51,0.92,174.4,56.8,9.9,2.628,0.921,-0.520,0.979,32,1
288.606840,11.399737,45.680366,0.158230,10.71650,0.00200,10.723,9.534,13.314,2.19,0.28,174.6,56.9,3.7,2.167,0.284,-0.413,0.318,16,1
288.607699,11.227422,45.528170,0.077425,12.11408,0.00551,12.194,11.509,13.941,3.05,1.13,17.2,79.6,9.9,2.682,1.175,1.841,1.025,32,1
288.430768,11.800150,45.954918,0.496907,12.13599,0.00643,12.172,11.545,13.586,2.16,1.00,176.4,58.8,12.0,2.359,0.999,-0.295,1.015,32,1
288.353709,11.496354,45.650771,0.422824,11.01740,0.00253,11.068,10.488,12.514,1.72,0.48,1.6,64.0,7.7,1.778,0.477,0.101,0.409,32,1
288.354482,11.273526,45.453711,0.318796,11.95870,0.00730,11.926,11.067,13.989,3.88,1.02,158.0,40.4,7.6,2.890,1.117,-2.786,0.914,16,1
288.922892,11.185879,45.635191,-0.215605,11.92649,0.00386,12.022,11.221,13.817,2.18,0.73,28.1,90.4,9.2,1.278,0.717,1.910,0.742,48,1
288.610281,11.602048,45.861084,0.249239,10.80346,0.00214,10.848,10.163,12.555,1.36,0.30,167.7,50.0,6.2,1.267,0.301,-0.583,0.309,32,1
288.400005,11.658877,45.815793,0.458039,11.78600,0.00600,11.784,11.107,13.561,1.99,0.83,7.7,70.0,11.9,2.074,0.831,0.569,0.760,16,1
288.425574,11.459625,45.650908,0.343395,11.44590,0.00440,11.467,11.024,12.760,2.59,0.79,172.0,54.4,8.8,2.604,0.797,-0.746,0.730,16,1
288.842921,11.271313,45.674297,-0.106415,7.91520,0.00030,7.844,6.893,9.875,1.93,0.16,27.7,89.9,2.3,1.099,0.159,1.590,0.157,16,1
288.425829,11.229714,45.447366,0.236480,11.91200,0.00580,11.970,11.521,13.068,2.43,1.01,163.9,46.3,11.9,2.227,1.036,-1.398,0.950,16,1
288.422136,11.804161,45.954551,0.506253,11.92672,0.00512,11.945,11.175,13.883,2.50,0.90,18.9,81.3,9.7,2.102,0.865,1.632,0.953,32,1
287.952035,11.415259,45.396526,0.734145,10.34480,0.00140,10.306,9.685,11.917,0.80,0.33,60.4,122.8,11.8,-0.442,0.324,0.743,0.332,16,1
287.953876,11.639520,45.596200,0.836293,11.47685,0.00391,11.443,10.670,13.191,2.21,1.05,4.9,67.4,12.3,2.408,1.055,0.420,1.003,32,1
288.364307,11.103877,45.307888,0.231561,11.89930,0.00610,11.890,11.700,12.430,2.68,1.17,133.2,15.6,12.5,-0.180,1.101,-2.915,1.168,16,1
288.047879,11.485728,45.502475,0.683484,8.61120,0.00040,8.689,7.829,10.201,0.49,0.13,29.3,91.7,7.5,0.266,0.124,0.436,0.132,16,1
288.048157,11.357167,45.388637,0.623729,10.36840,0.00180,10.453,9.975,11.780,1.26,0.27,57.6,120.1,6.1,-0.551,0.306,1.167,0.259,16,1
288.053706,11.226246,45.275104,0.558295,9.78030,0.00100,9.801,9.108,11.268,0.76,0.25,52.1,114.5,9.4,-0.195,0.188,0.772,0.251,16,1
288.614924,11.642066,45.898634,0.263805,11.88221,0.00404,11.919,11.386,13.258,3.30,0.95,173.8,56.1,7.9,3.350,0.947,-0.734,0.935,32,1
288.407328,11.956455,46.082742,0.589750,10.14770,0.00160,10.089,8.909,12.482,1.50,0.20,30.7,93.1,3.9,0.724,0.208,1.328,0.204,16,1
288.377583,11.951589,46.064931,0.613273,9.96100,0.00140,9.985,9.282,11.655,1.37,0.19,11.1,73.5,3.9,1.282,0.188,0.525,0.189,16,1
288.378458,11.362382,45.543335,0.339188,11.23090,0.00380,11.256,10.273,13.571,3.31,0.76,166.2,48.5,6.6,3.003,0.759,-1.575,0.761,16,1
288.457275,11.323502,45.544755,0.252692,9.89034,0.00074,9.937,9.413,11.272,1.04,0.32,138.5,20.9,8.3,0.132,0.353,-1.077,0.315,32,1
288.458130,11.860019,46.020381,0.500968,10.65880,0.00200,10.719,10.274,11.952,1.28,0.43,171.7,54.0,9.7,1.297,0.436,-0.389,0.421,16,1
288.459002,11.786570,45.955715,0.466123,11.16348,0.00263,11.275,10.631,12.765,2.78,0.52,0.0,62.4,5.3,2.828,0.524,0.002,0.515,32,1
287.958367,11.051819,45.077180,0.560484,11.31072,0.00360,11.182,10.231,12.320,3.17,1.42,11.0,73.4,11.7,3.221,1.450,1.300,1.245,32,1
288.365499,11.227249,45.417726,0.287756,12.12880,0.00840,12.110,10.968,14.707,3.72,0.99,169.6,52.0,7.6,3.600,0.988,-1.366,0.996,16,1
288.407881,11.457749,45.641200,0.357885,9.54350,0.00080,9.574,8.818,11.032,3.23,0.23,1.3,63.6,2.1,3.238,0.232,0.143,0.204,16,1
288.408685,11.322331,45.521606,0.294352,11.09850,0.00280,11.089,10.674,12.230,2.37,0.43,160.4,42.7,5.2,1.863,0.426,-1.522,0.428,16,1
288.380188,11.474861,45.643767,0.389866,9.73930,0.00110,9.696,8.796,11.720,3.22,0.22,6.9,69.3,1.9,3.137,0.216,0.771,0.272,16,1
288.381078,11.721461,45.862637,0.503492,11.44580,0.00440,11.420,10.870,12.856,1.44,0.66,5.3,67.7,13.2,1.553,0.658,0.292,0.725,16,1
288.381919,11.965052,46.078827,0.615759,11.41520,0.00480,11.415,10.893,12.851,1.67,0.82,166.9,49.2,14.1,1.670,0.809,-0.824,0.863,16,1
288.366072,11.265877,45.452207,0.305178,11.83000,0.00600,11.822,11.233,13.298,3.25,0.73,150.7,33.1,6.4,1.740,0.703,-2.841,0.735,16,1
288.051829,11.708393,45.701655,0.783125,11.85230,0.00690,11.800,11.175,13.516,1.96,0.85,178.5,60.9,12.4,2.135,0.850,-0.111,0.893,16,1
288.621469,11.193164,45.504110,0.049547,8.96710,0.00040,9.058,8.070,11.086,0.94,0.15,4.9,67.2,4.7,0.942,0.154,0.162,0.167,16,1
288.622394,11.500692,45.776846,0.191638,9.91978,0.00077,9.963,8.993,12.242,2.57,0.17,169.9,52.2,1.9,2.418,0.166,-0.890,0.201,48,1
288.366606,11.637053,45.781283,0.476893,11.30260,0.00430,11.281,10.679,12.870,2.40,0.67,167.1,49.4,8.0,2.240,0.670,-1.086,0.664,16,1
288.412276,11.590653,45.760932,0.415737,9.06030,0.00060,9.030,8.257,10.799,1.80,0.16,3.6,66.0,2.5,1.790,0.158,0.229,0.159,16,1
288.386197,11.458066,45.631620,0.376858,10.91720,0.00310,10.789,9.824,12.441,3.98,0.75,6.6,69.0,5.4,3.947,0.758,0.929,0.659,16,1
288.387943,11.717416,45.862172,0.495661,10.54830,0.00190,10.530,10.087,11.758,1.00,0.33,160.8,43.2,9.4,0.827,0.286,-0.654,0.386,16,1
288.462524,11.471712,45.678422,0.316928,12.07690,0.00760,12.131,10.988,14.433,4.03,1.07,172.5,54.9,7.6,4.029,1.058,-1.077,1.165,16,1
288.462835,11.874987,46.035777,0.503837,11.16400,0.00370,11.225,10.722,12.494,1.31,0.54,1.8,64.1,11.7,1.418,0.538,0.088,0.583,16,1
288.367926,11.301793,45.484869,0.320228,10.84130,0.00230,10.803,9.725,13.177,3.26,0.39,165.3,47.6,3.5,2.857,0.412,-1.612,0.330,16,1
288.368167,11.674130,45.814840,0.492737,9.56670,0.00090,9.774,8.693,11.174,1.80,0.23,180.0,62.3,3.6,1.815,0.227,-0.003,0.305,16,1
288.368186,11.214869,45.407981,0.279679,10.96980,0.00250,10.972,10.040,13.169,3.76,0.54,167.8,50.1,4.1,3.459,0.563,-1.577,0.435,16,1
288.389730,11.753182,45.894670,0.510703,9.13270,0.00060,9.112,8.380,10.895,1.38,0.15,5.1,67.5,3.2,1.361,0.150,0.245,0.209,16,1
288.390623,10.918035,45.155240,0.122459,10.11520,0.00150,10.066,9.349,11.942,0.91,0.24,170.7,53.0,7.5,0.887,0.241,-0.300,0.195,16,1
288.631024,11.662467,45.924025,0.259322,10.29070,0.00200,10.340,9.463,12.324,1.06,0.30,10.0,72.3,8.1,1.031,0.288,0.375,0.362,16,1
288.631912,11.054625,45.386197,-0.023902,11.94350,0.00830,11.935,11.237,13.626,2.92,0.91,15.3,77.6,8.9,2.633,0.897,1.559,0.933,16,1
288.415194,11.700489,45.859557,0.464170,11.10960,0.00310,11.072,10.122,13.333,3.55,0.48,13.9,76.2,3.9,3.172,0.493,1.667,0.445,16,1
288.395116,11.401398,45.585475,0.342822,11.33820,0.00410,11.297,10.797,12.654,2.92,0.61,158.1,40.5,6.0,2.157,0.662,-2.066,0.558,16,1
288.369058,11.661749,45.804276,0.486221,10.57280,0.00210,10.675,10.319,11.543,1.21,0.30,1.7,64.0,7.1,1.240,0.300,0.072,0.384,16,1
288.369351,11.181849,45.379259,0.263348,10.73750,0.00250,10.732,9.890,12.677,2.22,0.35,166.1,48.4,4.5,1.986,0.338,-1.051,0.380,16,1
288.369624,11.511917,45.671793,0.416227,9.84210,0.00140,9.931,9.446,11.130,1.35,0.21,24.6,87.0,4.4,0.893,0.228,1.036,0.194,16,1
288.633061,11.574154,45.846752,0.216518,8.57400,0.00040,8.612,7.403,11.058,0.46,0.12,146.7,29.0,7.4,0.187,0.146,-0.432,0.111,16,1
288.468124,11.841974,46.008936,0.483930,9.43815,0.00055,9.556,8.915,10.992,1.92,0.16,7.7,70.1,2.4,1.854,0.160,0.513,0.169,32,1
288.634759,11.918584,46.152516,0.375093,9.95080,0.00110,10.026,9.047,12.292,0.94,0.22,1.2,63.5,6.7,0.959,0.219,0.039,0.230,16,1
288.426305,11.743484,45.902693,0.474483,12.49630,0.01020,12.498,11.913,14.110,3.12,1.53,27.2,89.6,14.1,2.022,1.548,2.830,1.524,16,1
288.426446,11.836868,45.985482,0.517693,10.78550,0.00210,10.765,9.717,13.157,2.19,0.33,19.6,81.9,4.3,1.714,0.347,1.396,0.305,16,1
288.426928,11.684826,45.851014,0.446723,10.83890,0.00260,10.892,10.538,11.875,1.37,0.51,169.2,51.5,10.6,1.359,0.523,-0.540,0.392,16,1
288.469202,10.800996,45.087383,-0.000216,11.23310,0.00400,11.225,10.477,13.077,2.74,0.88,29.5,91.8,9.2,1.486,1.010,2.468,0.835,16,1
288.469378,11.570066,45.768657,0.356632,12.47297,0.00999,12.489,11.773,14.004,3.86,1.57,33.7,96.1,10.8,1.604,1.493,3.847,1.580,32,1
288.401881,11.453844,45.635012,0.361282,11.35370,0.00370,11.369,10.913,12.626,2.54,0.85,156.6,39.0,9.6,1.836,0.930,-1.954,0.774,16,1
288.470228,11.937141,46.094190,0.526277,10.54778,0.00125,10.657,10.564,10.918,0.54,0.24,75.6,138.0,11.7,-0.522,0.248,0.286,0.228,48,1
288.010387,11.466788,45.468677,0.707287,10.15665,0.00105,10.163,9.491,11.948,0.79,0.23,42.3,104.8,8.1,0.078,0.220,0.821,0.233,32,1
288.012779,11.370337,45.384257,0.660570,10.33835,0.00105,10.352,9.755,11.924,0.85,0.42,84.0,146.5,12.6,-0.927,0.417,0.196,0.386,32,1
288.405242,11.643183,45.804269,0.446214,7.87790,0.00030,7.934,6.986,9.900,2.18,0.21,10.6,72.9,2.8,2.046,0.209,0.792,0.246,16,1
288.406136,10.884337,45.132457,0.093329,9.60680,0.00180,9.692,9.303,10.653,0.79,0.23,30.8,93.2,8.2,0.388,0.220,0.719,0.228,16,1
288.471058,11.397656,45.616709,0.275144,11.97076,0.00503,12.062,11.559,13.304,2.60,1.20,114.6,177.0,12.0,-1.874,1.208,-2.168,1.188,32,1
288.471072,11.605208,45.800555,0.371475,9.76830,0.00110,9.804,9.064,11.499,2.14,0.26,172.4,54.7,3.5,2.084,0.259,-0.566,0.286,16,1
288.001628,11.395962,45.401914,0.682120,10.98507,0.00218,11.002,10.714,11.986,0.88,0.37,77.5,140.0,11.1,-0.867,0.375,0.403,0.343,32,1
287.999031,11.184115,45.212929,0.586334,9.76938,0.00094,9.826,9.497,10.767,0.61,0.27,78.5,141.0,11.7,-0.619,0.273,0.262,0.279,32,1
288.015172,11.472292,45.475727,0.705677,8.96500,0.00038,8.933,7.973,10.948,1.09,0.17,41.7,104.2,4.4,0.126,0.126,1.100,0.169,32,1
288.641284,11.710672,45.971379,0.272825,10.44170,0.00210,10.498,10.062,11.720,1.21,0.58,163.7,46.0,13.8,1.130,0.612,-0.725,0.506,16,1
288.379995,11.401091,45.578326,0.355811,11.02380,0.00290,10.989,10.568,12.313,2.04,0.43,151.3,33.7,6.0,1.120,0.442,-1.752,0.422,16,1
288.381742,11.234377,45.431432,0.276949,11.80620,0.00550,11.789,10.831,14.140,4.63,0.77,179.3,61.7,4.7,4.689,0.767,-0.108,0.783,16,1
288.479917,11.085111,45.343913,0.122359,12.40820,0.01180,12.382,11.664,14.114,3.93,1.68,133.4,15.7,12.3,-0.241,1.719,-4.267,1.683,16,1
288.642522,11.950106,46.183958,0.383014,10.80842,0.00175,10.900,10.354,12.287,1.11,0.48,162.5,44.8,11.3,0.991,0.473,-0.694,0.480,32,1
288.382597,11.161982,45.367688,0.242619,11.35230,0.00350,11.350,10.597,13.135,2.47,0.50,166.7,49.0,5.8,2.250,0.501,-1.128,0.474,16,1
288.383469,11.809421,45.941650,0.542222,11.48900,0.00430,11.491,10.856,13.110,1.47,0.60,23.1,85.4,11.7,1.097,0.572,1.142,0.624,16,1
288.480576,11.020468,45.286958,0.091776,12.13610,0.00640,12.110,11.053,14.489,1.84,0.85,6.9,69.3,13.3,1.970,0.853,0.487,0.871,16,1
288.643716,10.847324,45.208025,-0.130497,9.26950,0.00060,9.336,8.206,11.644,2.32,0.19,25.8,88.1,2.4,1.446,0.188,1.819,0.192,16,1
287.989688,11.044613,45.085018,0.529898,11.25513,0.00303,11.400,10.734,13.094,2.81,1.21,10.8,73.2,11.3,2.847,1.153,1.126,1.539,32,1
288.416757,10.975077,45.217675,0.126198,11.65960,0.00500,11.632,9.320,15.703,6.83,1.16,173.5,55.8,4.9,6.746,1.155,-1.569,1.266,16,1
288.417770,11.584921,45.758351,0.408310,10.88350,0.00320,10.895,10.174,12.629,1.89,0.46,177.7,60.1,7.0,1.940,0.463,-0.156,0.438,16,1
288.435749,11.355635,45.563422,0.286301,10.95410,0.00270,10.970,9.697,13.943,5.11,0.51,174.6,56.9,2.9,5.041,0.507,-0.965,0.620,16,1
288.435818,11.478081,45.671916,0.343067,9.14410,0.00050,9.213,8.801,10.400,0.73,0.14,13.4,75.8,5.4,0.665,0.127,0.337,0.177,16,1
288.025605,11.772381,45.746498,0.835501,10.08120,0.00140,10.128,9.822,11.029,0.51,0.21,137.0,19.4,11.6,0.038,0.261,-0.548,0.205,16,1
288.026393,11.647136,45.635819,0.776853,12.07816,0.00641,12.140,11.715,13.320,4.89,1.64,79.0,141.5,9.1,-4.787,1.633,1.928,1.678,32,1
288.426367,11.249364,45.465017,0.245132,11.34070,0.00380,11.338,10.647,13.103,2.40,0.46,177.8,60.2,5.5,2.438,0.461,-0.185,0.454,16,1
288.438232,11.912893,46.058182,0.542754,9.25380,0.00070,9.316,8.518,11.170,1.10,0.24,17.4,79.8,6.3,0.921,0.211,0.640,0.291,16,1
288.439893,11.817030,45.974016,0.496828,11.63290,0.00510,11.630,10.460,14.265,4.98,0.95,171.5,53.9,5.4,4.847,0.963,-1.480,0.749,16,1
287.953887,11.362453,45.350548,0.708105,9.70990,0.00090,9.716,9.049,11.325,0.95,0.39,62.4,124.9,11.7,-0.587,0.378,0.842,0.392,16,1
288.897488,11.175787,45.614657,-0.198247,11.35750,0.00330,11.428,10.418,13.690,2.72,0.68,12.9,75.2,7.2,2.521,0.704,1.220,0.558,16,1
288.601469,11.808291,46.039711,0.352698,10.85660,0.00340,10.834,10.163,12.442,3.71,0.86,12.4,74.7,6.7,3.462,0.856,1.594,0.906,16,1
288.602351,11.462863,45.734222,0.191455,11.97750,0.00670,11.942,10.699,14.692,3.59,0.86,162.0,44.3,6.9,2.987,0.842,-2.171,0.892,16,1
288.602359,11.696233,45.940883,0.299868,9.93650,0.00080,10.016,9.370,11.190,1.44,0.35,166.8,49.1,6.9,1.321,0.348,-0.658,0.339,16,1
288.394958,11.596134,45.757916,0.433309,11.97320,0.01070,11.906,11.555,12.948,2.38,1.14,32.0,94.4,13.7,1.158,1.168,2.378,1.136,16,1
288.395839,11.942949,46.065562,0.593442,10.03178,0.00095,10.039,9.139,12.023,2.69,0.16,19.1,81.4,1.7,2.120,0.153,1.664,0.163,32,1
288.440684,11.488901,45.683713,0.343864,10.90140,0.00295,10.904,10.010,13.076,1.44,0.40,150.4,32.7,7.6,0.762,0.433,-1.282,0.382,32,1
288.442372,11.243101,45.466754,0.228320,11.89930,0.00640,11.942,10.712,14.616,4.27,1.11,167.8,50.1,7.5,4.020,1.145,-1.827,0.939,16,1
288.400026,11.036847,45.264772,0.169409,12.04430,0.00590,12.158,11.400,13.723,2.55,0.97,118.0,0.4,10.9,-1.525,0.942,-2.266,0.984,16,1
288.422734,11.724403,45.884168,0.468726,10.88260,0.00250,10.859,10.442,12.177,1.93,0.41,0.9,63.3,6.0,1.972,0.405,0.065,0.503,16,1
288.423182,11.185773,45.407238,0.218389,11.42502,0.00357,11.474,10.646,13.457,1.79,0.52,164.9,47.2,8.0,1.613,0.538,-0.941,0.477,32,1
288.400040,11.321441,45.516884,0.301448,10.54960,0.00190,10.539,10.136,11.648,1.48,0.27,158.6,40.9,5.2,1.105,0.289,-1.024,0.244,16,1
288.424145,11.022864,45.263371,0.141950,10.79250,0.00200,10.859,9.611,13.569,3.29,0.36,7.8,70.2,3.2,3.189,0.367,0.893,0.300,16,1
288.424177,11.473943,45.662956,0.351252,10.36490,0.00150,10.416,9.974,11.559,1.18,0.40,14.4,76.8,9.8,1.095,0.387,0.603,0.454,16,1
288.446117,10.815038,45.089296,0.026386,9.91880,0.00220,10.006,9.131,11.991,1.09,0.35,5.6,68.0,9.1,1.123,0.344,0.224,0.439,16,1
288.403455,11.138263,45.356171,0.213486,11.74690,0.00510,11.637,10.125,14.908,4.60,0.86,160.4,42.8,5.4,3.630,0.887,-2.958,0.818,16,1
288.378488,11.273586,45.464685,0.297967,9.44570,0.00080,9.405,8.991,10.702,1.42,0.45,155.6,37.9,9.1,0.976,0.393,-1.119,0.485,16,1
288.380221,11.639297,45.789457,0.466121,11.89720,0.00810,11.852,11.656,12.487,2.28,1.01,18.2,80.6,12.7,2.007,1.006,1.480,1.026,16,1
288.451525,11.916556,46.067463,0.532932,11.17880,0.00330,11.240,10.676,12.621,1.48,0.43,21.6,83.9,8.4,1.124,0.412,1.054,0.460,16,1
288.052850,11.449649,45.472748,0.662464,9.65450,0.00090,9.647,9.086,11.114,0.67,0.13,79.2,141.7,5.7,-0.632,0.132,0.250,0.131,16,1
288.453143,11.136074,45.376857,0.169286,7.67330,0.00020,7.759,6.726,9.596,1.71,0.38,171.6,53.9,6.4,1.679,0.379,-0.506,0.397,16,1
288.454872,11.794400,45.960775,0.473339,11.98745,0.00516,12.004,11.274,13.688,3.44,0.65,13.5,75.9,5.3,3.122,0.655,1.591,0.638,32,1
287.981986,11.034413,45.072477,0.531879,10.89300,0.00290,10.971,10.282,12.743,1.75,0.48,5.1,67.5,7.8,1.785,0.472,0.322,0.643,16,1
288.616754,11.423156,45.705619,0.160506,10.21893,0.00118,10.207,9.157,12.676,2.26,0.17,3.0,65.4,2.1,2.250,0.167,0.237,0.180,32,1
288.617681,11.925415,46.150801,0.393063,9.70800,0.00100,9.743,9.040,11.560,1.44,0.33,154.0,36.3,6.5,0.910,0.315,-1.168,0.337,16,1
288.041905,11.077316,45.137730,0.499609,10.95120,0.00310,10.973,10.099,12.898,1.47,0.47,19.6,82.0,9.2,1.194,0.437,0.973,0.521,16,1
288.619513,11.597203,45.860995,0.238980,12.26795,0.00742,12.318,11.723,13.695,2.64,1.15,175.3,57.7,11.5,2.838,1.151,-0.469,1.111,32,1
288.387021,11.017414,45.241634,0.171700,11.57870,0.00450,11.630,10.388,14.260,2.69,0.87,13.9,76.3,9.3,2.501,0.921,1.323,0.659,16,1
288.387967,11.884223,46.009962,0.573022,11.72480,0.00560,11.658,11.272,12.829,1.93,0.81,26.0,88.3,12.0,1.286,0.843,1.644,0.784,16,1
288.459073,11.125064,45.369806,0.159022,11.32849,0.00295,11.397,11.011,12.374,1.46,0.53,168.4,50.8,9.8,1.424,0.521,-0.612,0.574,32,1
288.043014,11.767628,45.750173,0.818194,11.05750,0.00300,11.043,10.648,12.268,1.40,0.62,149.7,32.2,12.7,0.752,0.606,-1.332,0.625,16,1
288.622418,10.997297,45.331104,-0.042289,10.75410,0.00220,10.749,9.915,12.617,1.43,0.46,20.9,83.2,9.2,1.120,0.507,1.000,0.388,16,1
288.412363,11.100325,45.326621,0.188139,9.40140,0.00070,9.343,8.484,11.443,1.84,0.11,150.0,32.4,1.7,0.925,0.122,-1.598,0.104,16,1
288.414645,11.198339,45.414482,0.231638,10.03423,0.00083,10.113,9.415,11.853,1.09,0.22,175.3,57.7,5.7,1.092,0.219,-0.180,0.189,32,1
288.414912,11.651749,45.816252,0.441799,11.38430,0.00500,11.457,10.901,12.785,3.09,0.64,6.0,68.4,5.9,3.086,0.629,0.656,0.756,16,1
288.390664,11.794821,45.931983,0.529210,12.39910,0.00742,12.413,11.656,14.204,3.91,0.98,24.2,86.5,7.0,2.678,1.017,3.009,0.955,32,1
288.390676,11.858296,45.988222,0.558646,11.72620,0.00540,11.701,10.974,13.487,1.68,0.73,48.5,110.8,12.6,-0.220,0.815,1.815,0.734,16,1
288.390691,11.557014,45.721320,0.418862,10.81000,0.00380,10.813,10.291,12.308,1.66,0.47,173.8,56.1,8.1,1.685,0.473,-0.373,0.453,16,1
288.390709,11.976578,46.093027,0.613488,9.69210,0.00110,9.665,9.190,10.954,1.02,0.23,179.3,61.7,6.6,1.043,0.235,-0.025,0.228,16,1
288.391572,11.420970,45.601202,0.354980,10.47760,0.00160,10.458,9.771,12.149,2.17,0.36,156.7,39.1,4.7,1.514,0.368,-1.602,0.351,16,1
288.462304,11.098802,45.348016,0.144023,11.17709,0.00377,11.246,10.822,12.299,2.88,0.56,170.4,52.8,5.5,2.776,0.560,-0.965,0.598,32,1
288.624361,11.067669,45.394304,-0.011279,10.64420,0.00190,10.583,9.784,12.542,0.77,0.36,160.6,42.9,13.3,0.659,0.359,-0.531,0.350,16,1
288.393368,11.554533,45.720339,0.415388,10.95070,0.00390,10.834,10.067,12.790,1.90,0.51,10.2,72.5,7.6,1.841,0.496,0.684,0.560,16,1
288.462320,11.346119,45.567084,0.258809,12.21190,0.00610,12.282,11.168,14.588,2.66,1.10,156.1,38.4,10.9,1.934,1.064,-2.136,1.125,32,1
288.462569,11.849566,46.013138,0.492269,10.85350,0.00260,10.898,10.241,12.560,1.66,0.35,5.3,67.6,6.0,1.663,0.344,0.309,0.406,16,1
287.988779,11.045252,45.085171,0.530985,9.71339,0.00074,9.845,9.347,11.083,0.58,0.15,8.8,71.3,6.9,0.574,0.146,0.183,0.151,32,1
287.988793,11.350154,45.355480,0.672075,9.42853,0.00063,9.528,9.321,10.240,0.76,0.16,87.1,149.5,6.0,-0.770,0.163,0.079,0.157,32,1
287.989022,11.394955,45.395302,0.692608,11.24820,0.00350,11.220,10.770,12.552,1.61,0.47,74.5,136.9,8.4,-1.434,0.474,0.865,0.465,16,1
288.417079,11.507982,45.689881,0.373208,11.99830,0.00810,12.099,11.051,14.401,5.50,1.74,16.3,78.7,9.1,4.855,1.739,3.113,1.748,16,1
288.417109,10.945244,45.191409,0.112048,8.50010,0.00030,8.542,7.394,10.916,1.49,0.10,108.8,171.2,1.9,-1.178,0.103,-0.909,0.095,16,1
288.005678,11.740144,45.708888,0.837878,12.01406,0.00574,12.055,11.515,13.424,1.96,0.97,120.0,2.5,12.6,-1.092,0.916,-1.898,0.983,32,1
288.398512,11.538843,45.708778,0.403644,11.38950,0.00520,11.427,10.702,13.085,1.92,0.75,178.5,60.9,11.2,2.061,0.754,-0.107,0.848,16,1
288.464683,11.879174,46.040325,0.504178,10.29190,0.00150,10.376,9.966,11.060,1.76,0.37,0.3,62.7,6.0,1.796,0.369,0.020,0.283,16,1
288.464687,11.867957,46.030391,0.498969,10.54700,0.00190,10.594,9.718,12.562,1.69,0.34,15.1,77.4,5.8,1.487,0.338,0.863,0.355,16,1
288.008079,11.728115,45.699311,0.830227,10.90647,0.00226,10.966,10.863,11.450,0.96,0.35,97.3,159.7,9.9,-0.989,0.354,-0.257,0.340,32,1
288.428078,11.306801,45.516674,0.270300,11.05050,0.00260,11.052,10.036,13.520,5.24,0.41,174.1,56.4,2.2,5.140,0.407,-1.077,0.409,16,1
288.401083,11.102590,45.323491,0.198995,10.68770,0.00400,10.689,10.317,11.813,2.51,0.45,151.8,34.2,5.1,1.411,0.487,-2.122,0.425,16,1
288.401096,11.243944,45.448714,0.264572,12.03440,0.00630,12.007,11.128,14.123,5.42,0.97,158.2,40.6,5.1,3.995,1.026,-3.795,0.904,16,1
288.634822,11.176216,45.495190,0.030072,9.42540,0.00060,9.450,8.570,11.381,0.87,0.22,3.1,65.4,7.2,0.894,0.219,0.097,0.187,16,1
288.376668,10.953140,45.179981,0.150884,11.05540,0.00280,11.002,10.509,12.344,1.36,0.53,38.3,100.7,11.2,0.337,0.549,1.416,0.527,16,1
288.401950,11.624440,45.786169,0.440374,9.49120,0.00090,9.528,8.993,10.810,1.51,0.21,22.7,85.1,3.9,1.069,0.168,1.084,0.237,16,1
288.404467,11.061291,45.288448,0.176890,10.60120,0.00220,10.639,10.261,11.703,1.25,0.45,158.6,41.0,10.2,0.971,0.478,-0.899,0.403,16,1
288.405280,11.463390,45.645014,0.362760,9.87280,0.00110,9.885,8.778,12.284,3.41,0.67,13.7,76.1,5.6,3.081,0.654,1.599,0.715,16,1
288.469690,11.208739,45.448755,0.188637,11.27985,0.00247,11.332,10.864,12.540,1.08,0.42,176.8,59.2,10.3,1.149,0.415,-0.127,0.435,32,1
287.954877,11.229951,45.233521,0.645940,10.73870,0.00310,10.794,10.079,12.434,2.48,0.97,30.4,92.9,11.2,1.297,0.988,2.330,0.968,16,1
288.637076,11.609326,45.879724,0.229379,11.69040,0.00640,11.761,11.455,12.449,2.04,0.86,9.9,72.2,12.0,2.082,0.853,0.749,0.886,16,1
288.638567,10.931553,45.280257,-0.086878,8.25290,0.00030,8.324,7.554,10.016,1.56,0.09,13.8,76.1,1.7,1.388,0.092,0.724,0.097,16,1
288.019091,11.386382,45.401345,0.662511,11.45550,0.00480,11.462,11.109,12.492,1.68,0.60,75.9,138.4,10.3,-1.570,0.593,0.839,0.627,16,1
288.641314,11.711837,45.972424,0.273340,10.36560,0.00170,10.414,9.673,12.109,1.62,0.57,179.7,62.0,10.2,1.717,0.574,-0.019,0.413,16,1
288.411132,11.043394,45.275629,0.162791,11.09853,0.00216,11.175,10.617,12.602,0.65,0.32,133.7,16.1,12.6,-0.032,0.304,-0.723,0.319,32,1
288.384317,10.889536,45.127121,0.114721,11.83150,0.00840,11.811,10.694,14.430,3.77,1.56,24.1,86.5,11.9,2.715,1.479,3.045,1.621,16,1
288.386096,11.764923,45.903421,0.519302,8.06770,0.00030,8.089,7.128,10.140,1.69,0.31,21.4,83.8,5.2,1.263,0.354,1.172,0.249,16,1
288.386106,11.564409,45.725788,0.426272,10.84090,0.00390,10.896,9.665,13.599,2.76,0.59,25.6,88.0,6.2,1.764,0.689,2.199,0.525,16,1
288.411808,11.125201,45.348404,0.200165,9.67030,0.00080,9.657,9.101,11.082,0.77,0.16,155.7,38.1,6.0,0.517,0.179,-0.586,0.144,16,1
288.412596,11.925890,46.058056,0.571004,10.38770,0.00150,10.415,10.073,11.368,1.33,0.22,2.3,64.6,4.7,1.345,0.216,0.108,0.261,16,1
287.965484,11.597319,45.564043,0.806690,10.21400,0.00180,10.235,9.529,11.860,1.70,0.29,33.4,95.8,4.9,0.680,0.285,1.580,0.293,16,1
287.966281,11.327830,45.325474,0.681313,11.02480,0.00360,11.025,10.444,12.377,1.15,0.45,106.4,168.9,11.2,-1.040,0.450,-0.672,0.451,16,1
287.966299,11.291108,45.292925,0.664306,11.33880,0.00450,11.365,11.004,12.361,1.88,0.82,101.6,164.1,12.5,-1.886,0.814,-0.812,0.851,16,1
288.389583,11.787538,45.925039,0.526769,11.88956,0.00530,11.884,11.153,13.729,2.62,0.86,31.4,93.7,8.9,1.264,0.872,2.454,0.856,32,1
287.971479,11.190239,45.205850,0.613128,8.81872,0.00050,8.928,8.403,10.278,0.42,0.17,40.8,103.2,11.0,0.067,0.173,0.448,0.174,32,1
288.417846,11.266998,45.476759,0.260718,10.93750,0.00280,10.910,9.878,13.203,3.42,0.46,163.3,45.6,3.8,2.877,0.468,-1.898,0.430,16,1
288.431701,11.138661,45.369385,0.189122,10.09540,0.00130,10.068,9.476,11.691,0.94,0.26,173.6,55.9,8.0,0.947,0.264,-0.217,0.237,16,1
288.431710,11.348033,45.554850,0.286280,11.97800,0.00740,11.710,10.774,13.466,5.10,1.04,171.2,53.5,5.8,4.964,1.045,-1.575,0.972,16,1
287.973139,11.369268,45.365323,0.694525,10.82980,0.00200,10.844,10.460,11.890,1.32,0.39,90.9,153.3,8.4,-1.374,0.385,-0.041,0.389,16,1
288.601488,11.445534,45.718483,0.184153,8.98880,0.00050,9.054,8.564,10.390,1.55,0.13,172.0,54.3,2.4,1.493,0.126,-0.429,0.152,16,1
288.423032,11.096084,45.327722,0.176897,9.89950,0.00100,9.934,9.508,11.092,1.37,0.18,166.5,48.9,3.7,1.231,0.182,-0.625,0.160,16,1
288.423922,11.337573,45.542041,0.288190,10.93030,0.00230,10.937,10.012,13.177,3.59,0.52,165.9,48.3,4.1,3.197,0.507,-1.710,0.549,16,1
288.432526,11.139588,45.370581,0.188835,12.05950,0.00770,12.138,11.111,14.368,3.26,1.42,178.3,60.6,12.4,3.550,1.416,-0.212,1.609,16,1
288.397560,11.293115,45.490663,0.290459,12.36290,0.00960,12.349,11.275,14.811,5.29,1.22,174.9,57.2,6.6,5.339,1.221,-0.964,1.241,16,1
288.402629,11.271546,45.473863,0.276048,11.67010,0.00540,11.657,10.286,14.644,4.07,0.61,174.1,56.5,4.3,4.025,0.608,-0.835,0.649,16,1
288.403456,10.825148,45.078805,0.068195,8.44430,0.00060,8.546,7.942,10.039,0.99,0.10,17.8,80.2,2.9,0.808,0.093,0.579,0.113,16,1
288.609536,10.959815,45.292038,-0.048507,10.52636,0.00134,10.630,10.274,11.617,0.70,0.28,173.0,55.3,10.8,0.729,0.283,-0.183,0.296,32,1
288.609539,10.941181,45.275539,-0.057167,11.81378,0.00425,11.810,10.813,14.166,3.20,0.61,29.0,91.4,5.3,1.723,0.606,2.765,0.605,32,1
288.404275,11.324928,45.521900,0.299387,12.20610,0.00860,12.155,11.061,14.772,3.95,1.18,4.0,66.3,8.6,4.079,1.184,0.571,1.089,16,1
288.431136,11.788083,45.944396,0.490989,10.61825,0.00166,10.657,9.705,12.850,2.68,0.33,13.2,75.6,3.5,2.417,0.318,1.203,0.384,32,1
288.431156,11.396955,45.597933,0.309465,12.46580,0.00970,12.499,11.915,13.877,4.95,1.50,176.3,58.7,8.7,5.124,1.495,-0.662,1.569,16,1
288.376888,11.189814,45.389745,0.260493,11.59040,0.00375,11.619,10.735,13.725,2.19,0.57,161.7,44.0,7.2,1.816,0.556,-1.353,0.585,32,1
288.442457,11.221657,45.447798,0.218294,12.12000,0.00690,12.222,11.237,14.382,7.14,1.22,156.1,38.4,4.9,4.868,1.339,-5.369,1.121,16,1
288.445155,11.922966,46.070248,0.541428,9.27420,0.00060,9.323,8.727,10.834,1.21,0.22,17.2,79.5,5.1,1.016,0.207,0.695,0.235,16,1
288.377707,11.208516,45.406686,0.268458,11.13290,0.00320,11.134,10.551,12.306,1.29,0.41,176.6,58.9,9.0,1.343,0.407,-0.161,0.446,16,1
288.448928,11.655898,45.835388,0.414214,9.92690,0.00320,10.064,9.519,11.311,1.99,0.31,169.1,51.4,4.5,1.869,0.302,-0.748,0.384,16,1
288.612216,10.839781,45.186969,-0.106607,11.48965,0.00253,11.502,10.948,13.000,1.68,0.57,10.8,73.1,9.3,1.647,0.576,0.653,0.567,32,1
288.614074,11.496795,45.769607,0.197046,12.46547,0.00800,12.507,11.539,14.510,4.12,1.06,171.3,53.6,7.1,4.059,1.052,-1.274,1.118,48,1
288.380269,11.368526,45.549602,0.340465,8.48670,0.00040,8.556,7.816,10.316,2.05,0.12,161.3,43.6,1.7,1.629,0.124,-1.247,0.113,16,1
288.381191,11.694734,45.839011,0.490996,10.80810,0.00260,10.788,9.867,12.900,2.80,0.56,15.1,77.5,5.7,2.466,0.551,1.439,0.576,16,1
288.448957,11.800925,45.963868,0.481496,9.40315,0.00049,9.455,8.385,11.691,2.75,0.14,180.0,62.3,1.5,2.752,0.142,-0.002,0.177,32,1
288.449794,11.683590,45.860311,0.426315,12.34960,0.00940,12.415,12.021,13.470,2.61,1.16,19.3,81.7,12.7,2.230,1.140,1.781,1.179,16,1
288.449797,11.943291,46.090361,0.546837,11.97599,0.00585,11.885,11.478,12.942,2.66,0.87,15.5,77.9,8.9,2.400,0.870,1.445,0.872,32,1
287.992062,11.396121,45.397715,0.690506,8.95050,0.00040,8.970,8.372,10.499,1.07,0.19,77.8,140.2,5.0,-0.990,0.187,0.451,0.179,16,1
288.615043,11.418690,45.700885,0.159916,11.63543,0.00430,11.567,10.852,13.582,2.57,1.00,178.1,60.4,10.4,2.753,1.000,-0.185,0.982,32,1
288.615962,11.289890,45.587251,0.099273,11.66190,0.00344,11.711,11.148,13.160,1.79,0.53,11.1,73.4,8.1,1.734,0.524,0.706,0.581,32,1
288.383737,11.263787,45.458393,0.288861,10.72020,0.00220,10.673,10.209,11.724,2.08,0.33,162.2,44.6,4.5,1.709,0.347,-1.224,0.288,16,1
288.452359,11.210764,45.442658,0.204635,11.72090,0.00540,11.793,10.862,13.916,2.65,0.92,173.6,56.0,9.9,2.736,0.919,-0.620,0.932,16,1
288.454905,11.795956,45.962168,0.474032,11.77120,0.00418,11.809,10.553,14.453,4.77,0.88,2.7,65.0,5.2,4.828,0.879,0.449,0.942,32,1
288.412410,11.338375,45.537513,0.298561,12.19940,0.00790,12.148,11.149,14.528,3.50,1.40,163.7,46.0,11.5,3.176,1.361,-2.039,1.497,16,1
288.413238,11.102131,45.328619,0.188217,12.22280,0.00920,12.219,10.894,15.078,4.11,1.46,144.2,26.6,10.2,1.377,1.717,-4.132,1.424,16,1
288.385446,11.342525,45.528923,0.323906,11.95783,0.00632,11.720,10.578,13.782,5.71,1.18,177.7,60.1,5.8,5.812,1.185,-0.459,1.080,32,1
288.388013,11.145355,45.355424,0.230198,11.69490,0.00460,11.599,10.323,14.418,2.44,0.70,165.9,48.2,8.3,2.238,0.719,-1.205,0.647,16,1
287.951274,11.573097,45.536126,0.807826,10.34790,0.00210,10.303,9.587,11.997,1.19,0.48,32.4,94.9,11.7,0.544,0.494,1.159,0.481,16,1
288.045281,11.644935,45.642431,0.759436,10.22570,0.00150,10.224,9.330,12.298,0.91,0.43,160.6,43.0,13.4,0.785,0.431,-0.630,0.419,16,1
288.052562,11.085353,45.149696,0.494060,9.52500,0.00090,9.587,9.044,10.892,0.61,0.29,36.3,98.8,13.5,0.202,0.254,0.649,0.293,16,1
288.619561,10.825776,45.177920,-0.119503,10.79890,0.00160,10.788,10.313,12.119,1.84,0.39,14.7,77.0,6.1,1.641,0.389,0.926,0.399,16,1
288.620621,11.554503,45.823688,0.218179,10.45422,0.00141,10.490,9.458,12.389,1.77,0.30,176.5,58.9,4.7,1.780,0.297,-0.217,0.309,32,1
288.416604,11.360260,45.558808,0.305074,10.29150,0.00150,10.294,9.399,12.572,3.95,0.39,168.5,50.9,2.8,3.653,0.376,-1.551,0.452,16,1
288.388037,11.079966,45.297509,0.199839,11.34930,0.00350,11.330,10.708,13.027,1.56,0.54,148.1,30.4,9.9,0.728,0.562,-1.480,0.535,16,1
288.389855,11.885615,46.012052,0.572032,12.30230,0.00900,12.208,11.119,14.684,2.73,1.27,161.9,44.3,13.3,2.433,1.290,-1.778,1.235,16,1
288.457406,11.161293,45.401137,0.177287,10.85215,0.00206,10.879,10.400,12.241,1.31,0.31,164.3,46.7,6.6,1.149,0.305,-0.699,0.315,32,1
288.391644,11.169303,45.378291,0.238153,11.05010,0.00300,11.051,10.624,12.282,2.09,0.53,170.1,52.4,7.3,2.026,0.538,-0.730,0.492,16,1
288.393419,11.486764,45.660327,0.383902,10.01220,0.00140,10.047,9.099,12.129,3.10,0.31,13.0,75.4,2.8,2.804,0.315,1.370,0.273,16,1
288.460031,11.630630,45.818053,0.392854,12.04110,0.00940,12.035,11.497,13.426,3.73,1.33,7.4,69.8,10.2,3.830,1.317,1.016,1.477,16,1
287.961142,11.274536,45.275893,0.661122,11.56270,0.00560,11.561,11.044,12.775,1.79,0.87,116.0,178.5,14.0,-1.224,0.859,-1.571,0.882,16,1
288.005695,11.576492,45.563806,0.762132,11.92180,0.00462,11.975,11.648,12.936,1.75,0.78,135.0,17.5,11.7,0.002,0.772,-1.916,0.780,32,1
288.625448,11.831226,46.070926,0.342570,11.00508,0.00230,11.060,10.669,12.151,1.88,0.56,167.9,50.2,8.1,1.788,0.556,-0.804,0.560,32,1
288.626379,11.120418,45.441933,0.011479,10.14830,0.00120,10.146,9.609,11.615,1.34,0.42,4.5,66.8,9.0,1.388,0.418,0.220,0.467,16,1
288.626389,10.952030,45.292832,-0.066775,10.14970,0.00130,10.127,9.292,12.030,1.99,0.26,20.2,82.5,3.7,1.529,0.276,1.305,0.229,16,1
288.429028,11.343181,45.549332,0.286358,9.37474,0.00055,9.387,8.277,11.910,4.31,0.49,157.5,39.9,3.2,3.067,0.438,-3.068,0.535,32,1
288.429128,11.489097,45.678632,0.353986,8.81286,0.00036,8.906,8.477,9.799,1.42,0.19,5.3,67.6,3.8,1.411,0.190,0.262,0.210,32,1
288.463298,11.941923,46.095279,0.534502,11.64428,0.00398,11.640,11.301,12.063,1.24,0.56,11.7,74.0,11.8,1.255,0.556,0.541,0.606,32,1
287.966307,11.430550,45.416556,0.728817,12.15970,0.00740,11.989,11.441,13.486,3.65,1.38,29.3,91.7,10.8,2.038,1.404,3.332,1.376,16,1
288.008897,11.315953,45.334283,0.638773,8.13800,0.00028,8.299,7.561,9.717,0.75,0.16,87.8,150.2,6.1,-0.767,0.164,0.060,0.164,32,1
288.630245,11.634987,45.899338,0.247228,9.62563,0.00070,9.716,9.023,11.352,2.36,0.18,158.6,40.9,2.2,1.740,0.167,-1.612,0.195,32,1
288.429250,11.332787,45.540226,0.281342,11.80640,0.00550,11.797,11.129,13.421,2.40,0.78,168.0,50.3,9.2,2.303,0.776,-1.030,0.770,16,1
288.396955,11.339423,45.531410,0.312470,11.28251,0.00306,11.302,10.786,12.708,1.97,0.58,174.5,56.9,8.0,2.011,0.577,-0.389,0.522,32,1
288.398569,11.411710,45.596181,0.344608,10.71270,0.00220,10.702,10.144,12.030,3.22,0.62,141.7,24.1,5.5,0.761,0.937,-3.192,0.599,16,1
288.464702,11.100330,45.350462,0.142648,7.59660,0.00014,7.686,7.193,9.312,1.51,0.15,169.3,51.7,2.9,1.412,0.152,-0.552,0.145,32,1
288.010439,11.641299,45.623412,0.788003,9.24971,0.00050,9.428,8.765,10.901,0.51,0.15,75.1,137.5,8.1,-0.457,0.149,0.261,0.146,32,1
288.010446,11.641177,45.623307,0.787941,9.25731,0.00044,9.428,8.765,10.901,0.55,0.13,76.5,138.9,6.7,-0.507,0.134,0.259,0.132,48,1
288.634409,11.614915,45.883459,0.234290,12.27910,0.01080,12.278,11.393,14.296,4.06,1.85,10.1,72.4,13.1,4.191,1.882,1.537,1.629,16,1
288.465312,11.234530,45.469606,0.204412,10.84740,0.00180,10.897,10.378,12.163,1.89,0.29,165.9,48.3,4.3,1.683,0.285,-0.899,0.297,32,1
288.465983,10.858475,45.136827,0.029266,10.88271,0.00229,10.946,10.282,12.545,1.08,0.43,7.7,70.0,10.6,1.122,0.432,0.308,0.384,32,1
288.635401,10.832546,45.191144,-0.130133,12.01770,0.00450,12.038,11.559,13.218,1.93,0.81,6.6,68.9,12.1,2.036,0.814,0.475,0.795,16,1
288.379257,11.388550,45.566881,0.350633,10.87330,0.00240,10.887,9.994,13.046,4.12,0.58,166.7,49.1,4.0,3.717,0.608,-1.862,0.429,16,1
288.381031,11.743308,45.881971,0.513668,10.16120,0.00120,10.106,9.417,11.787,1.24,0.27,4.9,67.2,6.2,1.253,0.266,0.214,0.341,16,1
288.381031,11.255732,45.450026,0.287475,11.54040,0.00440,11.505,10.890,12.970,1.78,0.55,164.3,46.6,8.9,1.592,0.554,-0.975,0.553,16,1
288.381828,11.611631,45.765678,0.451892,11.27690,0.00460,11.249,10.452,13.127,2.21,0.71,16.0,78.4,9.2,1.971,0.724,1.235,0.669,16,1
288.466710,11.458645,45.668752,0.307229,11.40840,0.00440,11.420,10.239,13.894,2.52,0.80,112.3,174.6,9.2,-1.884,0.712,-1.856,0.889,16,1
288.468244,11.202621,45.442678,0.187053,11.97897,0.00463,11.990,11.473,13.465,3.36,0.82,177.1,59.5,6.8,3.437,0.816,-0.351,0.859,32,1
288.941227,11.219805,45.673589,-0.215727,11.91070,0.00550,11.922,10.787,14.478,3.99,0.86,2.0,64.3,6.2,4.070,0.863,0.290,1.069,16,1
288.383560,11.447699,45.621237,0.374338,11.55340,0.00450,11.524,11.020,12.981,2.44,1.13,171.6,53.9,13.3,2.567,1.141,-0.778,0.959,16,1
288.406209,11.982638,46.105431,0.602867,11.26470,0.00390,11.186,9.929,13.841,2.87,0.64,41.9,104.3,6.4,0.318,0.684,2.922,0.637,16,1
288.406243,11.054350,45.283108,0.172126,10.42580,0.00180,10.447,9.284,13.004,2.09,0.32,5.0,67.3,4.4,2.085,0.319,0.367,0.270,16,1
288.406244,11.383074,45.574304,0.324657,11.10100,0.00310,10.963,9.679,13.758,3.94,0.71,159.0,41.3,5.2,2.973,0.798,-2.678,0.581,16,1
288.410096,11.513932,45.691977,0.382031,10.37760,0.00190,10.429,9.661,12.327,2.30,0.38,5.0,67.4,4.7,2.298,0.382,0.406,0.310,16,1
288.469984,11.366008,45.588188,0.261385,11.20495,0.00275,11.264,10.241,13.429,1.82,0.76,158.7,41.1,11.0,1.451,0.769,-1.330,0.746,32,1
288.370774,11.037111,45.251685,0.194966,12.15100,0.00720,12.244,11.310,14.363,3.03,1.33,13.7,76.0,12.6,2.941,1.389,1.521,1.080,16,1
288.641359,11.336561,45.640149,0.098908,12.20830,0.00840,12.216,10.952,15.133,3.07,1.46,83.0,145.3,13.7,-3.300,1.468,0.820,1.375,16,1
288.641698,10.882935,45.238636,-0.112193,9.95380,0.00080,9.966,9.594,11.032,1.06,0.17,171.2,53.5,4.5,1.018,0.165,-0.323,0.165,16,1
288.386925,11.555901,45.718623,0.421614,8.97580,0.00060,9.007,8.364,10.562,1.30,0.16,10.2,72.5,3.5,1.225,0.159,0.454,0.168,16,1
288.410661,11.823188,45.966194,0.525031,9.80520,0.00100,9.816,8.909,11.822,2.15,0.26,28.9,91.2,3.5,1.158,0.212,1.834,0.277,16,1
288.411190,11.710829,45.866898,0.472440,12.43670,0.01010,12.410,11.585,14.305,3.86,1.52,2.1,64.5,11.3,4.134,1.521,0.311,1.842,16,1
288.471717,11.062218,45.319901,0.118859,10.09590,0.00150,10.209,9.657,11.571,0.90,0.37,167.4,49.7,11.9,0.882,0.376,-0.416,0.365,16,1
288.323509,11.263262,45.430529,0.340946,8.74160,0.00040,8.822,8.535,9.754,1.46,0.23,133.3,15.7,4.5,-0.086,0.275,-1.472,0.226,16,1
288.642146,10.979886,45.324687,-0.067528,11.04360,0.00270,11.023,10.466,12.596,1.32,0.55,22.2,84.6,11.8,1.023,0.556,1.005,0.538,16,1
288.387857,11.548965,45.712902,0.417588,10.05970,0.00150,10.075,9.143,12.113,1.89,0.23,19.4,81.7,3.5,1.485,0.217,1.191,0.245,16,1
288.413487,11.685987,45.845935,0.458921,11.98450,0.00670,12.054,11.181,14.066,3.26,0.96,4.8,67.2,8.5,3.353,0.963,0.571,0.997,16,1
288.472261,11.620298,45.814462,0.377448,11.77010,0.00710,11.790,11.146,13.137,3.79,0.90,3.2,65.5,6.8,3.875,0.899,0.433,1.008,16,1
287.990800,11.304170,45.315624,0.649051,11.68890,0.00570,11.761,10.943,13.615,4.13,1.36,34.8,97.2,9.4,1.523,1.365,4.074,1.356,16,1
287.990814,11.024627,45.067812,0.519669,11.76330,0.00560,11.938,11.576,12.896,1.66,0.77,165.0,47.5,13.3,1.588,0.765,-0.914,0.784,16,1
288.657851,10.842252,45.209985,-0.145147,12.22250,0.00600,12.086,10.791,14.949,2.32,0.83,22.3,84.6,10.3,1.755,0.840,1.733,0.829,16,1
288.425170,11.462248,45.653048,0.344963,11.45890,0.00420,11.481,10.655,13.299,3.47,0.90,2.0,64.3,7.4,3.577,0.902,0.248,0.841,16,1
288.431249,11.571358,45.752465,0.390319,9.82910,0.00130,9.810,8.964,11.746,1.99,0.36,7.8,70.1,5.2,1.949,0.354,0.541,0.472,16,1
288.431291,11.495319,45.685127,0.354996,8.93575,0.00038,9.020,7.804,11.525,3.87,0.16,179.3,61.7,1.2,3.874,0.158,-0.090,0.200,32,1
288.483353,11.685881,45.877595,0.398269,9.72150,0.00080,9.758,8.899,11.607,1.58,0.28,2.5,64.9,5.2,1.599,0.285,0.142,0.277,16,1
288.655096,11.133600,45.466699,-0.007345,11.14840,0.00310,11.158,10.589,12.769,0.96,0.42,161.9,44.2,12.6,0.849,0.445,-0.621,0.381,16,1
288.394220,11.022698,45.249594,0.167892,11.43800,0.00390,11.391,10.100,14.280,6.37,0.51,179.8,62.1,2.3,6.386,0.509,-0.051,0.514,16,1
288.394221,11.515410,45.686069,0.396496,11.61220,0.00650,11.632,11.112,13.189,2.46,1.02,9.8,72.1,11.9,2.512,1.014,0.892,1.089,16,1
288.431508,11.975067,46.110207,0.577432,12.15130,0.00860,12.178,11.768,13.277,3.83,1.34,176.7,59.1,10.0,4.028,1.339,-0.462,1.347,16,1
288.428782,11.479716,45.670164,0.349933,11.06410,0.00280,11.112,10.245,13.134,1.52,0.64,11.5,73.9,12.1,1.521,0.651,0.648,0.596,16,1
288.428885,11.926225,46.065748,0.557041,9.16780,0.00060,9.202,8.494,10.999,1.03,0.21,24.5,86.9,5.9,0.689,0.179,0.793,0.235,16,1
288.483606,11.733197,45.919620,0.420014,11.55220,0.00380,11.542,11.111,12.629,2.08,0.90,163.9,46.3,12.3,1.921,0.886,-1.205,0.922,16,1
288.331831,11.442824,45.593400,0.416992,10.66390,0.00210,10.648,9.800,12.593,1.21,0.41,156.4,38.8,9.6,0.866,0.429,-0.934,0.385,16,1
288.655333,11.661031,45.933817,0.237574,11.23430,0.00420,11.309,10.661,12.881,1.12,0.55,153.6,36.0,14.1,0.754,0.539,-0.990,0.553,16,1
288.428982,10.969140,45.217986,0.112812,9.16980,0.00050,9.231,8.415,11.145,0.45,0.12,166.7,49.0,7.9,0.418,0.111,-0.210,0.167,16,1
288.040836,11.143343,45.195772,0.531106,8.47300,0.00040,8.487,7.828,9.988,0.40,0.12,53.7,116.1,8.7,-0.126,0.134,0.400,0.120,16,1
288.397618,11.878567,46.009332,0.562032,9.17520,0.00060,9.100,8.362,10.945,0.61,0.16,171.1,53.4,7.4,0.599,0.157,-0.193,0.162,16,1
288.398431,11.112548,45.331104,0.205921,9.88120,0.00100,9.863,9.335,11.224,1.71,0.16,160.4,42.8,2.7,1.331,0.155,-1.085,0.175,16,1
288.399291,11.570633,45.737294,0.417717,11.69960,0.01020,11.582,10.843,13.240,3.46,1.26,17.5,79.9,10.4,3.014,1.218,2.114,1.343,16,1
288.418381,10.860462,45.116889,0.071598,11.31130,0.00710,11.252,10.525,13.020,2.35,0.94,18.6,81.0,11.5,2.011,0.934,1.531,0.961,16,1
288.567741,11.740582,45.964412,0.350486,11.34210,0.00270,11.392,10.776,12.833,1.81,0.84,153.0,35.3,13.3,1.172,0.847,-1.619,0.840,16,1
288.568651,11.589830,45.831320,0.279677,10.51740,0.00210,10.506,9.961,11.779,1.48,0.28,169.0,51.3,5.4,1.395,0.279,-0.566,0.291,16,1
288.570422,10.964468,45.278319,-0.012340,11.18840,0.00280,10.971,10.103,12.973,1.10,0.53,18.5,80.8,13.9,0.973,0.462,0.731,0.633,16,1
288.419022,11.324663,45.528375,0.286455,11.95790,0.00670,12.027,10.927,14.577,4.45,1.02,0.1,62.5,6.6,4.567,1.019,0.016,0.872,16,1
288.435923,10.856171,45.121083,0.054346,9.65540,0.00150,9.715,8.920,11.601,1.75,0.28,6.7,69.0,4.6,1.724,0.280,0.410,0.320,16,1
288.436750,11.974589,46.112163,0.572667,11.28240,0.00390,11.282,10.305,13.569,3.10,0.63,24.2,86.5,5.8,2.105,0.622,2.364,0.631,16,1
288.438335,11.505009,45.696914,0.353379,11.64830,0.00710,11.699,11.048,13.259,2.42,1.14,164.9,47.3,13.5,2.319,1.168,-1.345,1.064,16,1
288.438350,10.806100,45.077838,0.028996,10.06440,0.00230,10.062,9.276,12.004,1.10,0.41,24.8,87.1,10.6,0.762,0.380,0.893,0.424,16,1
288.042693,11.741440,45.726811,0.806351,10.22810,0.00160,10.245,10.011,11.118,0.57,0.23,106.6,169.0,11.7,-0.518,0.216,-0.338,0.272,16,1
288.339357,10.852603,45.073920,0.136703,11.78370,0.01370,11.901,11.531,12.938,4.07,1.70,176.8,59.2,12.0,4.382,1.697,-0.489,1.792,16,1
288.341117,11.298672,45.469909,0.342071,10.49080,0.00190,10.512,10.015,11.897,1.73,0.32,148.4,30.8,5.3,0.796,0.346,-1.573,0.315,16,1
288.607873,10.889597,45.229100,-0.079685,10.90393,0.00178,10.919,10.298,12.459,1.54,0.38,17.4,79.7,6.9,1.299,0.382,0.905,0.386,32,1
288.439971,10.954122,45.209690,0.096286,10.86680,0.00220,10.882,10.309,12.351,0.67,0.32,165.1,47.5,13.8,0.649,0.326,-0.371,0.320,16,1
288.441611,10.799291,45.073293,0.022998,9.92580,0.00200,9.912,9.086,11.833,1.64,0.53,38.8,101.2,9.2,0.369,0.433,1.682,0.530,16,1
288.441639,11.739426,45.906066,0.459301,12.39280,0.01020,12.396,11.366,14.721,4.61,1.19,176.9,59.2,7.4,4.736,1.189,-0.519,1.307,16,1
288.442462,11.932840,46.077772,0.548344,10.86470,0.00240,10.909,10.201,12.622,1.06,0.44,30.1,92.5,11.9,0.567,0.360,0.993,0.463,16,1
287.958564,11.414558,45.398866,0.728147,11.08040,0.00270,11.038,10.623,12.154,1.05,0.49,110.5,173.0,13.3,-0.872,0.491,-0.760,0.481,16,1
288.043349,11.775435,45.757246,0.821517,9.50990,0.00080,9.503,8.747,11.140,1.02,0.20,19.9,82.3,5.5,0.800,0.181,0.667,0.215,16,1
288.610447,11.715985,45.962054,0.302031,11.37950,0.00360,11.351,9.940,14.344,5.58,0.93,35.9,98.2,4.8,1.762,0.979,5.379,0.930,16,1
288.611402,11.384893,45.669299,0.147373,10.59480,0.00210,10.649,10.254,11.899,1.68,0.39,161.7,44.0,6.6,1.388,0.360,-1.029,0.432,16,1
288.576137,10.876457,45.202986,-0.058192,11.43300,0.00400,11.393,10.436,13.680,2.90,0.86,12.2,74.5,8.5,2.756,0.880,1.248,0.781,16,1
288.576997,10.887750,45.213379,-0.053694,11.90880,0.00690,11.944,11.088,13.984,3.17,1.37,39.4,101.7,12.4,0.674,1.258,3.383,1.370,16,1
288.378639,11.760531,45.896143,0.523732,7.87340,0.00030,7.823,6.692,9.722,1.41,0.47,42.8,105.1,9.6,0.116,0.647,1.486,0.471,16,1
288.379439,11.524576,45.687469,0.413580,10.95090,0.00320,11.002,10.477,12.300,1.47,0.49,23.9,86.2,9.6,1.040,0.497,1.145,0.491,16,1
288.379470,11.466917,45.636403,0.386804,10.32890,0.00280,10.314,9.625,11.991,2.40,0.45,179.7,62.0,5.3,2.444,0.447,-0.029,0.560,16,1
288.442485,11.258392,45.480350,0.235319,10.70060,0.00230,10.710,10.051,12.198,2.78,0.34,173.9,56.2,3.5,2.741,0.343,-0.592,0.307,16,1
287.963857,11.166900,45.181698,0.608958,8.84970,0.00050,8.972,8.907,9.201,0.48,0.15,32.9,95.4,8.8,0.207,0.148,0.463,0.149,16,1
288.044718,11.018213,45.086618,0.469800,10.72670,0.00170,10.763,10.477,11.688,0.73,0.32,168.7,51.1,12.6,0.738,0.322,-0.308,0.328,16,1
288.344506,11.707775,45.833901,0.528869,12.10270,0.00740,12.113,11.259,14.187,2.74,1.10,41.8,104.1,11.5,0.332,0.990,2.933,1.103,16,1
288.579364,11.755215,45.982656,0.347205,9.82210,0.00090,9.875,8.957,11.937,2.02,0.26,17.4,79.7,3.6,1.671,0.253,1.161,0.263,16,1
288.380336,11.318678,45.505473,0.317281,9.85920,0.00100,9.781,8.752,11.963,3.62,0.17,161.2,43.6,1.3,2.871,0.174,-2.210,0.163,16,1
288.382057,11.831824,45.960856,0.553839,11.97380,0.00730,11.982,11.347,13.632,2.70,0.94,24.8,87.2,10.0,1.849,0.937,2.173,0.936,16,1
288.445276,11.396875,45.604286,0.297167,11.89690,0.00580,11.910,11.333,13.364,2.31,0.83,166.8,49.1,10.3,2.198,0.828,-1.092,0.851,16,1
288.446198,11.809902,45.970566,0.488054,11.44080,0.00460,11.407,10.649,13.254,3.00,0.67,178.1,60.5,6.4,3.062,0.664,-0.201,0.898,16,1
288.447115,11.832303,45.990826,0.497655,10.22760,0.00150,10.286,9.643,11.727,1.40,0.29,2.3,64.7,5.9,1.420,0.287,0.115,0.242,16,1
288.051342,11.194383,45.245787,0.545599,10.17548,0.00127,10.199,9.904,11.058,0.54,0.20,62.4,124.8,10.2,-0.329,0.203,0.473,0.206,32,1
288.354520,11.240152,45.424161,0.303282,11.51760,0.00410,11.455,10.540,13.506,2.55,0.57,160.8,43.1,6.4,2.047,0.548,-1.626,0.606,16,1
288.615062,11.373165,45.660581,0.138747,10.42426,0.00137,10.533,10.195,11.514,0.84,0.34,160.9,43.3,10.7,0.714,0.335,-0.561,0.344,32,1
288.615062,11.449891,45.728523,0.174396,12.25319,0.00754,12.090,11.314,13.803,3.46,1.27,162.4,44.8,9.9,3.010,1.328,-2.121,1.144,32,1
288.580817,11.324861,45.602208,0.146038,11.65540,0.00400,11.711,11.343,12.565,1.67,0.81,138.2,20.5,13.8,0.207,0.691,-1.841,0.807,16,1
288.448965,11.366872,45.579389,0.280039,8.80220,0.00050,8.957,8.106,10.821,2.59,0.21,149.9,32.3,2.4,1.291,0.187,-2.253,0.222,16,1
288.449813,11.958068,46.103458,0.553681,12.07520,0.00980,12.092,11.651,13.201,3.19,1.47,156.7,39.0,13.2,2.413,1.440,-2.554,1.491,16,1
288.583661,11.819470,46.041514,0.373327,12.45880,0.01150,12.504,12.328,12.965,4.12,1.81,124.1,6.4,12.6,-1.676,1.763,-4.174,1.815,16,1
288.450730,11.818509,45.980249,0.488119,7.78970,0.00020,7.823,6.812,9.869,2.67,0.18,10.8,73.1,1.9,2.493,0.177,0.986,0.192,16,1
288.452423,11.012490,45.267064,0.112549,11.93050,0.00620,12.001,10.520,15.144,4.47,0.77,39.9,102.2,4.9,0.807,0.742,4.459,0.768,16,1
288.453264,10.832931,45.108403,0.028474,11.26849,0.00374,11.342,10.744,12.850,2.15,0.73,49.8,112.2,9.2,-0.377,0.862,2.235,0.725,32,1
287.974018,11.201759,45.217215,0.616251,10.91620,0.00370,10.999,10.479,12.333,2.22,0.78,20.4,82.8,10.0,1.783,0.773,1.535,0.778,16,1
288.046028,11.742246,45.729037,0.803830,10.73020,0.00270,10.766,10.696,10.883,0.93,0.37,92.4,154.9,11.5,-1.002,0.374,-0.085,0.374,16,1
288.046441,11.491820,45.507223,0.687553,10.15672,0.00105,10.180,9.628,11.746,1.08,0.21,25.9,88.4,5.4,0.678,0.209,0.864,0.203,32,1
288.622551,11.500642,45.776873,0.191478,9.91680,0.00067,9.963,8.993,12.242,2.48,0.17,169.8,52.2,1.9,2.329,0.163,-0.863,0.196,64,1
288.388949,11.203249,45.407136,0.256245,11.14230,0.00280,11.228,10.633,12.856,2.29,0.49,172.8,55.1,6.2,2.264,0.495,-0.583,0.476,16,1
288.389907,11.909910,46.033599,0.583257,10.45420,0.00170,10.446,10.056,11.535,0.92,0.32,1.1,63.5,9.8,0.976,0.317,0.037,0.274,16,1
288.454140,11.369483,45.584056,0.276757,9.47500,0.00090,9.582,8.517,11.787,2.76,0.28,154.7,37.1,2.9,1.759,0.279,-2.139,0.274,16,1
288.462424,11.345882,45.566921,0.258608,12.22158,0.00543,12.282,11.168,14.588,2.83,1.01,159.5,41.9,9.7,2.271,0.988,-1.975,1.050,48,1
288.463537,11.693213,45.875082,0.418860,8.80480,0.00028,8.953,8.456,10.042,1.43,0.24,174.7,57.1,4.8,1.421,0.243,-0.267,0.206,32,1
288.365844,10.936818,45.160592,0.152726,11.21530,0.00300,11.180,9.852,13.967,3.71,0.53,27.7,90.0,4.1,2.134,0.449,3.085,0.563,16,1
288.624498,11.567072,45.836583,0.220656,12.08151,0.00657,12.120,11.092,14.486,2.43,1.07,157.3,39.6,11.5,1.865,1.076,-1.892,1.065,32,1
288.625528,10.884145,45.232328,-0.097570,11.38860,0.00280,11.329,10.101,14.140,2.82,0.81,23.0,85.3,8.3,2.040,0.813,2.108,0.816,16,1
288.626450,11.894407,46.127329,0.371058,7.98791,0.00017,8.127,7.503,9.509,1.09,0.09,170.6,53.0,2.3,1.039,0.089,-0.353,0.088,32,1
288.627425,11.460586,45.743623,0.168636,11.18090,0.00420,11.249,10.850,12.315,1.65,0.73,176.4,58.7,12.6,1.791,0.725,-0.225,0.813,16,1
288.628384,11.856577,46.094710,0.351805,11.58750,0.00370,11.649,11.220,12.815,1.96,0.70,13.2,75.6,9.7,1.864,0.701,0.926,0.708,32,1
288.597503,11.254800,45.547767,0.099000,12.48430,0.00850,12.590,11.989,13.898,5.23,1.96,1.8,64.1,10.7,5.570,1.953,0.353,2.649,16,1
288.597524,11.026462,45.345577,-0.007100,11.60340,0.00420,11.654,10.686,13.925,2.26,0.96,26.6,88.9,12.2,1.471,0.756,1.970,1.058,16,1
287.990592,11.339290,45.346665,0.665484,10.94047,0.00230,10.978,10.514,12.261,1.80,0.55,83.9,146.3,8.4,-1.839,0.555,0.399,0.528,32,1
288.368908,11.160391,45.360048,0.253779,9.11990,0.00060,9.138,8.465,10.757,1.85,0.14,154.4,36.8,2.2,1.165,0.167,-1.445,0.129,16,1
288.630307,11.524555,45.801579,0.195860,12.07892,0.00802,12.078,11.616,13.353,3.97,1.46,170.1,52.4,9.9,3.976,1.444,-1.436,1.535,32,1
288.597665,11.808445,46.038118,0.356067,8.87060,0.00050,8.919,8.134,10.782,2.27,0.21,18.7,81.0,2.7,1.810,0.214,1.386,0.207,16,1
288.394386,11.195795,45.403007,0.248062,11.28930,0.00271,11.322,10.364,13.526,4.03,0.48,153.6,35.9,3.4,2.451,0.522,-3.236,0.451,32,1
288.394431,11.300762,45.496014,0.296725,10.57990,0.00190,10.590,9.982,11.998,1.50,0.26,153.1,35.4,5.0,0.899,0.286,-1.231,0.251,16,1
287.991454,11.112297,45.145822,0.559686,9.76700,0.00120,9.728,8.704,11.724,2.80,0.38,30.9,93.4,3.9,1.332,0.375,2.494,0.379,16,1
288.465721,11.469759,45.678146,0.313246,10.91130,0.00300,10.955,9.398,14.069,1.67,0.49,48.7,111.0,8.4,-0.225,0.527,1.726,0.490,16,1
288.466441,11.671751,45.857391,0.406380,9.91490,0.00077,9.984,9.333,11.639,2.08,0.19,177.9,60.3,2.6,2.083,0.187,-0.151,0.211,32,1
288.369692,11.830416,45.953995,0.563908,11.42010,0.00420,11.410,10.775,12.967,2.09,0.62,41.8,104.1,8.4,0.245,0.706,2.162,0.614,16,1
288.632077,10.893385,45.243499,-0.098971,11.75789,0.00323,11.752,10.870,13.749,1.94,0.61,17.1,79.4,8.6,1.681,0.610,1.139,0.616,32,1
288.634154,11.053705,45.386405,-0.026278,10.55040,0.00190,10.539,10.034,11.797,1.28,0.63,24.1,86.5,14.0,0.949,0.586,1.065,0.657,16,1
288.397806,11.107148,45.326036,0.203959,11.37010,0.00410,11.360,10.670,13.059,1.59,0.51,157.1,39.5,9.2,1.166,0.522,-1.195,0.497,16,1
288.398638,11.985048,46.104130,0.610546,12.08870,0.00820,12.090,11.106,14.343,4.10,1.86,40.3,102.7,13.0,0.736,1.741,4.445,1.865,16,1
288.462698,11.705054,45.885189,0.425084,12.13008,0.00523,12.175,11.565,13.629,2.36,0.89,174.0,56.3,10.1,2.462,0.885,-0.526,0.906,32,1
288.466468,11.825619,45.993697,0.477774,11.31450,0.00390,11.402,10.819,12.890,2.62,1.01,179.9,62.3,11.1,2.804,1.012,-0.007,0.793,16,1
288.467200,11.289371,45.519041,0.228229,11.68555,0.00346,11.644,10.370,14.551,6.22,0.49,177.6,59.9,2.3,6.220,0.494,-0.530,0.496,32,1
288.467227,11.509375,45.713921,0.330328,10.39468,0.00166,10.479,9.644,12.414,0.87,0.41,166.2,48.6,12.2,0.850,0.422,-0.444,0.354,32,1
288.467232,11.234754,45.470679,0.202848,10.14006,0.00088,10.186,9.849,11.240,1.81,0.18,171.8,54.2,2.8,1.746,0.182,-0.513,0.157,32,1
288.012119,11.722389,45.696066,0.824071,8.35120,0.00021,8.508,7.863,9.861,0.27,0.12,86.7,149.2,11.5,-0.294,0.119,0.034,0.115,32,1
288.012150,11.434790,45.441110,0.690946,10.17808,0.00102,10.241,9.808,11.388,0.73,0.23,100.2,162.6,8.5,-0.716,0.221,-0.265,0.253,32,1
288.371319,11.664172,45.807450,0.485383,12.39180,0.01190,12.302,11.505,14.292,6.57,1.59,9.7,72.0,7.0,6.377,1.568,2.242,1.794,16,1
288.634890,11.729578,45.985211,0.287154,10.92660,0.00320,10.974,10.624,11.987,1.73,0.47,160.3,42.6,7.8,1.387,0.440,-1.139,0.517,16,1
288.634905,11.642535,45.908142,0.246694,11.96830,0.00780,11.984,10.825,14.706,2.87,1.37,8.2,70.5,13.6,3.053,1.374,0.896,1.284,16,1
288.634910,10.868356,45.222629,-0.113066,10.31150,0.00100,10.358,8.949,13.135,4.02,0.28,19.2,81.5,2.0,3.157,0.287,2.504,0.278,16,1
288.635416,10.926490,45.274336,-0.086491,10.12080,0.00130,10.147,9.463,11.843,1.94,0.21,8.6,70.9,3.1,1.865,0.206,0.574,0.221,16,1
288.544737,11.940410,46.130930,0.463230,10.90645,0.00345,10.973,10.328,12.622,1.78,0.67,7.9,70.2,10.1,1.827,0.663,0.514,0.698,32,1
288.400344,11.824168,45.962377,0.534431,9.09310,0.00050,9.126,8.563,10.613,1.17,0.13,29.2,91.6,3.1,0.613,0.114,1.000,0.130,16,1
288.463792,11.007253,45.267606,0.100234,11.40272,0.00279,11.422,10.159,14.254,2.06,0.39,20.6,83.0,5.4,1.572,0.384,1.381,0.402,32,1
288.464749,11.526997,45.728403,0.340658,10.72297,0.00223,10.822,10.313,12.021,0.99,0.42,153.4,35.8,11.1,0.642,0.432,-0.858,0.407,32,1
288.548196,11.166769,45.447343,0.100940,10.11080,0.00130,10.173,9.973,10.631,1.08,0.23,159.5,41.8,6.1,0.830,0.238,-0.724,0.215,16,1
288.372106,11.295218,45.480946,0.313547,12.17320,0.00770,12.170,10.738,14.978,4.37,1.17,3.5,65.9,7.6,4.493,1.167,0.553,1.091,16,1
288.372228,11.339670,45.520381,0.334062,9.33900,0.00054,9.388,8.820,10.897,2.23,0.18,159.9,42.3,2.3,1.711,0.193,-1.442,0.153,32,1
288.372260,11.354280,45.533339,0.340812,11.17720,0.00330,11.141,9.946,13.557,3.21,1.10,5.9,68.3,9.8,3.317,1.110,0.697,0.797,16,1
288.551698,11.504409,45.747956,0.254712,9.99192,0.00091,9.991,8.668,12.800,0.39,0.18,17.3,79.7,11.7,0.354,0.171,0.245,0.187,32,1
288.551706,11.202639,45.480709,0.114550,10.35740,0.00150,10.431,10.053,11.435,0.73,0.25,1.8,64.1,9.9,0.776,0.254,0.048,0.221,16,1
288.552585,10.926458,45.236524,-0.014486,11.26120,0.00330,11.206,10.116,13.654,3.03,0.69,16.1,78.4,6.5,2.633,0.720,1.653,0.612,16,1
288.552595,11.382857,45.640716,0.197480,9.51890,0.00090,9.551,8.798,11.268,2.02,0.17,177.2,59.6,2.5,2.021,0.173,-0.196,0.182,16,1
288.405388,11.949511,46.075710,0.588210,10.51920,0.00220,10.481,9.610,12.430,1.22,0.31,25.4,87.8,7.3,0.792,0.309,0.971,0.309,16,1
288.470076,11.599251,45.794826,0.369574,11.61960,0.00570,11.629,11.021,13.025,2.61,0.78,3.0,65.4,8.6,2.713,0.781,0.288,0.801,16,1
288.021626,11.625538,45.614511,0.770996,10.59250,0.00180,10.684,9.995,12.407,1.09,0.46,30.8,93.3,12.1,0.562,0.459,1.042,0.460,16,1
288.642221,11.494211,45.780135,0.171422,10.53480,0.00220,10.599,10.017,12.082,0.81,0.31,128.4,10.7,10.8,-0.199,0.303,-0.844,0.306,16,1
288.642695,10.914611,45.267139,-0.098340,8.63940,0.00050,8.713,8.370,9.855,0.66,0.11,15.6,78.0,4.6,0.569,0.099,0.346,0.122,16,1
288.642704,11.777973,46.031619,0.302868,11.58960,0.00540,11.636,11.417,12.567,2.90,0.70,178.0,60.3,6.9,2.980,0.701,-0.211,0.767,16,1
288.642725,11.801700,46.052639,0.313876,8.06265,0.00021,8.079,6.897,10.255,2.59,0.14,11.1,73.4,1.5,2.403,0.139,0.983,0.128,32,1
288.643868,11.619156,45.891520,0.228056,12.13600,0.00900,12.171,11.206,14.460,2.90,1.36,172.7,55.0,13.5,3.099,1.366,-0.805,1.325,16,1
288.552613,11.649952,45.877268,0.321513,11.50827,0.00312,11.487,10.293,13.961,3.17,1.03,7.0,69.3,8.9,3.234,1.032,0.803,1.000,32,1
287.948605,11.292710,45.286317,0.680430,9.28750,0.00070,9.286,8.476,11.232,1.92,0.24,53.3,115.7,3.6,-0.552,0.238,1.854,0.241,16,1
288.348204,11.492376,45.644744,0.425758,10.18045,0.00127,10.236,9.542,11.953,2.59,0.37,179.1,61.5,4.1,2.613,0.373,-0.080,0.329,32,1
288.348214,11.067047,45.267934,0.228468,9.06760,0.00060,9.184,8.037,11.673,4.59,0.20,177.4,59.8,1.3,4.581,0.202,-0.414,0.206,16,1
288.556238,11.602418,45.836820,0.296292,8.29060,0.00030,8.311,7.434,10.171,1.20,0.11,163.5,45.8,2.7,1.013,0.107,-0.659,0.130,16,1
288.558022,11.723077,45.944489,0.350783,11.18890,0.00300,11.198,10.484,13.078,2.67,0.53,7.8,70.1,5.7,2.619,0.529,0.733,0.533,16,1
288.558057,11.534964,45.777909,0.263385,10.96450,0.00310,10.942,9.989,13.115,1.61,0.53,167.7,50.1,9.4,1.542,0.504,-0.704,0.629,16,1
288.471271,11.267473,45.501498,0.214528,12.06832,0.00473,12.058,10.734,14.871,4.07,0.70,166.6,49.0,4.9,3.687,0.680,-1.861,0.794,32,1
287.953244,11.494767,45.467568,0.769877,12.00198,0.00602,12.085,11.500,13.499,3.20,1.23,161.7,44.2,10.3,2.756,1.217,-2.041,1.253,32,1
287.955069,11.103577,45.121569,0.587302,10.11740,0.00190,10.124,9.446,11.733,1.04,0.36,1.3,63.8,10.0,1.106,0.364,0.051,0.363,16,1
288.025746,11.274237,45.304950,0.604819,8.49800,0.00030,8.522,7.873,9.998,0.46,0.17,90.5,153.0,10.3,-0.491,0.167,-0.009,0.157,16,1
288.428306,10.862677,45.123374,0.063992,10.09950,0.00220,10.105,9.480,11.710,1.96,0.39,26.7,89.0,5.7,1.194,0.386,1.604,0.390,16,1
288.486964,11.701885,45.893412,0.402566,10.33100,0.00140,10.368,9.580,12.186,2.52,0.46,1.0,63.3,5.3,2.561,0.462,0.087,0.454,16,1
288.651468,10.834320,45.200048,-0.143282,11.42040,0.00290,11.419,10.906,12.782,1.46,0.59,36.3,98.6,11.6,0.475,0.599,1.506,0.592,16,1
288.562616,11.861701,46.069347,0.411183,10.56810,0.00220,10.557,9.572,12.706,2.32,0.29,12.7,75.0,3.6,2.109,0.294,1.001,0.299,16,1
288.563551,11.872836,46.079633,0.415544,11.19670,0.00340,11.178,9.732,14.202,3.95,0.72,159.2,41.5,5.2,3.000,0.728,-2.670,0.718,16,1
287.961234,11.492113,45.468838,0.761708,9.67826,0.00082,9.710,9.041,11.393,0.65,0.16,30.7,93.2,7.0,0.319,0.159,0.586,0.165,32,1
288.436564,11.231962,45.454244,0.228197,11.95640,0.00650,12.020,11.281,13.682,3.45,0.95,154.6,37.0,7.9,2.265,0.865,-2.773,1.008,16,1
288.437367,11.867030,46.017161,0.522221,10.49830,0.00160,10.572,10.158,11.553,1.27,0.28,179.0,61.4,6.2,1.304,0.278,-0.044,0.338,16,1
288.437383,11.619815,45.798177,0.407484,11.23310,0.00420,11.220,10.417,13.264,2.25,0.64,175.6,57.9,8.1,2.313,0.636,-0.360,0.725,16,1
288.566164,11.468646,45.722868,0.225547,9.24780,0.00060,9.269,8.210,11.566,1.28,0.17,14.3,76.7,3.7,1.137,0.160,0.621,0.178,16,1
288.567017,11.506517,45.756795,0.242397,12.41316,0.00855,12.450,11.021,15.545,5.36,1.48,30.7,93.1,7.6,2.655,1.668,4.882,1.420,32,1
288.567785,10.848508,45.174425,-0.063910,12.25320,0.00910,12.175,11.771,13.400,3.23,1.42,7.5,69.9,12.6,3.402,1.418,0.915,1.384,16,1
288.418620,11.540902,45.719744,0.387147,10.98460,0.00380,10.996,10.548,12.310,2.37,0.91,148.2,30.6,11.0,1.131,0.785,-2.274,0.942,16,1
288.042714,11.604863,45.605743,0.743117,12.49650,0.01070,12.536,12.188,13.702,3.57,1.69,141.9,24.3,13.5,0.945,1.672,-3.837,1.688,16,1
288.042960,11.269702,45.308745,0.587755,9.36620,0.00070,9.368,8.944,10.518,0.48,0.21,87.0,149.4,12.4,-0.518,0.208,0.054,0.181,16,1
288.601631,11.053596,45.371477,0.001936,11.19260,0.00390,11.274,10.930,12.219,1.60,0.70,164.7,47.0,12.5,1.501,0.681,-0.886,0.745,16,1
288.602564,11.529898,45.793680,0.222413,11.38580,0.00480,11.352,10.522,13.381,2.81,0.71,171.2,53.6,7.3,2.764,0.711,-0.873,0.751,16,1
288.603471,11.391830,45.671830,0.157481,11.59180,0.00460,11.579,10.682,13.741,2.20,0.78,26.9,89.2,10.2,1.380,0.887,1.885,0.721,16,1
288.569556,11.668595,45.901485,0.315476,11.87180,0.00470,11.882,11.172,13.695,4.75,1.77,163.2,45.5,10.7,4.227,1.767,-2.807,1.781,16,1
288.570446,11.151165,45.443663,0.074361,11.88090,0.00680,11.886,9.612,16.401,11.07,0.90,89.5,151.8,2.3,-11.109,0.900,0.188,0.982,16,1
287.970768,11.409869,45.400244,0.715372,11.80100,0.00550,11.681,10.834,13.644,3.03,0.77,20.3,82.7,7.2,2.376,0.753,2.035,0.785,16,1
288.441423,11.237170,45.461069,0.226392,9.15840,0.00060,9.235,8.634,10.802,2.20,0.15,160.7,43.1,2.0,1.721,0.142,-1.373,0.165,16,1
288.444172,11.781109,45.944140,0.476448,11.47100,0.00400,11.496,10.974,13.057,1.19,0.57,2.3,64.7,13.7,1.313,0.568,0.107,0.698,16,1
288.336170,11.187931,45.369548,0.295006,11.21240,0.00307,11.241,10.421,13.243,2.17,0.74,143.2,25.6,9.2,0.648,0.820,-2.199,0.732,32,1
288.605326,10.891061,45.229235,-0.076790,10.91823,0.00191,10.958,10.166,12.793,2.04,0.42,9.8,72.1,5.8,1.961,0.423,0.699,0.403,32,1
288.574014,11.975341,46.175169,0.454087,11.72360,0.00510,11.699,10.834,13.845,4.52,1.75,154.9,37.2,11.1,3.103,1.740,-3.719,1.755,16,1
288.576179,11.257397,45.540351,0.118727,11.67400,0.00440,11.650,11.059,13.117,1.64,0.63,169.4,51.8,11.0,1.636,0.625,-0.632,0.649,16,1
288.162210,11.090272,45.203892,0.400973,9.40313,0.00067,9.437,8.764,11.068,0.83,0.15,22.6,85.1,5.1,0.594,0.148,0.600,0.151,32,1
288.446882,11.001111,45.254461,0.112085,10.67430,0.00540,10.650,9.060,13.890,3.52,0.41,22.8,85.1,3.4,2.483,0.431,2.533,0.393,16,1
288.447770,11.952991,46.098033,0.553095,7.68670,0.00020,7.833,7.062,9.438,1.08,0.14,1.2,63.6,3.7,1.084,0.138,0.047,0.131,16,1
288.044202,11.566908,45.572771,0.724256,9.47170,0.00070,9.537,8.979,10.912,0.39,0.18,77.6,140.0,13.2,-0.389,0.179,0.180,0.176,16,1
288.607915,10.889445,45.228985,-0.079792,10.90474,0.00149,10.919,10.298,12.459,1.53,0.38,17.9,80.2,6.8,1.278,0.372,0.919,0.382,48,1
288.578757,11.785754,46.009425,0.361917,11.46432,0.00332,11.506,11.066,12.655,1.15,0.56,178.9,61.2,12.6,1.278,0.565,-0.051,0.565,32,1
288.579418,11.278260,45.560303,0.125605,11.64350,0.00390,11.608,10.929,13.222,1.31,0.51,172.2,54.5,11.2,1.355,0.511,-0.378,0.505,16,1
287.993597,11.379001,45.383234,0.681250,11.75230,0.00460,11.716,11.391,12.727,2.95,1.05,81.1,143.6,10.2,-2.986,1.049,0.957,1.071,16,1
288.452189,11.129650,45.370733,0.167133,11.63910,0.00450,11.636,10.551,14.052,2.24,0.80,179.3,61.7,10.2,2.374,0.800,-0.057,0.953,16,1
288.046473,11.022901,45.091571,0.470443,11.29800,0.00340,11.344,10.683,13.053,2.01,0.66,19.1,81.5,9.3,1.663,0.652,1.311,0.663,16,1
288.612356,10.867786,45.211832,-0.093717,10.47852,0.00111,10.465,9.361,12.864,3.41,0.23,23.2,85.5,1.9,2.355,0.223,2.472,0.236,32,1
288.613289,10.870339,45.214518,-0.093343,11.55283,0.00336,11.548,10.594,13.676,3.84,0.77,23.3,85.7,5.6,2.688,0.769,2.850,0.772,32,1
288.581681,11.477243,45.737545,0.216074,9.53170,0.00080,9.514,8.424,11.920,0.94,0.15,157.7,40.0,4.7,0.679,0.145,-0.671,0.162,16,1
288.170116,11.292656,45.386843,0.487865,9.87767,0.00084,9.935,9.680,10.745,0.38,0.15,137.5,19.9,10.7,0.036,0.152,-0.412,0.154,32,1
288.616048,10.902126,45.243925,-0.080972,11.60797,0.00343,11.589,10.516,14.055,2.84,0.65,14.0,76.3,6.4,2.574,0.651,1.366,0.666,48,1
288.616066,10.902052,45.243867,-0.081022,11.58458,0.00408,11.589,10.516,14.055,2.40,0.71,13.5,75.8,8.1,2.230,0.705,1.132,0.722,32,1
288.584582,11.225858,45.516250,0.096777,9.13590,0.00050,9.169,8.482,10.859,0.56,0.16,11.8,74.1,8.2,0.534,0.161,0.233,0.154,16,1
287.996222,10.984678,45.034854,0.496474,11.59798,0.00364,11.657,10.989,13.256,1.85,0.64,0.6,63.1,9.4,1.957,0.642,0.042,0.539,32,1
288.355376,11.118026,45.316357,0.245888,10.54080,0.00190,10.545,9.896,12.072,1.17,0.30,152.4,34.8,7.3,0.688,0.282,-0.990,0.305,16,1
288.773458,10.985963,45.389997,-0.178832,11.83730,0.00620,11.862,11.142,13.562,3.49,1.02,39.5,101.8,8.4,0.691,0.942,3.565,1.022,16,1
288.776155,11.037089,45.436488,-0.157396,11.89969,0.00692,11.935,11.558,12.960,2.02,0.92,160.1,42.4,11.9,1.705,0.939,-1.420,0.902,32,1
288.564719,10.893048,45.212470,-0.040555,11.83739,0.00456,11.890,11.159,13.694,4.30,0.73,2.2,64.6,4.8,4.345,0.729,0.339,0.715,32,1
288.565561,11.703002,45.930139,0.334922,11.26130,0.00430,11.252,10.143,13.581,3.39,1.01,178.2,60.6,8.5,3.535,1.013,-0.218,1.021,16,1
288.461670,10.980328,45.242790,0.089581,10.32373,0.00112,10.391,9.698,11.982,1.02,0.19,1.2,63.6,5.2,1.035,0.189,0.043,0.191,32,1
288.026813,11.770729,45.745581,0.833688,10.32160,0.00160,10.359,9.913,11.549,0.66,0.22,132.7,15.1,9.4,-0.056,0.230,-0.694,0.216,16,1
288.026826,11.197768,45.237654,0.568483,8.08185,0.00021,8.051,7.090,9.928,1.60,0.14,17.4,79.8,2.5,1.321,0.132,0.915,0.155,32,1
288.366172,11.332327,45.511121,0.335916,11.30270,0.00470,11.298,10.373,13.379,3.67,0.65,166.1,48.5,5.0,3.301,0.638,-1.740,0.678,16,1
288.599490,11.672756,45.918788,0.291449,11.92190,0.00490,11.920,10.685,14.671,5.15,1.74,177.5,59.8,9.7,5.415,1.740,-0.471,1.759,16,1
288.176761,11.867368,45.899208,0.748345,11.21250,0.00660,11.234,10.445,13.044,2.03,0.72,169.3,51.7,10.1,2.007,0.722,-0.787,0.694,16,1
288.179296,10.884214,45.029055,0.290635,11.62890,0.00380,11.525,10.319,14.225,2.75,0.61,20.8,83.2,6.4,2.106,0.615,1.870,0.609,16,1
288.003327,11.196603,45.225951,0.588378,12.17658,0.00717,12.307,12.012,13.165,2.59,1.23,168.0,50.5,12.3,2.624,1.223,-1.165,1.272,48,1
288.003331,11.196497,45.225858,0.588325,12.18919,0.00642,12.307,12.012,13.165,2.62,1.20,166.9,49.4,12.0,2.585,1.193,-1.272,1.240,64,1
288.369761,11.884896,46.002293,0.589118,12.45810,0.01070,12.433,12.019,13.581,3.81,1.43,173.8,56.2,10.8,3.972,1.414,-0.871,1.752,16,1
288.182566,11.138439,45.255833,0.405589,9.49300,0.00110,9.520,8.621,11.639,2.75,0.21,8.4,70.8,2.2,2.638,0.210,0.801,0.207,16,1
288.570726,11.945438,46.147192,0.443047,9.13383,0.00055,9.266,8.388,11.140,2.13,0.25,177.7,60.1,3.3,2.136,0.245,-0.170,0.251,32,1
288.628455,11.792527,46.038025,0.321983,10.64780,0.00240,10.641,9.768,12.942,3.94,0.70,19.3,81.7,5.0,3.124,0.704,2.496,0.702,32,1
288.009008,11.424040,45.430154,0.688701,9.97036,0.00077,9.989,9.228,11.837,1.01,0.16,59.2,121.6,4.4,-0.486,0.167,0.901,0.157,32,1
288.628473,11.792639,46.038132,0.322019,10.66005,0.00173,10.641,9.768,12.942,4.59,0.35,11.9,74.1,2.2,4.216,0.359,1.852,0.315,48,1
288.628489,11.844336,46.083918,0.346026,10.52279,0.00145,10.488,9.041,13.718,3.40,0.27,16.2,78.6,2.2,2.880,0.269,1.834,0.262,32,1
288.630371,11.783321,46.030744,0.316044,11.33610,0.00460,11.388,10.993,12.455,1.67,0.78,156.0,38.4,13.3,1.234,0.834,-1.366,0.728,16,1
288.789942,11.827581,46.142548,0.198331,11.09220,0.00390,11.093,10.084,13.522,1.63,0.61,16.2,78.5,10.8,1.465,0.555,0.932,0.732,16,1
288.465789,11.651916,45.839525,0.397739,9.48490,0.00050,9.563,9.211,10.488,1.55,0.20,159.6,42.0,3.7,1.184,0.191,-1.018,0.218,32,1
288.373027,11.739821,45.875246,0.518993,9.00350,0.00040,9.054,8.641,10.146,0.71,0.18,2.5,64.9,7.3,0.726,0.179,0.063,0.240,16,1
288.373363,11.649576,45.795448,0.476839,9.43931,0.00081,9.539,9.015,10.907,1.94,0.70,171.7,54.0,9.8,1.980,0.700,-0.593,0.746,32,1
288.373380,11.123386,45.329301,0.232725,11.61120,0.00530,11.483,10.253,14.323,4.18,0.73,178.9,61.2,5.0,4.241,0.729,-0.168,0.646,16,1
288.634524,11.052250,45.385286,-0.027276,10.00280,0.00130,9.940,8.637,12.817,1.88,0.34,26.9,89.2,5.2,1.128,0.289,1.539,0.367,16,1
288.547402,11.941626,46.133218,0.461485,11.17361,0.00488,11.473,10.818,13.058,3.05,1.36,176.4,58.7,11.7,3.314,1.364,-0.423,1.337,32,1
288.548271,11.920773,46.115144,0.451048,10.73630,0.00240,10.735,9.556,13.365,2.10,0.64,8.3,70.6,8.7,2.104,0.634,0.625,0.643,16,1
288.793418,11.281019,45.660302,-0.058926,9.57410,0.00100,9.651,8.882,11.446,1.19,0.16,30.5,92.8,3.9,0.579,0.174,1.049,0.159,16,1
288.793428,11.113912,45.512380,-0.136668,9.74180,0.00100,9.714,9.099,11.254,0.41,0.18,43.8,106.1,12.3,0.018,0.135,0.447,0.177,16,1
288.582009,11.167415,45.463324,0.071863,10.85060,0.00270,10.584,8.934,13.638,4.39,0.43,124.3,6.6,2.8,-1.609,0.506,-4.108,0.418,16,1
288.587045,11.124592,45.427697,0.047594,10.32970,0.00160,10.356,10.085,11.119,1.48,0.40,154.2,36.5,7.8,0.952,0.399,-1.201,0.404,16,1
288.587048,10.884059,45.214696,-0.064149,11.24750,0.00430,11.256,10.433,13.238,1.73,0.69,176.9,59.2,11.5,1.849,0.690,-0.204,0.744,16,1
288.636038,11.017799,45.355471,-0.044601,10.65520,0.00190,10.642,9.234,13.686,0.72,0.31,115.8,178.1,12.4,-0.487,0.298,-0.616,0.321,16,1
288.552645,10.841963,45.161723,-0.053782,11.63260,0.00480,11.579,10.782,13.265,2.87,0.99,15.9,78.2,9.9,2.580,1.025,1.599,0.913,16,1
288.553549,11.746190,45.962925,0.365396,11.91470,0.00500,11.882,11.215,13.550,4.95,0.77,0.0,62.3,4.4,5.006,0.768,0.003,0.754,16,1
288.205560,11.629159,45.701156,0.612995,8.45260,0.00050,8.564,8.097,9.793,0.78,0.20,154.0,36.4,7.4,0.499,0.244,-0.637,0.172,16,1
288.374345,11.308489,45.493721,0.317758,12.07380,0.00680,11.964,10.927,14.028,3.99,1.26,160.7,43.1,9.1,3.273,1.327,-2.615,1.156,16,1
288.374374,11.244299,45.436869,0.287954,10.13690,0.00120,10.195,10.065,10.361,0.51,0.20,116.2,178.6,11.4,-0.337,0.221,-0.439,0.196,16,1
288.374459,11.172611,45.373400,0.254623,12.07860,0.00680,12.069,11.176,14.221,4.21,1.97,150.8,33.1,13.4,2.434,1.668,-3.961,2.071,16,1
288.641834,11.592680,45.867150,0.217517,10.11970,0.00150,10.163,9.541,11.694,1.29,0.23,161.4,43.7,5.1,1.042,0.223,-0.791,0.235,16,1
288.642257,10.923354,45.274680,-0.093896,10.42570,0.00170,10.467,10.150,11.487,0.66,0.25,5.4,67.7,10.9,0.689,0.250,0.131,0.250,16,1
288.555384,11.610009,45.843154,0.300558,10.87470,0.00320,10.826,9.180,14.227,2.83,0.52,24.4,86.8,5.3,1.891,0.463,2.166,0.564,16,1
288.804672,10.998296,45.415168,-0.200220,11.95400,0.00630,11.946,10.667,14.829,3.18,1.07,26.6,88.8,9.7,2.015,0.947,2.685,1.138,16,1
288.207705,10.922024,45.075488,0.283437,9.89230,0.00100,9.950,9.497,11.067,0.84,0.24,42.3,104.6,8.2,0.084,0.180,0.872,0.243,16,1
288.588404,10.887903,45.218718,-0.063542,11.64090,0.00630,11.647,10.834,13.587,2.39,0.80,26.2,88.5,9.5,1.534,0.797,1.994,0.794,16,1
288.374635,11.651750,45.797952,0.476744,10.36130,0.00210,10.433,9.823,11.968,1.59,0.36,3.7,66.1,6.5,1.618,0.363,0.212,0.389,16,1
288.374740,11.156576,45.359322,0.246940,10.04710,0.00130,10.011,9.259,11.858,1.57,0.17,158.2,40.6,3.0,1.142,0.162,-1.087,0.171,16,1
288.642759,11.359325,45.660944,0.108272,9.65480,0.00110,9.710,9.030,11.259,0.58,0.18,8.9,71.2,9.1,0.583,0.181,0.188,0.220,16,1
288.558072,10.909357,45.223882,-0.027200,10.64800,0.00240,10.611,9.483,13.294,4.09,0.37,13.9,76.3,2.6,3.635,0.373,1.921,0.348,16,1
288.558104,10.879572,45.197519,-0.041062,10.82040,0.00250,10.767,9.851,13.081,1.87,0.44,24.1,86.5,6.8,1.275,0.447,1.431,0.433,16,1
288.588893,11.530287,45.787802,0.234456,8.69330,0.00050,8.745,8.025,10.435,2.11,0.15,164.8,47.1,2.0,1.823,0.149,-1.070,0.149,16,1
288.589381,10.907232,45.236281,-0.055412,10.74150,0.00200,10.817,10.354,12.021,1.25,0.27,8.5,70.8,6.2,1.225,0.270,0.373,0.271,16,1
288.470546,10.798833,45.086080,-0.002390,11.62900,0.00600,11.477,10.812,13.258,2.23,1.10,164.2,46.5,14.1,2.116,1.067,-1.303,1.182,16,1
288.470999,11.665292,45.853742,0.399428,12.28878,0.00642,12.305,11.881,13.411,3.03,1.48,35.5,97.9,12.5,1.095,1.336,3.191,1.492,32,1
287.903898,11.118816,45.111849,0.638867,8.92770,0.00060,8.954,8.309,10.344,0.77,0.33,46.7,109.1,12.4,-0.049,0.331,0.834,0.333,16,1
288.648318,11.694140,45.959941,0.259043,11.62180,0.00610,11.689,11.209,12.943,1.89,0.75,163.4,45.8,11.4,1.704,0.737,-1.112,0.784,16,1
288.209898,10.958254,45.108590,0.298319,10.00460,0.00120,9.998,9.122,11.936,1.72,0.17,17.6,80.0,2.9,1.408,0.179,0.995,0.159,16,1
288.210009,11.651199,45.722707,0.619347,11.06714,0.00296,11.124,10.304,12.975,1.78,0.49,10.2,72.6,7.6,1.734,0.497,0.644,0.454,32,1
288.471556,11.285438,45.517540,0.222620,11.50528,0.00307,11.500,10.925,12.857,2.59,0.56,161.0,43.4,6.1,2.087,0.542,-1.633,0.595,32,1
288.471557,11.335813,45.562159,0.246003,9.56620,0.00057,9.669,9.459,10.307,0.60,0.19,126.7,9.0,8.7,-0.181,0.154,-0.605,0.196,32,1
288.025013,10.959909,45.025981,0.459954,8.30640,0.00030,8.340,7.802,9.779,1.02,0.15,9.7,72.1,4.2,0.977,0.151,0.344,0.151,16,1
288.563575,10.943169,45.256335,-0.016280,10.97650,0.00230,10.955,9.987,13.103,3.17,0.52,22.9,85.2,4.7,2.237,0.485,2.299,0.545,16,1
288.814055,10.958903,45.384582,-0.226699,11.86260,0.00610,11.797,10.556,14.414,2.51,0.98,24.3,86.6,11.2,1.785,0.900,2.022,1.036,16,1
288.210365,11.331917,45.439924,0.471083,7.67870,0.00020,7.775,6.974,9.392,1.39,0.37,0.8,63.2,7.7,1.437,0.373,0.039,0.450,16,1
288.596962,11.471910,45.739779,0.200335,10.24150,0.00130,10.247,9.361,12.343,1.19,0.26,153.3,35.7,6.2,0.726,0.245,-0.974,0.264,16,1
288.597181,10.897241,45.230991,-0.066836,10.56330,0.00180,10.636,9.894,12.589,2.02,0.29,12.2,74.5,4.1,1.857,0.294,0.842,0.278,16,1
288.597233,11.220543,45.517309,0.083319,10.15650,0.00120,10.191,9.548,11.563,0.55,0.18,0.9,63.2,9.4,0.575,0.180,0.017,0.199,16,1
288.590822,11.389243,45.663778,0.167260,12.01530,0.00670,12.069,11.634,13.175,3.00,0.92,143.0,25.3,8.8,0.861,0.864,-3.019,0.926,16,1
288.477419,11.953050,46.111548,0.527430,8.81729,0.00038,8.740,7.992,10.382,2.19,0.20,174.5,56.9,2.6,2.156,0.196,-0.419,0.191,32,1
288.649254,11.660316,45.930417,0.242513,10.85480,0.00310,10.899,9.917,13.130,2.01,0.51,10.0,72.3,7.2,1.950,0.491,0.710,0.624,16,1
288.649265,11.478892,45.769779,0.158191,9.54000,0.00100,9.557,9.186,10.760,0.81,0.17,164.2,46.5,5.9,0.709,0.163,-0.435,0.177,16,1
288.649267,11.755323,46.014549,0.286654,10.06580,0.00140,10.035,9.108,12.163,2.80,0.42,20.4,82.7,4.4,2.146,0.371,1.850,0.490,16,1
288.814788,11.164925,45.567286,-0.131488,8.67870,0.00040,8.753,8.118,10.291,0.18,0.07,20.7,83.0,11.4,0.145,0.068,0.128,0.076,16,1
288.814790,11.820506,46.147599,0.173511,11.90160,0.00690,11.942,11.494,13.012,3.68,1.34,131.7,14.0,10.4,-0.452,2.274,-3.889,1.324,16,1
288.814983,11.228183,45.623371,-0.102228,8.24370,0.00040,8.291,7.507,10.138,1.73,0.17,30.1,92.3,2.8,0.864,0.155,1.504,0.172,16,1
288.590915,11.181031,45.479440,0.070451,10.08980,0.00140,10.155,9.686,11.240,0.91,0.26,179.4,61.7,8.1,0.947,0.256,-0.019,0.215,16,1
287.916994,11.350382,45.323111,0.734589,9.03347,0.00042,9.042,8.455,10.447,0.41,0.13,74.7,137.1,8.4,-0.374,0.126,0.221,0.131,32,1
288.570489,11.675061,45.907636,0.317670,10.12270,0.00110,10.105,9.233,12.032,2.21,0.43,175.4,57.7,5.6,2.219,0.434,-0.357,0.435,16,1
288.210589,10.951612,45.103019,0.294640,9.98000,0.00130,10.017,9.757,10.811,0.54,0.18,44.2,106.5,9.5,0.017,0.208,0.565,0.178,16,1
288.210842,11.184101,45.309153,0.402166,12.15650,0.00940,12.288,11.689,13.480,4.24,1.37,155.6,38.0,9.2,2.931,1.374,-3.349,1.360,16,1
288.591398,11.960269,46.169721,0.432026,9.46090,0.00080,9.573,8.844,11.285,1.54,0.36,9.1,71.4,6.7,1.507,0.360,0.497,0.378,16,1
288.434869,11.983362,46.119080,0.578368,9.16460,0.00100,9.140,8.391,10.993,1.62,0.23,9.9,72.3,4.0,1.539,0.228,0.556,0.222,16,1
288.556831,11.978898,46.170512,0.470625,10.04780,0.00120,10.078,9.303,11.965,1.70,0.54,17.6,80.0,9.1,1.456,0.538,1.030,0.543,16,1
288.556857,10.933073,45.244330,-0.015128,10.06760,0.00120,10.064,9.526,11.483,1.13,0.31,16.5,78.8,7.9,0.985,0.290,0.641,0.360,16,1
287.966761,11.028105,45.059969,0.542207,11.36180,0.00390,11.445,10.851,13.105,1.25,0.50,5.4,67.8,11.3,1.323,0.497,0.251,0.462,16,1
288.571329,10.950752,45.266586,-0.019500,11.85580,0.00580,11.820,11.412,12.512,2.07,0.89,22.4,84.7,12.3,1.601,0.872,1.589,0.902,16,1
287.933954,11.434883,45.405726,0.758936,9.10370,0.00050,9.102,8.617,10.391,0.61,0.13,78.2,140.6,5.9,-0.567,0.125,0.248,0.130,16,1
288.576650,10.867102,45.194936,-0.062983,12.23230,0.00780,12.233,11.323,14.426,3.52,1.63,36.1,98.4,13.2,1.185,2.016,3.696,1.581,16,1
288.777128,11.045423,45.444310,-0.154365,8.58493,0.00031,8.676,8.161,9.937,0.88,0.14,16.4,78.7,4.4,0.746,0.143,0.482,0.124,32,1
288.777137,11.045372,45.444269,-0.154397,8.57783,0.00025,8.676,8.161,9.937,0.81,0.12,16.6,78.8,4.1,0.683,0.121,0.446,0.103,48,1
288.548615,10.888290,45.200912,-0.028761,8.92448,0.00041,9.004,8.529,10.221,1.35,0.15,173.8,56.1,3.2,1.327,0.151,-0.292,0.200,32,1
288.561399,11.910997,46.112452,0.435132,10.27710,0.00160,10.281,9.476,12.177,1.22,0.31,10.1,72.4,7.3,1.179,0.313,0.433,0.308,16,1
287.937763,11.271489,45.262583,0.680038,9.71410,0.00090,9.706,9.226,10.905,0.77,0.26,92.6,155.0,9.6,-0.805,0.257,-0.073,0.247,16,1
288.448855,11.076372,45.322023,0.145302,10.51600,0.00170,10.578,9.836,12.341,1.21,0.48,168.9,51.2,11.4,1.206,0.485,-0.493,0.469,16,1
288.567547,10.884025,45.205770,-0.047206,10.08740,0.00130,10.112,9.336,12.001,2.54,0.37,1.8,64.1,4.2,2.565,0.368,0.161,0.472,16,1
288.569283,11.868739,46.078610,0.408674,10.93670,0.00300,10.857,9.606,13.633,2.82,0.38,1.2,63.6,3.9,2.839,0.380,0.122,0.381,16,1
288.584626,10.895294,45.223540,-0.056823,12.10809,0.00593,12.199,11.521,13.880,3.33,1.05,32.4,94.7,8.6,1.482,1.134,3.158,1.031,31,1
288.784210,11.723862,46.048122,0.155054,11.26606,0.00288,11.181,10.085,13.635,2.92,0.53,37.7,100.0,5.1,0.747,0.574,2.872,0.531,32,1
288.557517,11.071004,45.366782,0.048362,9.93200,0.00120,9.995,9.649,10.986,0.52,0.25,150.4,32.7,14.1,0.295,0.286,-0.495,0.242,16,1
287.984618,11.489120,45.476788,0.740008,9.92100,0.00110,9.980,9.632,11.048,0.69,0.32,151.2,33.6,13.2,0.407,0.335,-0.643,0.311,16,1
288.594892,11.811906,46.039922,0.360078,11.53630,0.00540,11.483,10.274,14.204,3.17,0.85,38.3,100.6,7.7,0.759,0.831,3.186,0.847,16,1
288.169374,11.676526,45.726714,0.666348,11.12690,0.00560,11.187,10.660,12.466,1.49,0.54,112.3,174.7,10.3,-1.128,0.551,-1.109,0.520,16,1
288.169376,11.454898,45.530293,0.563674,10.21350,0.00150,10.322,9.721,11.878,0.75,0.35,103.1,165.5,13.3,-0.741,0.349,-0.363,0.348,16,1
288.561120,11.051781,45.351400,0.036302,9.07370,0.00060,9.173,8.477,10.862,0.83,0.13,173.5,55.8,4.5,0.816,0.127,-0.189,0.157,16,1
288.561139,11.728906,45.951069,0.350788,11.06420,0.00240,11.081,10.517,12.514,2.76,0.45,171.6,53.9,4.6,2.676,0.446,-0.810,0.446,16,1
288.573770,11.404183,45.669244,0.189002,9.72760,0.00090,9.724,8.731,11.968,2.43,0.21,9.4,71.7,2.4,2.306,0.205,0.782,0.224,16,1
288.573794,11.489294,45.744627,0.228516,12.27802,0.00755,12.278,11.276,14.663,2.99,1.35,27.2,89.5,11.8,1.912,1.461,2.664,1.286,32,1
288.574892,11.086088,45.388060,0.040269,10.20650,0.00150,10.250,9.727,11.609,0.72,0.23,168.0,50.3,9.2,0.691,0.225,-0.308,0.258,16,1
287.893896,11.487297,45.434042,0.817986,9.89340,0.00110,9.973,9.566,11.130,0.82,0.28,97.7,160.2,9.8,-0.832,0.281,-0.229,0.261,16,1
287.985617,11.242108,45.258252,0.624837,11.05830,0.00600,11.258,10.590,12.677,2.31,1.12,33.8,96.2,13.9,0.977,1.114,2.369,1.118,16,1
288.575044,10.817599,45.150365,-0.084582,10.93400,0.00320,10.887,9.935,13.144,2.96,0.94,21.6,83.9,9.0,2.265,0.903,2.130,0.971,16,1
287.901193,11.441071,45.396360,0.790267,11.89320,0.00550,11.830,11.091,12.933,2.54,1.10,68.0,130.5,12.4,-1.994,1.089,1.925,1.110,16,1
287.997727,11.490408,45.483875,0.729216,10.88776,0.00221,10.948,10.279,12.715,1.36,0.48,54.0,116.5,9.6,-0.448,0.499,1.372,0.480,32,1
288.590966,11.966535,46.175073,0.435311,9.59140,0.00100,9.693,9.259,10.763,0.85,0.26,10.0,72.3,8.9,0.833,0.262,0.302,0.269,16,1
288.591293,11.440404,45.709298,0.190618,11.99430,0.00660,11.957,10.883,14.481,1.90,0.91,172.8,55.1,13.7,2.043,0.905,-0.528,1.013,16,1
288.173471,11.319740,45.412370,0.497498,11.31440,0.00420,11.363,10.938,12.418,1.29,0.53,176.0,58.4,11.7,1.377,0.524,-0.193,0.589,16,1
288.235058,11.654963,45.737413,0.599351,11.54310,0.00520,11.419,10.278,13.053,2.89,0.82,0.5,62.9,8.1,3.008,0.822,0.049,0.707,16,1
288.576769,11.937905,46.143267,0.434312,9.53360,0.00080,9.580,8.851,11.266,1.47,0.28,18.5,80.8,5.5,1.196,0.284,0.900,0.278,16,1
288.576812,11.045758,45.353220,0.019866,11.11225,0.00221,11.179,10.189,13.438,1.79,0.47,35.0,97.3,7.2,0.635,0.459,1.739,0.466,32,1
288.577283,11.929266,46.135850,0.429854,9.87640,0.00110,9.908,9.532,11.004,0.88,0.30,9.8,72.1,9.9,0.875,0.303,0.312,0.302,16,1
288.592716,11.513384,45.774573,0.223287,10.61210,0.00240,10.677,9.153,13.681,1.51,0.39,18.4,80.8,7.3,1.251,0.357,0.938,0.439,16,1
288.073036,11.402977,45.440537,0.623318,10.49690,0.00220,10.456,9.819,12.112,1.37,0.32,20.1,82.5,6.7,1.077,0.322,0.909,0.317,16,1
288.573556,11.879142,46.089765,0.409802,10.29060,0.00160,10.249,9.618,11.937,1.30,0.40,10.3,72.6,8.7,1.275,0.395,0.479,0.406,16,1
288.580501,10.965072,45.283450,-0.020822,9.95540,0.00100,9.889,9.453,11.312,0.77,0.23,18.0,80.3,8.7,0.648,0.222,0.470,0.249,16,1
288.238464,11.309458,45.432792,0.436259,9.29350,0.00070,9.335,9.084,10.076,0.58,0.12,170.6,53.0,6.2,0.559,0.124,-0.190,0.123,16,1
288.240772,11.123602,45.269153,0.348106,9.98950,0.00210,9.970,9.206,11.796,1.23,0.34,153.7,36.1,8.0,0.774,0.350,-1.010,0.336,16,1
288.241140,11.204945,45.341399,0.385490,11.40950,0.00460,11.411,10.579,13.424,1.93,0.72,11.6,73.9,10.7,1.895,0.733,0.808,0.637,16,1
288.580609,11.099283,45.402351,0.041430,9.15900,0.00060,9.212,8.732,10.413,0.76,0.13,173.9,56.2,4.9,0.752,0.129,-0.163,0.157,16,1
287.918962,11.366469,45.338268,0.740319,9.53270,0.00070,9.562,8.694,11.376,0.85,0.13,55.3,117.7,4.3,-0.302,0.125,0.806,0.128,16,1
288.814637,11.284550,45.673108,-0.075703,7.89530,0.00030,7.972,7.289,9.534,1.17,0.11,27.5,89.7,2.7,0.675,0.097,0.961,0.113,16,1
288.075585,11.034671,45.115235,0.450566,9.20100,0.00050,9.239,8.543,10.706,0.57,0.16,17.5,79.9,8.1,0.487,0.159,0.341,0.167,16,1
288.582104,11.050848,45.360141,0.017631,9.03942,0.00046,9.147,8.551,10.662,0.51,0.14,162.4,44.7,7.7,0.428,0.146,-0.302,0.127,32,1
288.242116,11.190380,45.328936,0.377891,10.85141,0.00209,10.861,10.471,11.900,1.34,0.36,10.6,73.0,7.4,1.292,0.356,0.502,0.381,32,1
288.583411,11.365983,45.639805,0.162888,11.02920,0.00280,11.001,9.776,13.689,1.25,0.48,31.1,93.4,11.1,0.624,0.482,1.182,0.485,16,1
287.952739,11.349443,45.338492,0.703084,10.33222,0.00116,10.315,9.487,12.116,0.50,0.22,73.2,135.7,11.4,-0.455,0.217,0.302,0.218,32,1
288.549216,11.696701,45.917125,0.346170,10.86690,0.00210,10.855,10.143,12.513,2.22,0.78,172.1,54.4,10.1,2.263,0.781,-0.640,0.766,16,1
288.550916,10.880410,45.194983,-0.034422,7.73500,0.00020,7.859,7.062,9.513,0.94,0.16,176.9,59.2,4.8,0.950,0.158,-0.103,0.179,16,1
288.551764,11.721434,45.940188,0.355447,10.27050,0.00110,10.247,9.452,12.181,1.39,0.29,13.1,75.5,5.9,1.270,0.285,0.626,0.293,16,1
287.959851,11.590534,45.555474,0.808443,11.34310,0.00430,11.318,10.800,12.684,2.32,1.03,61.2,123.7,12.7,-1.359,1.009,2.139,1.036,16,1
288.590164,11.718966,45.955467,0.321003,11.09000,0.00240,11.101,9.869,13.668,5.32,0.80,24.5,86.9,4.3,3.524,0.799,4.063,0.791,16,1
288.590304,11.863185,46.083247,0.387876,7.31550,0.00020,7.384,6.363,9.385,2.92,1.00,3.8,66.1,9.9,3.057,1.003,0.409,1.016,16,1
287.961619,11.334407,45.329190,0.688408,11.79920,0.00690,11.814,11.367,12.947,2.62,1.30,78.2,140.6,14.2,-2.676,1.303,1.170,1.279,16,1
287.963431,11.159604,45.175037,0.605952,11.12200,0.00390,11.150,10.275,13.054,2.48,0.82,35.7,98.1,9.5,0.832,0.837,2.474,0.821,16,1
288.695605,11.856888,46.125560,0.293699,11.68780,0.00510,11.659,10.874,13.591,3.54,1.06,10.4,72.7,8.6,3.453,1.061,1.312,1.058,16,1
288.249202,11.831580,45.900344,0.668936,10.52840,0.00210,10.552,9.777,12.377,0.77,0.28,36.1,98.5,10.3,0.249,0.301,0.779,0.273,16,1
288.084600,10.915070,45.013326,0.387338,10.19400,0.00090,10.207,9.317,12.209,4.04,0.35,50.8,113.2,2.5,-0.814,0.354,3.970,0.355,16,1
288.591921,11.635531,45.882379,0.280720,7.22895,0.00014,7.141,6.506,8.622,1.74,0.63,154.6,36.9,9.7,1.169,0.589,-1.433,0.650,32,1
288.546232,10.853492,45.169007,-0.042850,9.56030,0.00090,9.960,7.792,13.073,2.61,0.23,34.6,96.9,2.5,0.928,0.207,2.448,0.227,16,1
288.546277,11.140729,45.423407,0.090514,10.04380,0.00120,9.991,9.159,11.992,0.53,0.21,175.4,57.7,11.4,0.562,0.211,-0.091,0.190,16,1
287.941345,11.360243,45.342899,0.717984,8.99470,0.00050,8.988,8.263,10.635,0.93,0.18,69.9,132.3,5.7,-0.723,0.186,0.611,0.182,16,1
287.941544,11.452214,45.424534,0.760357,11.32170,0.00350,11.283,10.658,12.872,2.74,0.51,49.8,112.2,5.3,-0.465,0.495,2.748,0.512,16,1
287.941778,11.278649,45.270753,0.679860,10.96450,0.00400,10.861,10.430,11.994,1.61,0.44,93.1,155.6,7.8,-1.663,0.437,-0.183,0.431,16,1
287.969500,11.346026,45.343067,0.686934,10.01645,0.00113,10.035,9.741,10.924,1.44,0.23,84.8,147.3,4.5,-1.439,0.230,0.263,0.220,32,1
288.252111,11.743323,45.823454,0.625507,11.37200,0.00370,11.369,10.658,13.108,1.60,0.60,149.9,32.3,10.7,0.848,0.518,-1.485,0.622,16,1
288.253721,11.010320,45.174667,0.284333,9.67280,0.00080,9.650,8.479,12.110,3.25,0.14,10.6,72.9,1.3,3.039,0.141,1.173,0.162,16,1
288.548880,10.917193,45.226629,-0.015567,11.08110,0.00330,11.075,10.421,12.731,1.20,0.47,170.0,52.3,11.3,1.212,0.469,-0.440,0.499,16,1
288.553299,11.775135,45.988446,0.379056,11.38610,0.00330,11.457,11.007,12.142,2.46,0.66,7.0,69.3,7.7,2.470,0.659,0.614,0.641,16,1
287.899413,11.188012,45.171167,0.674774,11.57490,0.00610,11.584,10.624,13.790,2.20,0.91,43.0,105.5,11.9,0.166,0.888,2.374,0.915,16,1
288.545165,11.839614,46.041854,0.416051,10.57790,0.00210,10.585,10.179,11.720,1.14,0.36,175.6,58.0,9.0,1.177,0.357,-0.181,0.346,16,1
288.265457,10.973114,45.147041,0.256877,10.04260,0.00110,10.055,9.605,11.376,1.36,0.42,154.6,36.9,8.7,0.899,0.460,-1.106,0.383,16,1
288.090399,11.605153,45.627627,0.701848,12.42510,0.00980,12.402,11.889,13.801,3.87,1.40,146.0,28.4,10.4,1.542,1.374,-3.811,1.404,16,1
288.090654,11.035611,45.122917,0.437892,11.59550,0.00400,11.628,10.828,13.554,2.72,0.75,7.5,69.9,7.9,2.726,0.751,0.734,0.775,16,1
288.547796,11.169980,45.450004,0.102779,11.29470,0.00390,11.225,10.417,13.226,1.27,0.59,179.0,61.3,13.3,1.396,0.588,-0.050,0.667,16,1
288.548650,11.130823,45.415716,0.083851,10.13880,0.00130,10.125,9.549,11.544,0.98,0.34,161.8,44.2,10.0,0.832,0.317,-0.612,0.378,16,1
288.578890,10.957754,45.276235,-0.022821,8.69880,0.00040,8.777,8.148,10.282,1.55,0.15,22.7,85.0,2.8,1.096,0.145,1.111,0.163,16,1
288.669595,10.993286,45.349075,-0.085159,10.71530,0.00220,10.688,9.655,13.032,1.37,0.37,20.0,82.4,7.6,1.087,0.353,0.916,0.385,16,1
288.090872,10.935257,45.034070,0.391228,10.46340,0.00180,10.476,9.851,11.668,3.26,0.40,56.2,118.7,3.5,-1.256,0.405,3.035,0.397,16,1
288.090883,11.364014,45.414102,0.589770,9.30470,0.00070,9.393,8.856,10.830,0.86,0.17,27.9,90.3,5.8,0.494,0.168,0.724,0.178,16,1
288.551297,10.985246,45.287999,0.013938,8.01400,0.00020,8.082,7.260,9.902,1.22,0.15,14.6,77.0,3.6,1.073,0.160,0.601,0.126,16,1
288.212612,11.669071,45.739727,0.625369,8.40180,0.00040,8.200,7.666,9.561,0.47,0.16,6.6,69.0,9.5,0.486,0.156,0.114,0.173,16,1
288.562402,10.909882,45.226321,-0.030721,8.12630,0.00030,8.208,7.391,9.928,1.38,0.23,5.8,68.1,4.9,1.366,0.230,0.280,0.288,16,1
288.580230,11.053250,45.361413,0.020375,10.75710,0.00270,10.774,9.847,12.997,1.17,0.53,23.7,86.0,12.9,0.868,0.456,0.943,0.578,16,1
288.581783,11.388325,45.658849,0.174680,11.03650,0.00250,11.040,9.659,13.955,1.66,0.58,16.3,78.6,10.0,1.484,0.527,0.947,0.697,16,1
288.672197,11.041831,45.393244,-0.064857,11.10509,0.00286,11.123,10.455,12.736,0.85,0.39,177.2,59.5,12.0,0.936,0.393,-0.093,0.391,32,1
288.673981,11.207026,45.540323,0.010378,8.09520,0.00030,8.183,7.232,10.136,0.55,0.13,22.7,85.0,6.8,0.400,0.144,0.405,0.119,16,1
288.553951,10.888307,45.203360,-0.033393,10.04443,0.00116,10.060,9.054,12.248,2.36,0.34,26.3,88.6,4.1,1.454,0.296,1.895,0.361,32,1
288.215216,10.883922,45.045143,0.259242,11.61120,0.00390,11.602,11.234,12.574,1.42,0.70,39.4,101.8,14.2,0.309,0.709,1.552,0.704,16,1
288.215255,10.872412,45.034961,0.253874,11.87880,0.00410,11.807,10.577,14.577,5.04,0.88,21.4,83.8,5.0,3.751,0.880,3.483,0.879,16,1
288.565068,10.956719,45.269015,-0.011284,12.16260,0.00680,12.147,11.351,14.016,3.85,0.90,179.6,62.0,6.7,3.955,0.896,-0.049,0.885,16,1
287.938708,11.580311,45.536827,0.822077,9.95990,0.00110,9.982,9.399,11.400,0.74,0.33,101.3,163.8,12.6,-0.751,0.327,-0.314,0.328,16,1
288.675768,11.151667,45.492123,-0.016906,7.82270,0.00020,7.866,7.126,9.599,0.78,0.21,174.1,56.4,7.7,0.790,0.211,-0.166,0.160,16,1
288.001690,11.046309,45.091973,0.520241,8.49020,0.00035,8.614,8.318,9.655,0.50,0.20,177.1,59.6,10.5,0.534,0.197,-0.054,0.203,32,1
288.557601,11.352165,45.615814,0.178879,10.47803,0.00120,10.508,9.163,13.357,1.25,0.20,141.4,23.7,4.4,0.282,0.195,-1.237,0.195,32,1
288.569314,11.518655,45.768589,0.246042,11.03130,0.00350,11.018,10.563,12.294,2.21,0.63,167.9,50.2,8.1,2.096,0.648,-0.946,0.517,16,1
288.570209,11.809761,46.026799,0.380478,10.43580,0.00190,10.438,9.749,12.214,1.25,0.35,30.2,92.5,8.0,0.642,0.353,1.129,0.347,16,1
288.001707,11.046204,45.091888,0.520178,8.48764,0.00020,8.614,8.318,9.655,0.39,0.10,0.4,62.9,7.4,0.401,0.103,0.006,0.104,64,1
288.221375,11.750003,45.815426,0.655268,10.42690,0.00190,10.395,9.652,12.165,0.68,0.29,27.1,89.5,12.3,0.435,0.292,0.602,0.294,16,1
288.573799,11.564770,45.811469,0.263570,10.03420,0.00170,10.025,9.463,11.421,1.07,0.34,178.5,60.8,9.0,1.125,0.336,-0.058,0.358,16,1
288.682845,10.896503,45.269429,-0.141664,11.51213,0.00269,11.497,10.721,13.453,2.84,0.51,30.6,92.9,5.1,1.390,0.549,2.529,0.501,32,1
288.562185,11.645077,45.877305,0.310946,11.49186,0.00327,11.487,11.098,12.623,1.65,0.78,160.8,43.1,12.2,1.430,0.808,-1.135,0.728,32,1
288.563072,11.198133,45.481897,0.102584,10.14645,0.00096,10.219,9.655,11.587,0.44,0.18,17.1,79.4,10.8,0.394,0.185,0.267,0.169,32,1
288.574968,11.462367,45.721315,0.214989,11.29420,0.00370,11.348,10.851,12.539,2.09,0.52,1.0,63.4,7.2,2.156,0.523,0.078,0.591,16,1
288.575371,11.114445,45.413390,0.053025,10.44650,0.00160,10.452,10.092,11.513,1.39,0.26,153.9,36.2,5.2,0.867,0.259,-1.120,0.252,16,1
287.943657,11.471905,45.442951,0.767630,9.01460,0.00060,9.090,8.308,10.821,0.54,0.19,36.9,99.3,9.9,0.158,0.198,0.544,0.185,16,1
288.060571,11.094893,45.161791,0.491511,10.29260,0.00170,10.292,9.795,11.601,0.95,0.33,18.6,81.0,9.9,0.799,0.298,0.606,0.375,16,1
288.062182,11.783482,45.772914,0.808899,9.94220,0.00120,9.968,9.510,11.235,0.47,0.20,139.1,21.6,12.5,0.074,0.185,-0.507,0.205,16,1
288.565674,10.826502,45.153974,-0.072296,12.19700,0.00810,12.097,11.395,13.794,4.20,1.13,17.4,79.7,7.7,3.577,1.112,2.478,1.169,16,1
288.227411,11.679051,45.755288,0.617151,10.24400,0.00170,10.247,9.603,11.881,0.98,0.45,174.2,56.6,13.2,1.053,0.455,-0.216,0.313,16,1
288.599773,11.795329,46.027461,0.348147,11.63870,0.00366,11.642,11.021,13.183,2.28,0.71,16.3,78.6,8.5,2.010,0.707,1.282,0.704,32,1
288.599857,11.328991,45.614538,0.131424,12.08620,0.00580,12.079,10.691,15.072,2.24,1.05,19.6,81.9,13.5,1.916,0.987,1.562,1.142,16,1
288.063915,11.300315,45.345396,0.583713,11.23310,0.00340,11.199,10.509,12.830,1.38,0.67,37.8,100.2,14.0,0.380,0.587,1.487,0.678,16,1
288.571701,11.639887,45.877037,0.300282,11.19432,0.00218,11.234,10.158,13.602,3.39,0.58,14.2,76.5,4.9,3.025,0.594,1.630,0.547,32,1
288.227422,11.585809,45.672664,0.573930,9.35830,0.00080,9.371,8.850,10.713,1.20,0.24,162.1,44.4,5.8,0.993,0.211,-0.718,0.297,16,1
288.578532,11.252488,45.537076,0.114403,12.38450,0.00780,12.409,11.684,14.178,3.06,1.48,34.9,97.2,13.9,1.175,1.602,3.193,1.468,16,1
288.689605,10.980229,45.346645,-0.108621,10.55060,0.00180,10.507,9.921,12.019,0.91,0.30,8.6,70.9,9.4,0.916,0.299,0.283,0.302,16,1
288.068953,10.926407,45.016259,0.406205,11.98160,0.00480,11.959,11.283,13.751,4.29,1.90,48.2,110.7,12.7,-0.531,1.864,4.667,1.902,16,1
288.230813,11.586669,45.674965,0.571385,10.52910,0.00260,10.524,9.968,11.931,0.87,0.40,4.6,67.0,13.1,0.944,0.398,0.152,0.366,16,1
288.580669,11.068370,45.375003,0.027018,10.89270,0.00310,10.954,10.618,11.921,1.38,0.68,152.4,34.7,14.2,0.878,0.608,-1.266,0.716,16,1
287.895859,11.338731,45.303196,0.747572,7.85825,0.00021,7.949,7.371,9.270,0.42,0.13,57.0,119.4,8.4,-0.177,0.130,0.400,0.129,32,1
288.898363,11.133005,45.577192,-0.218921,10.20350,0.00130,10.233,9.470,11.914,1.38,0.28,6.9,69.1,5.8,1.368,0.281,0.335,0.288,16,1
288.899229,11.242368,45.674380,-0.168765,9.15020,0.00080,9.157,8.758,10.313,0.39,0.18,2.6,64.9,13.3,0.431,0.182,0.039,0.153,16,1
288.545797,11.154980,45.435810,0.097550,10.01780,0.00170,10.006,9.497,11.463,1.07,0.23,155.7,38.0,6.2,0.727,0.216,-0.824,0.247,16,1
288.691759,11.101707,45.455182,-0.054022,10.94090,0.00240,10.849,10.289,12.365,1.25,0.55,11.2,73.5,12.5,1.260,0.569,0.520,0.380,16,1
288.692688,11.665258,45.954564,0.207147,11.48820,0.00580,11.507,10.550,13.685,1.74,0.71,5.7,68.0,11.7,1.843,0.712,0.374,0.718,16,1
288.581336,10.910355,45.235376,-0.046966,11.49380,0.00390,11.518,10.548,13.683,3.22,0.65,26.2,88.5,5.8,2.009,0.622,2.600,0.666,16,1
288.233466,11.731268,45.804310,0.636096,8.16490,0.00030,8.210,7.426,9.763,0.40,0.18,49.7,112.1,13.1,-0.072,0.128,0.436,0.185,16,1
288.582898,10.821851,45.157714,-0.089438,9.74730,0.00100,9.772,9.451,10.750,0.71,0.23,5.4,67.7,9.2,0.733,0.230,0.140,0.198,16,1
288.906920,11.188110,45.629871,-0.200700,10.97290,0.00260,11.079,10.040,13.396,3.68,0.36,37.2,99.5,2.8,0.995,0.345,3.565,0.365,16,1
288.694443,11.671399,45.960800,0.208480,11.02550,0.00360,11.084,10.595,12.384,2.46,0.54,11.3,73.6,6.3,2.328,0.544,0.967,0.501,16,1
288.551838,11.182951,45.463333,0.105292,11.79330,0.00610,11.784,11.428,12.851,2.43,0.89,158.1,40.5,10.5,1.871,0.897,-1.791,0.887,16,1
288.240838,11.338998,45.460047,0.447889,12.32461,0.00710,12.340,11.575,13.965,2.22,1.06,173.0,55.4,12.3,2.389,1.061,-0.596,1.029,32,1
287.966536,11.395136,45.385262,0.712233,8.28050,0.00030,8.325,8.017,9.329,0.68,0.11,81.4,143.8,4.8,-0.662,0.114,0.205,0.117,16,1
288.699674,11.003638,45.371966,-0.106490,11.28710,0.00310,11.243,10.051,13.851,0.99,0.45,25.8,88.1,13.1,0.677,0.471,0.853,0.443,16,1
288.593824,11.437623,45.707988,0.187129,12.11620,0.00840,12.121,11.644,13.416,3.40,1.35,168.2,50.5,11.4,3.353,1.349,-1.461,1.337,16,1
288.241216,10.907196,45.077600,0.247407,9.05420,0.00050,9.194,8.974,9.887,0.80,0.14,13.2,75.6,4.9,0.729,0.138,0.362,0.134,16,1
288.241681,11.203020,45.339939,0.384128,11.88500,0.00710,11.859,11.014,13.628,2.45,0.88,15.2,77.6,10.3,2.247,0.884,1.320,0.873,16,1
288.592996,10.889005,45.221789,-0.067023,10.75723,0.00199,10.813,10.482,11.824,1.54,0.44,6.2,68.5,7.8,1.568,0.438,0.346,0.421,32,1
288.593619,11.094830,45.404338,0.028056,12.00880,0.00770,11.932,9.997,15.404,11.23,1.13,63.2,125.5,2.9,-6.688,1.210,9.089,1.086,16,1
287.969212,11.335648,45.333735,0.682383,11.77567,0.00525,11.867,11.213,13.368,1.90,0.94,87.5,149.9,12.7,-2.116,0.943,0.186,0.950,32,1
288.926033,11.227356,45.673333,-0.199022,8.04455,0.00028,8.051,7.338,9.744,0.87,0.11,32.8,95.1,3.5,0.364,0.104,0.803,0.107,32,1
288.558198,11.776263,45.991672,0.375332,11.23430,0.00270,11.308,10.708,12.617,1.88,0.46,2.3,64.7,7.0,1.927,0.459,0.157,0.450,16,1
288.594795,11.838590,46.063508,0.372558,12.31310,0.01090,12.283,11.692,13.831,3.48,1.52,6.0,68.3,12.5,3.720,1.521,0.788,1.557,16,1
288.594920,11.649205,45.895853,0.284471,11.55680,0.00312,11.562,10.423,14.239,3.46,1.12,8.3,70.6,8.8,3.489,1.115,1.037,1.137,32,1
288.243333,11.575636,45.670873,0.555403,10.59480,0.00240,10.575,9.863,12.325,1.98,0.61,2.0,64.4,8.9,2.067,0.612,0.145,0.674,16,1
288.243368,11.350497,45.471387,0.451020,10.83630,0.00220,10.787,9.929,12.950,3.02,0.75,163.3,45.7,7.1,2.601,0.743,-1.716,0.751,16,1
288.543659,10.929924,45.235523,-0.005115,11.28440,0.00330,11.232,10.354,13.316,1.75,0.57,21.1,83.4,9.3,1.369,0.541,1.237,0.607,16,1
288.083166,11.581845,45.603685,0.697336,10.97140,0.00220,10.967,10.283,12.622,1.72,0.48,167.0,49.4,8.0,1.607,0.482,-0.783,0.488,16,1
288.083184,11.137939,45.210220,0.491776,10.44550,0.00190,10.448,9.683,12.278,2.11,0.38,21.0,83.4,5.1,1.594,0.327,1.434,0.434,16,1
288.083302,11.145526,45.216999,0.495186,10.82620,0.00290,10.781,9.900,12.724,2.48,0.44,28.4,90.8,5.1,1.381,0.417,2.102,0.455,16,1
288.244694,10.937364,45.105914,0.258365,10.47430,0.00180,10.494,10.165,11.412,0.73,0.29,24.0,86.4,11.3,0.526,0.321,0.585,0.259,16,1
288.928454,11.169033,45.622822,-0.228277,11.40671,0.00283,11.438,10.835,13.252,1.80,0.44,47.5,109.7,6.8,-0.158,0.528,1.844,0.437,32,1
288.561818,11.289404,45.562154,0.146066,11.07080,0.00250,11.009,10.589,12.341,1.19,0.43,175.0,57.3,10.4,1.249,0.433,-0.220,0.393,16,1
288.659960,11.318186,45.632355,0.074219,7.94840,0.00020,8.017,7.109,9.933,0.52,0.15,113.1,175.4,8.2,-0.376,0.166,-0.393,0.134,16,1
288.659962,10.990800,45.342478,-0.077942,9.85610,0.00100,9.826,9.180,11.391,1.33,0.15,26.6,88.9,3.3,0.800,0.150,1.072,0.155,16,1
288.083479,11.119897,45.194363,0.483165,9.80480,0.00100,9.791,9.201,11.215,0.46,0.17,46.2,108.6,10.2,-0.021,0.215,0.492,0.165,16,1
288.596177,11.953171,46.165607,0.424588,9.16650,0.00060,9.259,8.565,11.004,1.47,0.26,169.8,52.1,5.1,1.398,0.259,-0.519,0.264,16,1
288.596214,11.057533,45.372494,0.008473,11.70810,0.00660,11.762,11.091,13.420,2.15,0.98,144.2,26.5,13.0,0.744,1.022,-2.246,0.975,16,1
288.248807,11.055164,45.212166,0.309395,11.05105,0.00291,11.075,10.779,11.961,1.07,0.47,12.6,75.0,11.4,1.057,0.459,0.498,0.491,32,1
288.549795,11.120027,45.406677,0.077842,10.65120,0.00210,10.656,10.363,11.184,2.23,0.58,140.8,23.1,7.5,0.461,0.680,-2.257,0.580,16,1
288.084324,11.192600,45.259187,0.516096,8.77630,0.00035,8.837,8.223,10.318,1.49,0.10,29.3,91.7,1.9,0.781,0.096,1.275,0.100,32,1
288.667889,11.764366,46.031029,0.274714,10.23610,0.00160,10.254,9.829,11.398,2.02,0.29,179.3,61.6,4.1,2.039,0.289,-0.049,0.345,16,1
288.668751,11.757567,46.025401,0.270806,10.71280,0.00220,10.713,10.278,11.939,1.57,0.37,1.4,63.7,6.7,1.612,0.369,0.078,0.514,16,1
288.086053,11.674101,45.686773,0.737544,10.73850,0.00250,10.758,10.095,12.348,1.16,0.32,179.3,61.7,7.8,1.206,0.315,-0.031,0.326,16,1
288.251482,10.989319,45.155040,0.276545,11.25970,0.00340,11.191,10.349,13.333,1.07,0.53,14.4,76.8,14.1,1.043,0.534,0.573,0.504,16,1
288.556980,11.949901,46.144899,0.457029,11.33840,0.00340,11.381,10.580,13.236,4.98,1.70,42.8,105.1,9.8,0.403,1.724,5.244,1.699,16,1
288.573316,10.859281,45.186489,-0.063717,11.34810,0.00460,11.300,10.576,13.117,2.10,0.63,13.1,75.4,8.6,1.964,0.608,0.966,0.718,16,1
288.087978,11.431865,45.472925,0.623712,8.50990,0.00040,8.553,8.063,9.803,0.42,0.11,72.6,135.0,7.3,-0.355,0.103,0.247,0.113,16,1
288.253793,11.484840,45.595167,0.504237,9.97090,0.00110,10.037,9.328,11.799,1.04,0.34,152.9,35.3,9.4,0.640,0.347,-0.887,0.337,16,1
287.984653,11.131547,45.159799,0.574511,11.62790,0.00590,11.633,10.963,13.341,3.22,1.12,13.4,75.9,10.0,3.041,1.119,1.541,1.122,16,1
288.266856,11.026526,45.195003,0.280422,11.93930,0.00940,12.080,11.702,13.085,4.51,1.76,69.1,131.5,11.2,-3.608,1.956,3.226,1.492,16,1
288.266868,11.211174,45.358617,0.366016,12.16550,0.00880,12.148,11.794,13.190,2.79,1.05,13.6,76.0,10.8,2.649,1.050,1.362,1.040,16,1
288.563373,11.649476,45.881741,0.311959,12.08958,0.00691,11.967,10.890,14.340,4.26,1.58,16.2,78.5,10.0,3.839,1.527,2.437,1.711,32,1
288.892541,11.235272,45.665046,-0.166263,8.03690,0.00030,8.118,7.476,9.516,1.20,0.12,21.8,84.1,2.8,0.873,0.099,0.834,0.133,16,1
288.581024,11.478963,45.738769,0.217443,9.58110,0.00090,9.550,8.386,12.146,0.74,0.31,20.7,83.1,12.1,0.601,0.286,0.532,0.344,16,1
288.564273,11.303376,45.575646,0.150424,10.76260,0.00200,10.700,9.943,12.580,1.23,0.28,153.0,35.3,6.4,0.741,0.257,-1.020,0.284,16,1
288.567613,11.438218,45.696581,0.210156,11.80820,0.00710,11.763,10.699,14.116,2.63,0.78,18.2,80.5,8.5,2.209,0.789,1.626,0.772,16,1
288.586360,10.860517,45.193534,-0.074487,11.27560,0.00430,11.282,10.389,13.428,2.27,0.58,30.9,93.2,7.3,1.110,0.623,2.066,0.569,16,1
288.593711,11.679616,45.922234,0.299647,11.30480,0.00270,11.270,10.171,13.772,4.20,1.22,165.1,47.4,8.3,3.793,1.235,-2.172,1.168,16,1
288.600215,11.014857,45.336527,-0.014831,12.31250,0.00870,12.323,11.748,14.086,3.24,1.17,10.3,72.6,10.3,3.223,1.137,1.214,1.366,16,1
288.097982,11.080329,45.165883,0.452227,10.72720,0.00250,10.727,10.145,12.251,1.15,0.37,16.8,79.2,9.3,1.006,0.344,0.668,0.431,16,1
288.684609,11.313766,45.639676,0.050764,10.48170,0.00180,10.446,9.827,12.039,0.85,0.24,77.3,139.6,8.1,-0.796,0.243,0.377,0.232,16,1
288.686250,10.845334,45.225678,-0.168410,12.13230,0.00540,12.085,11.543,13.341,1.45,0.69,19.2,81.5,13.6,1.256,0.685,0.995,0.685,16,1
288.575724,11.896784,46.106375,0.416118,9.72360,0.00090,9.607,8.440,12.072,2.09,0.26,20.9,83.2,3.5,1.573,0.254,1.405,0.259,16,1
288.597592,10.921456,45.252622,-0.055944,11.24400,0.00330,11.283,10.244,13.577,2.53,0.59,18.1,80.5,6.7,2.096,0.599,1.538,0.581,16,1
288.596000,11.437701,45.709048,0.185277,9.90720,0.00110,9.886,8.952,12.134,1.32,0.26,171.1,53.4,5.6,1.282,0.265,-0.412,0.214,16,1
288.596010,11.969100,46.179637,0.432132,9.87170,0.00110,9.922,8.740,12.476,4.14,0.29,163.2,45.5,2.0,3.459,0.293,-2.299,0.300,16,1
288.217016,11.098321,45.235947,0.357044,11.54430,0.00550,11.616,10.987,13.151,1.95,0.92,161.1,43.5,13.6,1.698,0.927,-1.321,0.910,16,1
288.218834,11.132552,45.267107,0.371328,9.76080,0.00110,9.680,8.967,11.443,1.32,0.34,160.5,42.9,7.4,1.060,0.340,-0.859,0.344,16,1
288.927020,11.253092,45.696560,-0.187896,10.60031,0.00147,10.571,9.649,12.646,1.89,0.22,36.9,99.2,3.4,0.528,0.227,1.827,0.223,32,1
288.689008,11.677574,45.963794,0.216063,11.05780,0.00320,11.120,10.744,12.244,1.67,0.44,178.6,60.9,7.6,1.728,0.444,-0.085,0.437,16,1
288.689637,11.359644,45.682588,0.067726,9.49380,0.00090,9.513,8.782,11.289,0.48,0.17,51.0,113.3,9.9,-0.106,0.184,0.498,0.165,16,1
288.690318,10.941647,45.312810,-0.127176,11.82440,0.00590,11.815,11.093,13.493,1.91,0.84,38.5,100.8,12.5,0.470,0.846,2.032,0.836,16,1
288.060600,11.675531,45.676500,0.760300,9.09650,0.00080,9.179,8.483,10.838,0.67,0.19,176.0,58.5,8.0,0.685,0.186,-0.096,0.195,16,1
288.063114,11.575864,45.589288,0.711979,11.67960,0.00470,11.685,11.104,13.169,2.24,0.98,173.1,55.5,12.5,2.374,0.974,-0.587,0.999,16,1
288.064764,11.790775,45.780549,0.810034,8.87815,0.00035,8.899,8.377,10.307,0.58,0.19,165.7,48.1,9.1,0.537,0.196,-0.293,0.187,32,1
287.971733,11.408355,45.399339,0.713833,11.01350,0.00250,10.982,10.195,12.816,2.02,0.31,63.2,125.6,4.4,-1.210,0.309,1.641,0.310,16,1
288.544064,11.019886,45.315379,0.036314,11.41560,0.00360,11.451,10.824,12.999,1.16,0.47,137.5,19.8,11.6,0.110,0.480,-1.251,0.473,16,1
288.582737,10.853400,45.185579,-0.074642,9.92630,0.00110,9.961,9.135,11.910,2.46,0.35,19.7,82.0,4.1,1.921,0.337,1.573,0.375,16,1
288.547542,11.639007,45.865268,0.320828,10.87865,0.00185,10.839,10.144,12.492,1.08,0.45,174.4,56.7,11.1,1.145,0.454,-0.226,0.404,32,1
288.070698,11.237709,45.292982,0.548830,12.37870,0.01050,12.240,11.670,13.876,3.60,1.41,7.6,70.0,11.2,3.731,1.418,1.012,1.328,16,1
288.583946,10.866748,45.197951,-0.069493,10.02990,0.00140,10.054,9.385,11.726,1.33,0.25,178.8,61.1,5.4,1.348,0.252,-0.059,0.304,16,1
288.583970,10.816500,45.153464,-0.092856,10.95830,0.00330,10.920,10.226,12.582,2.11,0.53,14.7,77.1,7.2,1.891,0.521,1.069,0.549,16,1
288.583973,11.025661,45.338688,0.004306,11.05360,0.00280,11.079,9.950,13.521,1.99,0.36,9.6,71.9,5.3,1.907,0.367,0.663,0.347,16,1
288.697508,11.579692,45.881000,0.163190,12.20920,0.01070,12.085,11.665,13.369,2.59,1.15,172.9,55.2,12.7,2.747,1.151,-0.696,1.139,16,1
288.231787,11.644259,45.726442,0.597229,11.26080,0.00460,11.270,10.772,12.137,1.97,0.76,170.0,52.3,11.0,1.984,0.741,-0.726,0.886,16,1
287.978240,11.334960,45.337221,0.674217,11.75845,0.00628,11.754,11.282,12.980,3.27,0.96,81.1,143.5,8.0,-3.241,0.956,1.042,0.961,32,1
288.553774,11.935420,46.130617,0.453082,7.59010,0.00020,7.673,6.991,9.171,1.61,0.32,6.1,68.4,5.7,1.609,0.323,0.349,0.304,16,1
288.700629,11.831430,46.105305,0.277511,9.43950,0.00070,9.469,8.446,11.746,4.43,0.18,16.0,78.3,1.2,3.758,0.182,2.356,0.180,16,1
288.709109,11.582528,45.888795,0.154446,8.88270,0.00070,8.947,8.017,10.902,1.60,0.09,166.4,48.7,1.7,1.429,0.095,-0.733,0.087,16,1
288.075700,11.278023,45.330987,0.563148,11.43390,0.00460,11.401,10.718,13.089,1.37,0.65,155.6,38.0,13.6,1.000,0.637,-1.146,0.661,16,1
288.076572,11.152577,45.220191,0.504304,10.75100,0.00280,10.718,9.912,12.635,2.05,0.41,33.1,95.5,5.8,0.848,0.382,1.913,0.422,16,1
288.560900,10.951540,45.262528,-0.010066,10.79400,0.00210,10.758,9.737,13.078,1.95,0.43,21.5,83.8,6.4,1.463,0.444,1.365,0.424,16,1
288.658202,11.776891,46.037712,0.288932,11.87820,0.00790,11.863,10.404,15.071,2.27,1.07,31.9,94.2,13.6,1.106,1.126,2.250,1.062,16,1
288.077462,11.639508,45.652212,0.728986,7.96530,0.00020,8.059,7.730,9.157,0.67,0.12,143.2,25.6,5.1,0.190,0.117,-0.648,0.117,16,1
288.079067,11.391073,45.432723,0.612567,9.35510,0.00080,9.372,8.786,10.810,0.95,0.15,68.4,130.8,4.7,-0.702,0.152,0.661,0.158,16,1
288.238539,11.647439,45.732325,0.592843,11.78740,0.00770,11.787,11.313,13.219,2.61,1.27,5.2,67.6,14.0,2.861,1.275,0.522,1.256,16,1
288.898452,11.232591,45.665372,-0.172642,8.63860,0.00050,8.701,8.098,10.246,1.01,0.15,28.3,90.6,4.4,0.562,0.133,0.853,0.163,16,1
288.660894,11.243338,45.566508,0.038621,11.75770,0.00580,11.498,10.183,14.060,3.66,0.97,107.3,169.6,7.6,-3.117,0.979,-2.155,0.942,16,1
288.083358,11.734101,45.738737,0.767662,9.84830,0.00100,9.805,9.453,10.980,0.50,0.19,117.7,0.1,10.6,-0.304,0.166,-0.440,0.195,16,1
288.242793,10.853617,45.030843,0.221198,12.36090,0.00790,12.286,11.579,13.981,2.91,1.00,25.4,87.8,9.9,1.944,0.992,2.384,1.007,16,1
288.544637,11.692010,45.910888,0.347963,8.86800,0.00040,8.947,8.342,10.343,0.84,0.21,158.6,40.9,7.3,0.634,0.212,-0.587,0.215,16,1
288.545491,11.824708,46.028800,0.408846,10.66100,0.00270,10.645,9.779,12.611,1.08,0.31,23.9,86.2,8.2,0.753,0.307,0.829,0.307,16,1
288.084048,11.712334,45.719755,0.756986,10.63840,0.00210,10.584,9.914,12.361,1.56,0.36,163.3,45.8,6.6,1.335,0.364,-0.878,0.355,16,1
288.242823,11.585852,45.679694,0.560581,11.50070,0.00540,11.471,10.913,12.984,2.08,0.82,30.0,92.4,11.3,1.116,0.816,1.932,0.817,16,1
288.547192,11.944026,46.135248,0.462782,7.21488,0.00009,7.363,6.759,8.782,1.95,0.28,8.4,70.7,4.1,1.883,0.280,0.567,0.273,32,1
288.568886,10.889603,45.211320,-0.045779,11.77284,0.00478,11.811,10.894,13.906,2.83,0.88,34.2,96.5,8.5,1.093,0.883,2.758,0.874,32,1
288.245568,10.934650,45.103907,0.256347,11.41460,0.00390,11.397,10.193,14.083,1.06,0.52,6.3,68.7,13.9,1.155,0.516,0.258,0.549,16,1
288.085157,11.396232,45.440060,0.609664,11.71950,0.00610,11.731,11.056,13.428,2.44,0.82,36.0,98.4,9.7,0.796,0.805,2.451,0.826,16,1
288.574308,11.788134,46.009510,0.366879,12.05273,0.00572,11.955,10.729,14.745,4.24,1.02,26.9,89.2,6.7,2.580,1.011,3.518,1.029,32,1
288.578375,10.894451,45.219942,-0.051779,10.51938,0.00146,10.516,9.510,12.843,3.00,0.25,21.6,84.0,2.4,2.189,0.262,2.061,0.241,32,1
288.675856,11.278516,45.604476,0.041979,10.12340,0.00130,10.107,9.479,11.566,1.25,0.40,8.4,70.7,9.2,1.256,0.403,0.377,0.379,16,1
288.087315,11.597489,45.619434,0.700977,11.47040,0.00370,11.462,10.707,13.314,2.00,0.79,25.2,87.6,11.3,1.370,0.776,1.658,0.796,16,1
288.546917,11.092118,45.380649,0.067381,9.51100,0.00080,9.519,8.837,11.193,0.69,0.12,162.8,45.1,5.0,0.574,0.117,-0.393,0.125,16,1
288.547823,10.976880,45.279006,0.013073,10.79050,0.00230,10.781,9.809,13.012,2.83,0.34,6.5,68.8,3.5,2.772,0.338,0.642,0.396,16,1
288.250943,10.895351,45.071532,0.233453,9.85299,0.00077,9.913,9.395,11.208,0.80,0.16,36.3,98.7,5.6,0.243,0.163,0.775,0.158,32,1
288.556991,11.553341,45.793699,0.272845,10.67360,0.00250,10.577,8.920,13.980,2.41,0.43,150.4,32.7,5.2,1.250,0.397,-2.103,0.445,16,1
288.581087,11.464856,45.726305,0.210835,10.86510,0.00240,10.787,9.109,14.391,1.74,0.44,144.3,26.6,7.2,0.573,0.382,-1.702,0.444,16,1
288.581089,11.794951,46.018631,0.364167,10.69725,0.00159,10.765,10.349,11.833,1.11,0.36,12.4,74.8,8.8,1.057,0.356,0.490,0.360,32,1
288.581130,11.374780,45.646557,0.168955,11.32340,0.00360,11.337,10.967,12.404,1.14,0.50,155.5,37.9,12.4,0.818,0.506,-0.938,0.488,16,1
288.676766,11.660565,45.943161,0.218772,10.84590,0.00300,10.862,9.726,13.435,1.42,0.60,21.8,84.1,12.2,1.118,0.589,1.063,0.618,16,1
288.253063,10.991944,45.158085,0.276387,12.37160,0.00940,12.297,11.134,15.047,3.10,1.50,15.2,77.5,13.9,2.977,1.476,1.740,1.576,16,1
288.262613,11.917588,45.982645,0.697170,11.42210,0.00440,11.383,10.665,13.092,1.88,0.84,11.9,74.3,12.8,1.888,0.873,0.832,0.669,16,1
288.560590,10.895215,45.212506,-0.035958,12.05562,0.00581,12.076,11.151,14.275,2.56,0.88,19.4,81.7,9.3,2.111,0.869,1.700,0.896,32,1
288.934640,11.207727,45.659892,-0.215632,12.06430,0.00740,12.041,11.303,13.749,2.81,0.94,42.2,104.4,9.6,0.293,1.037,2.951,0.939,16,1
288.934934,11.204421,45.657100,-0.217427,10.86710,0.00220,10.890,9.974,12.783,2.37,0.47,50.1,112.3,5.6,-0.426,0.398,2.379,0.468,16,1
288.090949,11.441071,45.482434,0.625394,10.11450,0.00140,10.085,9.611,11.424,0.58,0.24,64.1,126.5,12.0,-0.392,0.275,0.498,0.225,16,1
288.090952,11.078093,45.160706,0.457306,11.52850,0.00540,11.541,10.756,13.308,2.33,0.81,9.2,71.6,10.0,2.340,0.814,0.775,0.795,16,1
288.091521,11.069308,45.153178,0.452743,10.50640,0.00210,10.566,9.766,12.350,1.68,0.28,18.3,80.7,4.9,1.366,0.272,1.015,0.306,16,1
288.599189,10.952303,45.280666,-0.043001,10.29640,0.00140,10.394,9.444,12.563,2.52,0.30,15.5,77.8,3.4,2.177,0.305,1.312,0.271,16,1
288.683819,11.701206,45.982355,0.231547,10.91280,0.00300,10.949,10.537,12.101,1.24,0.58,6.9,69.2,13.3,1.325,0.579,0.328,0.526,16,1
288.686252,11.647440,45.935858,0.204445,11.17933,0.00350,11.253,10.326,13.480,2.84,0.77,0.8,63.1,7.5,2.940,0.773,0.077,0.641,32,1
288.884912,11.278416,45.699749,-0.139558,10.20560,0.00200,10.061,9.663,11.104,4.90,1.82,130.8,13.1,10.6,-0.764,1.772,-5.172,1.817,16,1
288.587109,11.411236,45.681563,0.180700,9.51280,0.00080,9.532,8.599,11.719,1.91,0.12,179.7,62.1,1.8,1.917,0.117,-0.017,0.136,16,1
288.259610,10.883365,45.064858,0.220355,10.47610,0.00130,10.467,9.427,12.799,2.40,0.35,14.1,76.5,4.2,2.131,0.347,1.147,0.355,16,1
288.259622,10.843229,45.029301,0.201738,11.13630,0.00220,11.101,10.621,12.432,1.55,0.29,43.4,105.7,5.4,0.090,0.295,1.576,0.293,16,1
287.973527,11.391850,45.385520,0.704637,9.62530,0.00070,9.636,8.775,11.503,1.22,0.17,47.9,110.3,4.0,-0.124,0.182,1.221,0.172,16,1
288.587584,11.151204,45.451509,0.059489,12.41160,0.01300,12.464,11.526,13.743,3.91,1.85,71.1,133.4,13.5,-3.413,1.839,2.655,1.862,16,1
288.587816,11.871670,46.089630,0.393973,11.75920,0.00600,11.781,11.000,13.578,3.06,1.24,175.8,58.1,11.6,3.261,1.237,-0.480,1.188,16,1
288.100893,11.018056,45.112012,0.420855,10.99660,0.00270,11.018,10.257,12.841,2.50,0.47,18.7,81.1,5.4,2.021,0.470,1.543,0.475,16,1
288.259839,11.756388,45.838538,0.624858,12.04510,0.00730,12.081,11.300,13.957,2.10,0.96,27.4,89.8,13.1,1.330,0.954,1.890,0.964,16,1
287.977328,11.404736,45.398669,0.707296,10.05420,0.00110,10.080,9.431,11.589,0.70,0.28,45.8,108.2,11.5,-0.020,0.280,0.750,0.280,16,1
288.575499,10.890896,45.215482,-0.050930,9.76785,0.00085,9.810,8.974,11.778,2.03,0.25,13.0,75.3,3.5,1.843,0.254,0.895,0.214,32,1
288.576482,11.034915,45.343468,0.015116,12.16650,0.00740,12.106,11.549,13.671,2.66,1.18,41.1,103.4,12.8,0.399,1.034,2.881,1.187,16,1
288.694046,11.092748,45.448293,-0.060174,9.50350,0.00070,9.467,8.889,10.886,1.13,0.11,2.3,64.6,2.9,1.136,0.113,0.092,0.115,16,1
288.548481,11.624012,45.852415,0.313050,11.17620,0.00360,11.169,10.638,12.499,1.82,0.62,167.9,50.2,9.7,1.756,0.636,-0.793,0.535,16,1
288.695341,11.732905,46.015666,0.236293,8.40390,0.00040,8.381,7.361,10.705,2.90,0.14,16.4,78.7,1.4,2.438,0.131,1.576,0.151,16,1
288.216227,11.488341,45.581206,0.538481,8.12670,0.00020,8.323,7.538,9.981,0.57,0.15,158.6,41.0,7.6,0.434,0.152,-0.401,0.152,16,1
288.579999,11.464884,45.725835,0.211792,12.19150,0.00800,12.340,9.843,13.327,4.25,1.53,11.3,73.6,10.3,4.172,1.521,1.731,1.579,16,1
288.580774,11.558049,45.808691,0.254397,12.29210,0.01430,12.533,11.936,14.045,3.65,1.65,6.2,68.5,12.9,3.914,1.652,0.859,1.601,16,1
287.984153,11.036642,45.075437,0.531025,10.89075,0.00247,10.930,10.059,13.045,2.18,0.33,20.0,82.4,4.3,1.693,0.337,1.420,0.332,32,1
288.698262,11.217607,45.560763,-0.005792,9.89040,0.00110,9.856,8.538,12.771,0.41,0.18,174.4,56.7,12.6,0.436,0.177,-0.087,0.217,16,1
288.062317,11.163475,45.223375,0.521746,10.78210,0.00270,10.796,10.104,12.467,1.19,0.49,10.0,72.4,11.7,1.208,0.485,0.441,0.489,16,1
288.219777,11.787674,45.848086,0.674111,10.53747,0.00186,10.562,9.816,12.333,0.63,0.31,9.6,72.0,12.5,0.667,0.308,0.231,0.306,32,1
288.583585,11.611235,45.857071,0.276664,9.95170,0.00120,9.952,9.359,11.512,0.81,0.19,164.8,47.2,6.7,0.716,0.183,-0.419,0.207,16,1
287.986433,11.385142,45.385428,0.690317,10.12360,0.00130,10.143,9.582,11.613,1.08,0.44,72.7,135.1,11.8,-0.957,0.444,0.660,0.436,16,1
287.986435,11.440535,45.434538,0.715948,8.47920,0.00030,8.549,7.916,9.964,1.22,0.11,50.5,112.9,2.7,-0.233,0.114,1.198,0.114,16,1
288.552867,10.919398,45.230400,-0.018010,8.27250,0.00030,8.323,7.516,10.025,0.90,0.11,1.9,64.2,3.6,0.902,0.111,0.058,0.123,16,1
288.553789,11.006685,45.308122,0.021729,8.94700,0.00050,9.005,8.595,10.149,0.56,0.15,167.8,50.1,7.5,0.530,0.142,-0.241,0.171,16,1
288.063205,11.193700,45.250569,0.534968,9.73680,0.00071,9.784,9.152,11.297,0.92,0.13,28.8,91.2,4.0,0.500,0.129,0.785,0.131,32,1
288.063210,11.408713,45.441162,0.634512,11.68680,0.00540,11.667,10.672,13.806,3.68,0.70,37.4,99.8,5.4,0.980,0.673,3.611,0.699,16,1
288.220625,11.104407,45.242981,0.356726,7.69460,0.00020,7.659,6.744,9.494,1.14,0.19,167.5,49.9,4.8,1.044,0.193,-0.486,0.186,16,1
288.710777,11.593333,45.899121,0.158023,11.38340,0.00460,11.381,10.626,13.054,1.75,0.68,156.1,38.4,11.2,1.265,0.646,-1.392,0.713,16,1
288.067365,11.115438,45.183089,0.495114,9.82710,0.00120,9.841,8.953,11.792,2.76,0.20,20.0,82.4,2.1,2.124,0.215,1.780,0.173,16,1
288.224969,11.618482,45.700504,0.591201,10.76180,0.00290,10.769,10.388,11.773,1.84,0.72,13.4,75.8,11.3,1.761,0.685,0.890,0.855,16,1
288.596152,11.672348,45.916908,0.294154,10.79940,0.00170,10.809,9.566,13.557,3.77,0.65,3.6,65.9,5.0,3.796,0.652,0.481,0.652,16,1
288.559182,11.702904,45.927151,0.340408,9.83230,0.00080,9.861,9.022,11.744,2.18,0.28,2.4,64.7,3.6,2.188,0.277,0.181,0.279,16,1
288.658247,11.769862,46.031508,0.285626,10.38940,0.00180,10.411,10.327,10.685,1.20,0.39,169.9,52.2,9.2,1.186,0.395,-0.436,0.310,16,1
288.596371,11.369022,45.648399,0.153048,11.32990,0.00390,11.397,10.977,12.431,1.38,0.66,168.3,50.6,13.8,1.404,0.668,-0.610,0.637,16,1
288.229191,11.332304,45.448822,0.454905,11.01310,0.00320,10.831,10.120,11.795,1.19,0.44,7.8,70.2,10.6,1.227,0.437,0.343,0.512,16,1
288.597037,11.690573,45.933450,0.301853,11.35730,0.00410,11.386,10.955,12.598,3.39,1.44,148.4,30.7,12.2,1.659,1.459,-3.286,1.436,16,1
288.597309,10.840818,45.181085,-0.093161,11.08870,0.00340,11.094,10.346,13.112,1.81,0.69,16.9,79.3,10.9,1.611,0.688,1.081,0.690,16,1
287.953525,11.107105,45.123995,0.590277,7.96000,0.00030,8.073,7.560,9.326,0.36,0.12,21.7,84.1,9.9,0.275,0.124,0.260,0.122,16,1
288.076623,11.642805,45.654755,0.731240,9.27140,0.00080,9.386,9.074,9.963,0.45,0.17,147.6,30.0,10.5,0.204,0.165,-0.433,0.165,16,1
288.232707,11.631290,45.715367,0.590421,12.10360,0.01120,12.045,11.705,13.079,3.59,1.78,173.3,55.7,14.2,3.902,1.754,-0.923,2.241,16,1
288.568082,11.356855,45.624741,0.171957,8.61330,0.00040,8.737,8.264,9.956,0.59,0.17,141.6,23.9,8.0,0.139,0.167,-0.593,0.165,16,1
288.233559,11.055165,45.205230,0.322656,12.06620,0.00890,12.032,11.319,13.806,3.62,1.55,39.0,101.4,12.3,0.823,1.609,3.851,1.549,16,1
288.574364,11.608382,45.850348,0.283338,10.78660,0.00270,10.730,9.926,12.630,1.73,0.37,150.7,33.1,6.1,0.923,0.381,-1.506,0.367,16,1
288.550779,11.380039,45.637393,0.197748,8.41730,0.00030,8.378,7.500,10.425,1.58,0.16,1.4,63.7,2.9,1.589,0.160,0.075,0.158,16,1
288.551627,11.812251,46.020557,0.397742,10.98870,0.00330,11.069,10.587,12.101,1.50,0.51,1.0,63.3,9.7,1.584,0.507,0.055,0.519,16,1
287.968501,11.197160,45.210634,0.618921,9.86580,0.00122,9.982,9.093,11.748,1.67,0.58,32.2,94.6,9.4,0.762,0.586,1.592,0.581,32,1
288.579657,10.978915,45.295324,-0.013658,10.39620,0.00170,10.433,9.272,12.980,2.48,0.24,5.8,68.1,2.8,2.436,0.239,0.501,0.296,16,1
288.554343,11.297414,45.565843,0.156278,11.55510,0.00370,11.463,10.174,14.291,3.52,0.71,156.8,39.1,5.8,2.475,0.669,-2.601,0.748,16,1
288.554389,11.833783,46.040882,0.405348,11.41690,0.00500,11.371,10.542,13.252,2.57,0.79,4.5,66.8,8.7,2.657,0.784,0.418,0.801,16,1
287.972746,11.298074,45.302027,0.661925,9.69720,0.00100,9.776,9.318,10.859,0.72,0.30,89.6,152.1,11.7,-0.784,0.297,0.010,0.295,16,1
288.586505,11.690836,45.928892,0.311108,8.71540,0.00030,8.834,7.708,11.228,2.98,0.21,162.7,45.0,2.1,2.460,0.216,-1.695,0.210,16,1
288.594251,11.370527,45.648766,0.155588,10.50800,0.00180,10.557,9.778,12.379,1.17,0.32,169.9,52.2,7.7,1.135,0.309,-0.418,0.360,16,1
288.594256,11.842280,46.066531,0.374740,10.31610,0.00170,10.331,9.514,12.215,1.87,0.41,173.2,55.6,6.3,1.859,0.412,-0.446,0.420,16,1
288.594277,11.090278,45.400607,0.025369,11.95550,0.00720,11.958,11.749,12.518,3.10,1.35,148.6,30.9,12.5,1.543,1.425,-3.011,1.331,16,1
288.556204,11.006570,45.309121,0.019576,11.22070,0.00400,11.258,10.269,13.506,1.67,0.47,6.1,68.4,8.0,1.698,0.464,0.365,0.549,16,1
287.977132,11.336323,45.337927,0.675811,10.69504,0.00201,10.727,10.270,11.908,0.92,0.35,104.7,167.1,10.2,-0.860,0.352,-0.483,0.353,32,1
288.249828,11.193620,45.335314,0.372689,11.76616,0.00475,11.866,11.543,12.833,2.50,0.69,23.0,85.4,7.7,1.802,0.707,1.868,0.683,32,1
288.249834,10.837732,45.019973,0.207707,10.35760,0.00120,10.322,9.624,12.101,1.37,0.19,16.9,79.3,4.0,1.148,0.191,0.771,0.196,16,1
287.978337,11.474306,45.460806,0.738610,12.00430,0.00690,12.037,11.685,12.963,2.21,1.06,67.4,129.8,13.7,-1.725,1.040,1.743,1.071,16,1
288.090839,11.782560,45.785085,0.783606,10.76420,0.00230,10.767,10.039,12.543,1.61,0.43,179.2,61.6,7.6,1.670,0.428,-0.048,0.399,16,1
288.250381,11.139808,45.287884,0.347264,10.21650,0.00180,10.149,9.368,11.946,1.81,0.41,169.1,51.5,6.5,1.721,0.410,-0.687,0.427,16,1
288.250955,11.575772,45.674455,0.548850,11.11030,0.00450,11.048,10.384,12.815,2.09,0.56,168.1,50.5,7.7,1.983,0.541,-0.874,0.658,16,1
288.250991,11.919678,45.979226,0.708215,8.46030,0.00040,8.488,8.076,9.518,0.55,0.08,2.3,64.7,4.3,0.555,0.082,0.045,0.106,16,1
288.565217,10.839434,45.165218,-0.065892,9.10080,0.00050,9.132,8.519,10.676,1.62,0.18,169.3,51.7,3.1,1.520,0.179,-0.593,0.155,16,1
287.980286,11.276379,45.286215,0.645331,7.50770,0.00020,7.416,6.662,8.744,0.75,0.18,99.7,162.1,6.7,-0.729,0.175,-0.256,0.179,16,1
288.587887,11.922428,46.134613,0.417490,8.93990,0.00050,8.984,7.972,11.162,1.66,0.16,2.4,64.7,2.7,1.656,0.158,0.139,0.164,16,1
288.687215,11.106830,45.457645,-0.047693,11.11150,0.00280,11.051,10.369,12.802,1.58,0.48,15.7,77.9,8.8,1.416,0.458,0.861,0.548,16,1
287.985155,11.009061,45.051442,0.517389,10.21990,0.00160,10.293,9.464,12.255,2.08,0.26,21.0,83.5,3.6,1.559,0.230,1.407,0.295,16,1
288.589005,11.022294,45.338001,-0.001632,11.42260,0.00350,11.413,10.290,13.895,2.87,0.87,19.1,81.4,8.7,2.356,0.949,1.850,0.727,16,1
288.689108,11.781962,46.056264,0.264500,12.45610,0.01150,12.391,11.341,14.846,6.74,1.77,36.9,99.2,7.5,1.936,2.211,6.697,1.726,16,1
288.091975,10.990772,45.083776,0.415978,11.09840,0.00250,11.103,10.391,12.825,1.03,0.50,177.5,59.9,13.9,1.136,0.499,-0.101,0.514,16,1
288.092398,11.339852,45.393373,0.577265,10.71751,0.00191,10.772,10.324,11.898,0.96,0.34,12.2,74.6,9.6,0.931,0.341,0.420,0.346,32,1
288.259667,11.240712,45.381516,0.385968,9.33700,0.00060,9.346,8.774,10.800,1.24,0.12,176.5,58.8,2.7,1.232,0.115,-0.153,0.096,16,1
288.444815,11.756090,45.922270,0.464280,10.32760,0.00160,10.363,9.877,11.581,1.76,0.31,3.4,65.7,5.0,1.778,0.308,0.211,0.243,16,1
288.692866,11.899962,46.162452,0.316095,11.30680,0.00370,11.285,10.442,13.217,3.10,1.11,18.4,80.7,10.2,2.638,1.097,1.973,1.128,16,1
288.694606,11.667349,45.957289,0.206456,9.19120,0.00070,9.270,8.694,10.749,2.48,0.23,6.0,68.3,2.6,2.431,0.228,0.519,0.179,16,1
288.260344,10.870147,45.053480,0.213589,10.31880,0.00120,10.266,9.581,12.031,1.47,0.29,21.2,83.6,5.6,1.109,0.288,1.013,0.293,16,1
288.260344,11.505792,45.616708,0.508261,12.22970,0.01130,12.351,11.874,13.516,5.11,1.66,5.7,68.1,9.3,5.266,1.655,1.061,1.675,16,1
288.590344,11.526216,45.784857,0.231306,10.80200,0.00350,10.783,9.899,13.014,2.54,0.51,170.5,52.8,5.7,2.443,0.510,-0.845,0.454,16,1
288.590623,11.853781,46.075064,0.383231,11.15450,0.00350,11.130,10.201,13.278,2.13,0.49,4.1,66.4,6.6,2.164,0.489,0.309,0.495,16,1
288.590662,11.586863,45.838708,0.259204,10.83450,0.00330,10.799,10.183,12.110,1.82,0.55,176.9,59.2,8.7,1.895,0.555,-0.209,0.463,16,1
288.598667,11.691949,45.935410,0.301079,11.51950,0.00460,11.509,10.148,14.383,2.54,1.25,4.5,66.8,14.0,2.798,1.245,0.446,1.270,16,1
288.102981,11.604068,45.632372,0.690421,11.70030,0.00540,11.711,10.958,13.461,2.18,0.94,7.5,70.0,12.4,2.295,0.944,0.618,0.959,16,1
288.261446,11.061992,45.223967,0.301569,10.34260,0.00190,10.375,10.170,11.179,0.92,0.38,145.1,27.5,11.9,0.343,0.393,-0.933,0.380,16,1
288.452015,10.929052,45.192973,0.074176,11.65040,0.00440,11.682,10.955,13.409,3.01,0.60,164.4,46.8,5.7,2.623,0.600,-1.586,0.605,16,1
288.452036,11.659760,45.840222,0.413310,11.47660,0.00640,11.472,10.965,12.639,3.08,0.88,161.6,43.9,8.2,2.561,0.774,-1.916,1.043,16,1
288.452855,11.699441,45.875743,0.431016,12.32920,0.00880,12.428,11.790,13.864,3.18,1.13,22.0,84.4,10.2,2.426,1.074,2.344,1.188,16,1
288.699075,10.960841,45.333801,-0.125865,11.36230,0.00350,11.345,10.148,13.850,1.88,0.56,32.9,95.2,8.6,0.801,0.543,1.787,0.568,16,1
288.267353,11.931559,45.997175,0.699536,10.72780,0.00230,10.726,9.807,12.842,2.33,0.29,23.2,85.6,3.6,1.619,0.289,1.705,0.289,16,1
288.454569,11.258180,45.485663,0.224723,11.40290,0.00340,11.445,11.022,12.581,2.18,0.70,162.0,44.4,9.2,1.854,0.761,-1.345,0.571,16,1
288.549430,11.907295,46.103734,0.443785,9.44320,0.00070,9.447,8.830,11.049,2.12,0.20,6.0,68.3,2.7,2.079,0.199,0.441,0.190,16,1
288.551171,11.098534,45.388270,0.066664,12.34530,0.01050,12.291,10.819,15.862,3.98,1.53,59.8,122.2,11.1,-2.110,1.597,3.702,1.514,16,1
288.699915,11.680385,45.971248,0.207912,11.58290,0.00510,11.644,10.713,13.823,2.00,0.84,19.3,81.6,12.1,1.698,0.777,1.354,0.940,16,1
288.267501,11.351323,45.483087,0.430438,10.18670,0.00120,10.224,9.481,11.893,1.28,0.61,146.5,28.9,13.5,0.554,0.603,-1.308,0.606,16,1
287.956218,11.131366,45.146727,0.599160,11.75080,0.00820,11.710,11.037,13.368,4.10,1.66,29.3,91.7,11.6,2.304,1.629,3.771,1.670,16,1
288.552020,10.852273,45.170568,-0.048450,11.71850,0.00560,11.701,10.725,13.833,3.94,1.40,22.3,84.6,10.2,2.979,1.224,2.934,1.567,16,1
288.552952,10.908723,45.220985,-0.023042,10.53270,0.00170,10.536,10.043,11.921,0.77,0.32,168.7,51.0,12.0,0.768,0.325,-0.320,0.307,16,1
288.553820,11.816489,46.025307,0.397809,11.23500,0.00400,11.265,10.776,12.378,2.40,0.61,0.1,62.4,7.3,2.480,0.612,0.009,0.617,16,1
288.553821,10.899950,45.213612,-0.027873,11.52990,0.00470,11.537,10.860,13.206,2.46,0.78,8.4,70.7,9.1,2.472,0.792,0.747,0.634,16,1
288.711501,11.011469,45.384296,-0.113128,11.05610,0.00260,11.055,9.804,13.661,1.00,0.39,52.4,114.7,11.1,-0.275,0.370,1.041,0.389,16,1
288.254433,11.035750,45.197524,0.295503,9.86540,0.00100,9.864,8.985,11.940,2.87,0.21,28.3,90.7,2.1,1.584,0.165,2.403,0.224,16,1
287.867854,11.432589,45.373726,0.815318,9.20920,0.00050,9.312,8.289,11.171,1.00,0.29,38.4,100.9,8.2,0.237,0.285,1.016,0.286,16,1
287.960693,11.325582,45.320946,0.685130,10.96980,0.00370,10.975,10.302,12.715,2.29,0.60,55.9,118.3,7.5,-0.877,0.609,2.200,0.601,16,1
288.554765,11.034421,45.333129,0.033763,11.74600,0.00440,11.774,10.718,14.239,1.82,0.64,10.7,73.0,10.0,1.796,0.637,0.703,0.624,16,1
288.556551,11.786103,45.999638,0.381330,11.50541,0.00356,11.666,10.992,13.051,1.85,0.76,170.9,53.2,10.9,1.897,0.759,-0.627,0.766,32,1
288.060695,11.667929,45.669804,0.756699,10.59930,0.00230,10.649,10.063,12.134,0.68,0.30,76.0,138.4,12.7,-0.657,0.299,0.350,0.310,16,1
288.252436,11.177628,45.322330,0.363009,10.69250,0.00270,10.644,10.005,12.249,0.98,0.38,152.8,35.2,11.0,0.613,0.381,-0.857,0.374,16,1
288.474739,10.892003,45.170515,0.037214,9.29010,0.00049,9.345,8.029,12.074,1.25,0.23,34.4,96.7,5.1,0.461,0.228,1.186,0.229,32,1
288.475465,11.419180,45.637779,0.281309,11.02740,0.00280,11.100,10.620,12.310,2.09,0.46,127.6,10.0,6.3,-0.546,0.558,-2.073,0.453,16,1
288.562064,11.677534,45.905994,0.326126,9.66660,0.00070,9.704,8.786,11.686,1.88,0.22,6.0,68.3,3.3,1.852,0.219,0.395,0.218,16,1
288.662807,10.855394,45.223884,-0.143348,11.05990,0.00200,10.997,9.921,13.365,2.52,0.42,26.1,88.4,4.8,1.564,0.429,2.022,0.413,16,1
288.490318,11.092726,45.355396,0.116854,7.87340,0.00020,7.814,6.842,9.817,0.96,0.14,2.3,64.6,4.1,0.963,0.137,0.078,0.150,16,1
288.221576,11.705483,45.776064,0.634463,10.64560,0.00260,10.611,9.939,12.333,0.95,0.36,155.5,37.9,10.8,0.670,0.348,-0.770,0.370,16,1
288.265284,11.572942,45.678454,0.535100,7.33940,0.00020,7.422,6.906,8.747,0.58,0.16,163.1,45.5,8.1,0.501,0.154,-0.334,0.185,16,1
288.475512,11.566032,45.767874,0.349437,10.28470,0.00200,10.311,9.648,11.828,1.42,0.54,167.5,49.8,10.8,1.377,0.495,-0.642,0.693,16,1
288.475952,11.786700,45.963532,0.451487,10.76307,0.00264,10.850,10.392,12.078,2.30,0.62,0.1,62.5,7.5,2.382,0.620,0.006,0.705,32,1
288.475984,11.786571,45.963433,0.451399,10.76266,0.00164,10.850,10.392,12.078,1.26,0.34,0.1,62.4,7.4,1.308,0.340,0.005,0.346,48,1
288.666281,11.026975,45.377392,-0.066621,9.11180,0.00050,9.139,8.385,10.863,1.42,0.13,10.2,72.5,2.6,1.338,0.126,0.496,0.133,16,1
288.266904,11.167616,45.320039,0.345791,8.50260,0.00040,8.483,7.571,10.180,0.97,0.14,150.9,33.3,4.1,0.519,0.142,-0.836,0.139,16,1
288.266917,10.950562,45.127724,0.245151,10.30890,0.00140,10.330,8.908,13.086,2.98,0.28,14.8,77.2,2.7,2.600,0.291,1.482,0.237,16,1
288.266917,10.842679,45.032135,0.195134,9.47370,0.00060,9.474,9.088,10.622,0.41,0.20,39.3,101.7,14.0,0.090,0.198,0.449,0.201,16,1
288.476263,11.123618,45.376355,0.143411,8.20770,0.00030,8.245,7.309,10.273,2.23,0.35,0.2,62.6,4.5,2.256,0.346,0.017,0.325,16,1
288.476291,11.677020,45.866536,0.400281,9.27870,0.00050,9.368,8.415,11.355,1.73,0.24,17.0,79.3,3.9,1.451,0.239,0.976,0.235,16,1
288.477011,11.621313,45.817520,0.373798,11.59550,0.00600,11.609,10.702,13.688,2.24,0.80,27.3,89.7,10.3,1.376,0.763,1.939,0.824,16,1
288.809758,11.280474,45.667274,-0.073364,9.89890,0.00140,9.920,9.074,11.925,1.62,0.26,24.1,86.4,4.6,1.095,0.281,1.225,0.244,16,1
288.668971,10.897311,45.263812,-0.129226,11.96859,0.00427,11.955,10.842,14.465,1.57,0.70,24.4,86.7,11.6,1.136,0.715,1.295,0.685,32,1
288.495435,10.904129,45.190690,0.024844,10.07520,0.00110,10.033,9.158,12.077,2.61,0.26,167.3,49.6,2.8,2.366,0.264,-1.123,0.231,16,1
288.495468,11.773940,45.961099,0.428642,10.88860,0.00220,10.971,10.089,12.846,1.78,0.44,173.0,55.4,7.1,1.781,0.442,-0.441,0.449,16,1
288.496319,11.210177,45.462156,0.166169,12.40270,0.00920,12.402,11.637,14.149,3.61,1.52,148.1,30.5,12.1,1.734,1.670,-3.512,1.487,16,1
288.228449,11.679911,45.756521,0.616649,10.07240,0.00130,10.212,9.174,12.219,1.24,0.28,174.9,57.3,6.3,1.254,0.271,-0.226,0.382,16,1
288.254721,11.473303,45.585365,0.498083,8.87090,0.00040,8.980,8.585,10.125,0.89,0.11,148.7,31.1,3.5,0.414,0.110,-0.799,0.109,16,1
288.254729,10.855992,45.038381,0.211912,11.61090,0.00350,11.533,10.368,14.094,2.70,0.63,29.6,92.0,6.7,1.418,0.624,2.387,0.632,16,1
288.477017,11.029256,45.293120,0.098950,11.17160,0.00280,11.211,10.685,12.532,1.33,0.52,162.8,45.2,11.2,1.179,0.515,-0.805,0.537,16,1
288.497998,11.445342,45.671205,0.273893,9.87490,0.00100,9.864,9.010,11.810,1.84,0.20,154.9,37.2,3.1,1.184,0.170,-1.421,0.214,16,1
288.478128,11.966976,46.124206,0.533279,10.90627,0.00275,10.891,9.759,12.887,1.87,0.54,7.9,70.3,7.9,1.873,0.540,0.532,0.512,32,1
288.673339,11.010523,45.366045,-0.080402,10.79560,0.00240,10.764,9.896,12.844,1.61,0.58,12.0,74.3,10.4,1.561,0.588,0.698,0.559,16,1
288.676863,10.886492,45.257835,-0.141116,12.32020,0.00620,12.289,11.731,13.704,4.17,1.49,30.5,92.8,10.2,2.151,1.494,3.869,1.487,16,1
288.233610,11.946660,45.995256,0.735788,8.89483,0.00038,8.933,8.529,9.978,0.73,0.12,23.9,86.3,4.7,0.499,0.119,0.550,0.125,32,1
288.233611,10.918756,45.084382,0.259382,8.84710,0.00040,8.961,8.624,9.858,0.81,0.17,30.1,92.5,5.9,0.409,0.153,0.717,0.170,16,1
287.870908,11.409603,45.354727,0.802035,10.05930,0.00120,10.098,9.715,11.174,0.75,0.28,54.7,117.2,10.7,-0.268,0.272,0.758,0.283,16,1
288.479038,11.862446,46.032028,0.483971,10.10619,0.00109,10.184,9.584,11.691,2.47,0.38,5.7,68.1,4.4,2.453,0.384,0.493,0.371,32,1
288.678637,11.879095,46.137504,0.318724,11.04390,0.00290,10.997,9.965,13.324,2.41,1.12,13.5,75.8,13.4,2.370,1.108,1.207,1.186,16,1
288.504991,11.452797,45.680990,0.271284,11.52900,0.00460,11.561,10.286,14.265,2.38,0.61,3.5,65.9,7.4,2.435,0.610,0.301,0.581,16,1
288.505001,11.256465,45.507106,0.180118,9.91260,0.00090,9.915,9.324,11.451,0.75,0.24,3.5,65.9,9.2,0.777,0.239,0.097,0.225,16,1
287.830553,11.430343,45.354829,0.846698,12.40150,0.01170,12.443,11.987,13.660,3.38,1.57,115.2,177.6,13.3,-2.376,1.581,-2.869,1.559,16,1
288.256658,10.910312,45.087390,0.235416,12.16800,0.00840,12.193,11.486,13.914,4.06,1.60,6.6,69.0,11.3,4.246,1.614,0.996,1.227,16,1
288.479511,11.563298,45.767271,0.344698,10.88850,0.00340,10.909,10.525,12.016,1.28,0.55,147.1,29.5,12.4,0.574,0.699,-1.274,0.520,16,1
288.479518,10.912419,45.190776,0.042536,10.92450,0.00280,10.863,10.056,12.824,0.95,0.40,16.7,79.1,12.0,0.862,0.402,0.570,0.396,16,1
288.479745,11.409534,45.631183,0.273115,11.73830,0.00550,11.745,10.730,13.901,3.17,0.70,152.4,34.7,6.3,1.849,0.686,-2.664,0.702,16,1
288.479746,10.887178,45.168524,0.030619,9.64180,0.00076,9.650,8.767,11.710,1.46,0.24,169.5,51.8,4.7,1.383,0.246,-0.531,0.198,32,1
288.479801,11.130311,45.383895,0.143443,11.10440,0.00340,11.082,10.490,12.633,1.91,0.68,167.0,49.3,10.2,1.824,0.664,-0.889,0.754,16,1
288.480045,11.351861,45.580237,0.246082,10.17544,0.00103,10.227,9.408,12.143,0.87,0.22,150.1,32.4,7.0,0.451,0.243,-0.778,0.210,32,1
288.680381,11.904657,46.160930,0.329094,7.88610,0.00020,7.875,6.667,10.345,2.70,0.10,166.0,48.3,1.1,2.386,0.104,-1.270,0.108,16,1
288.508507,11.319554,45.564579,0.206366,10.24800,0.00120,10.193,8.985,12.868,1.98,0.22,162.0,44.3,3.2,1.611,0.229,-1.170,0.200,16,1
288.257516,11.030382,45.194170,0.290333,9.47700,0.00070,9.526,8.472,11.651,1.84,0.19,38.8,101.2,2.9,0.395,0.236,1.805,0.186,16,1
288.213711,11.925425,45.967415,0.743201,11.24520,0.00380,11.243,10.534,12.826,2.43,0.54,4.5,66.9,6.4,2.455,0.544,0.392,0.497,16,1
288.774311,10.935249,45.345492,-0.203160,8.73270,0.00040,8.805,8.407,10.014,0.87,0.17,16.3,78.6,5.5,0.744,0.159,0.477,0.185,16,1
288.686962,11.724765,46.004645,0.239773,10.99380,0.00340,10.935,10.112,12.947,3.74,0.63,14.1,76.4,4.8,3.340,0.617,1.795,0.660,16,1
288.510393,10.806858,45.111360,-0.033331,11.12740,0.00370,11.060,9.847,13.703,3.06,0.61,12.1,74.5,5.7,2.843,0.618,1.283,0.564,16,1
288.510433,11.079549,45.352891,0.093253,10.64660,0.00230,10.648,10.171,12.013,1.01,0.38,160.7,43.0,10.7,0.843,0.376,-0.673,0.380,16,1
288.510436,11.979357,46.149844,0.511033,8.98550,0.00050,9.094,8.013,11.260,1.65,0.25,13.4,75.7,4.3,1.486,0.245,0.751,0.249,16,1
288.511348,10.802416,45.107862,-0.036224,11.85810,0.00720,11.915,11.434,13.321,2.75,1.11,169.7,52.1,11.6,2.779,1.109,-1.041,1.123,16,1
288.244128,10.981776,45.145009,0.279445,9.57990,0.00080,9.565,9.048,10.983,0.55,0.13,42.3,104.7,6.6,0.054,0.162,0.564,0.127,16,1
288.215511,11.167170,45.296272,0.390261,9.55940,0.00090,9.610,9.160,10.820,0.40,0.18,2.2,64.6,12.9,0.441,0.182,0.034,0.172,16,1
288.481054,11.699083,45.888243,0.406391,10.59480,0.00160,10.613,9.922,12.186,1.64,0.58,21.5,83.9,10.2,1.274,0.592,1.190,0.574,16,1
287.858024,11.467950,45.400628,0.840210,9.96817,0.00088,10.028,9.563,11.312,0.54,0.23,72.7,135.1,11.1,-0.484,0.227,0.335,0.231,32,1
288.218099,11.823537,45.879107,0.692185,7.87010,0.00020,7.944,7.150,9.680,0.25,0.08,59.5,121.9,9.3,-0.129,0.087,0.232,0.080,16,1
288.782275,11.768014,46.086326,0.177268,12.32295,0.00823,12.162,11.424,13.990,3.64,1.19,138.3,20.6,8.9,0.436,1.202,-3.804,1.190,32,1
288.516603,11.810343,46.002947,0.427218,10.62860,0.00230,10.587,9.658,12.192,1.47,0.37,20.8,83.1,7.3,1.134,0.380,1.008,0.364,16,1
288.251006,10.932298,45.104298,0.250526,11.11760,0.00300,11.116,10.152,13.373,1.47,0.42,11.2,73.6,8.2,1.412,0.405,0.585,0.491,16,1
287.860368,11.332473,45.281553,0.775533,11.64160,0.00570,11.607,11.184,12.271,2.38,1.15,164.0,46.4,13.8,2.235,1.154,-1.401,1.131,16,1
288.219961,11.021337,45.169068,0.318803,12.10800,0.00710,12.109,11.692,13.207,2.49,1.01,179.6,62.0,11.6,2.682,1.006,-0.040,1.204,16,1
288.252410,11.278133,45.411374,0.409621,10.16090,0.00140,10.140,9.287,12.030,1.09,0.22,169.4,51.8,5.7,1.040,0.218,-0.405,0.224,16,1
288.221669,10.898781,45.061247,0.260514,10.03475,0.00085,10.135,9.816,11.077,1.25,0.19,28.1,90.5,4.4,0.702,0.177,1.050,0.200,32,1
288.788246,11.111667,45.508027,-0.133211,9.28270,0.00060,9.293,8.751,10.727,0.42,0.13,37.5,99.8,8.6,0.114,0.112,0.426,0.128,16,1
288.696322,10.912955,45.290147,-0.145733,11.18260,0.00300,11.177,10.199,13.427,2.42,0.60,29.9,92.2,7.1,1.252,0.525,2.153,0.626,16,1
288.530016,10.908827,45.210618,-0.003048,9.12290,0.00050,9.143,8.039,11.536,2.12,0.13,4.3,66.7,1.8,2.096,0.133,0.319,0.131,16,1
288.530488,11.802229,46.002072,0.411414,10.17500,0.00150,10.248,9.694,11.451,1.24,0.25,177.8,60.1,5.8,1.260,0.251,-0.098,0.249,16,1
288.225110,11.598464,45.682829,0.581802,10.30840,0.00190,10.239,9.261,12.430,1.98,0.28,2.0,64.4,4.1,1.998,0.285,0.141,0.348,16,1
288.442058,11.296101,45.513558,0.253191,11.62880,0.00730,11.651,10.387,14.254,3.80,0.75,167.3,49.7,5.7,3.497,0.719,-1.655,0.869,16,1
288.531095,11.521849,45.754025,0.280690,12.30410,0.01080,12.329,11.288,14.549,3.61,1.64,6.9,69.2,13.0,3.851,1.640,0.940,1.574,16,1
288.531775,11.862078,46.055664,0.438088,12.39180,0.01130,12.382,11.864,13.671,6.28,1.57,11.7,74.1,7.2,5.934,1.573,2.578,1.565,16,1
288.802501,11.207387,45.599266,-0.101065,11.41650,0.00570,11.460,10.676,13.363,2.80,1.11,19.8,82.0,11.4,2.323,1.013,1.916,1.243,16,1
288.715217,11.707298,46.002042,0.207158,10.63580,0.00240,10.619,9.670,12.752,4.24,0.30,7.3,69.6,2.1,4.108,0.304,1.073,0.306,16,1
288.231141,10.949875,45.110832,0.275955,10.69370,0.00200,10.672,9.590,13.088,1.69,0.28,13.6,76.0,4.7,1.520,0.268,0.783,0.308,16,1
288.448518,10.971761,45.229209,0.097040,9.14520,0.00050,9.100,8.084,11.100,1.36,0.09,174.8,57.2,1.9,1.339,0.091,-0.245,0.082,16,1
288.448522,11.458264,45.660140,0.322841,12.33280,0.00860,12.398,11.817,13.572,3.42,1.67,171.9,54.3,14.0,3.652,1.626,-1.055,2.074,16,1
288.533557,11.602253,45.826356,0.315891,11.48700,0.00530,11.390,10.734,12.993,3.52,1.22,30.2,92.5,9.9,1.847,1.148,3.242,1.247,16,1
288.264028,11.734678,45.821201,0.611161,10.23250,0.00140,10.219,9.282,12.353,1.86,0.21,4.6,67.0,3.3,1.844,0.209,0.298,0.277,16,1
288.452047,10.923389,45.187971,0.071519,10.60400,0.00190,10.682,10.184,11.890,1.26,0.33,174.2,56.5,7.5,1.281,0.331,-0.263,0.280,16,1
288.065692,11.674112,45.677550,0.755223,9.04720,0.00060,9.112,8.474,10.733,1.07,0.11,1.1,63.5,2.9,1.070,0.107,0.039,0.149,16,1
288.713328,10.930833,45.313739,-0.152205,12.03180,0.00620,11.984,10.953,14.466,2.62,1.11,30.5,92.8,12.1,1.376,0.974,2.488,1.143,16,1
288.540424,11.679823,45.898179,0.345957,9.27220,0.00040,9.402,7.952,12.157,2.42,0.23,28.0,90.3,2.7,1.359,0.232,2.010,0.222,16,1
288.540428,11.548808,45.782148,0.285111,10.95220,0.00310,10.906,9.919,13.251,1.35,0.51,20.8,83.2,10.8,1.082,0.529,0.962,0.485,16,1
288.235351,11.038204,45.191016,0.313235,12.45170,0.00940,12.398,11.636,14.272,3.94,1.56,33.3,95.7,11.3,1.681,1.804,3.891,1.508,16,1
288.453747,11.903672,46.057059,0.525027,12.30040,0.00850,12.256,11.845,13.206,2.53,1.17,163.2,45.5,13.3,2.321,1.134,-1.544,1.258,16,1
288.454624,11.651285,45.833891,0.407131,11.23690,0.00460,11.005,10.267,12.723,2.83,0.87,10.7,73.1,8.8,2.750,0.816,1.083,1.158,16,1
288.068332,11.353000,45.394102,0.604267,11.79450,0.00650,11.840,11.523,12.868,2.38,0.98,64.5,126.9,11.8,-1.619,0.894,1.998,1.033,16,1
288.658334,11.237605,45.560265,0.038180,9.72910,0.00100,9.787,9.355,10.868,0.52,0.19,156.2,38.5,10.8,0.370,0.194,-0.406,0.193,16,1
288.255334,11.035021,45.197288,0.294381,10.34880,0.00180,10.363,10.020,11.312,0.70,0.32,39.8,102.2,13.1,0.141,0.397,0.763,0.320,16,1
288.457086,11.757137,45.928773,0.454124,11.57310,0.00440,11.627,11.003,13.180,1.92,0.67,0.4,62.8,10.0,2.029,0.670,0.030,0.599,16,1
288.071629,11.160455,45.224928,0.512250,9.23270,0.00070,9.168,8.169,11.110,2.35,0.16,26.2,88.7,2.0,1.433,0.160,1.865,0.166,16,1
288.255873,11.455185,45.569834,0.488685,10.78610,0.00210,10.792,10.192,12.407,1.22,0.38,103.2,165.5,8.8,-1.146,0.378,-0.567,0.373,16,1
288.243641,10.860693,45.037499,0.223740,12.45780,0.00660,12.524,11.916,13.837,2.79,1.26,12.9,75.3,13.0,2.759,1.266,1.336,1.257,16,1
288.460561,10.981412,45.243245,0.091048,12.20694,0.00615,12.196,11.193,14.798,5.61,1.35,24.2,86.5,6.7,3.839,1.472,4.312,1.242,32,1
288.491211,11.285231,45.526305,0.205451,11.51130,0.00470,11.458,10.170,14.204,3.80,0.78,179.2,61.5,5.9,3.878,0.781,-0.108,0.646,16,1
288.492970,11.672881,45.870452,0.383892,9.37410,0.00060,9.409,8.597,11.284,1.66,0.24,10.5,72.8,4.1,1.561,0.239,0.600,0.237,16,1
288.476346,11.870702,46.038118,0.490137,11.79712,0.00473,11.916,11.354,13.275,3.44,0.76,170.1,52.5,6.1,3.316,0.757,-1.188,0.741,32,1
288.079970,11.098224,45.173558,0.476180,9.35000,0.00070,9.369,8.739,10.797,0.32,0.11,3.2,65.7,9.5,0.334,0.106,0.038,0.101,16,1
288.493815,10.888291,45.175924,0.018900,11.19103,0.00283,11.026,10.025,13.062,1.97,0.49,174.1,56.5,7.0,1.989,0.490,-0.413,0.551,32,1
288.494633,11.286618,45.529091,0.203123,10.61970,0.00200,10.617,9.851,12.465,1.53,0.33,177.8,60.2,6.2,1.563,0.332,-0.118,0.307,16,1
288.219896,11.315706,45.429890,0.455289,11.46570,0.00400,11.457,10.673,13.144,1.93,0.53,4.4,66.8,8.0,1.975,0.535,0.307,0.499,16,1
287.842730,11.270838,45.218899,0.762371,10.04521,0.00092,10.102,9.437,11.657,1.21,0.38,7.7,70.2,8.7,1.223,0.384,0.338,0.382,32,1
287.846141,11.255327,45.206691,0.752234,8.07910,0.00018,8.160,7.678,9.477,0.60,0.19,105.7,168.2,8.7,-0.540,0.193,-0.329,0.191,32,1
288.498916,11.657448,45.859486,0.371570,8.98480,0.00040,9.033,8.269,10.865,1.55,0.19,11.7,74.0,3.5,1.430,0.193,0.617,0.184,16,1
288.254797,11.595160,45.693380,0.554502,10.25840,0.00180,10.225,9.498,12.007,0.79,0.39,11.6,74.0,14.1,0.809,0.370,0.347,0.475,16,1
288.254823,11.013463,45.177953,0.284832,10.54210,0.00220,10.514,9.816,12.320,0.64,0.29,7.7,70.1,12.9,0.675,0.290,0.186,0.258,16,1
288.255016,11.620220,45.715686,0.565927,11.62670,0.00660,11.594,10.963,13.127,2.14,1.04,155.4,37.8,13.9,1.557,0.983,-1.804,1.085,16,1
288.084467,11.186959,45.254252,0.513360,10.69070,0.00196,10.797,10.134,12.258,1.01,0.34,37.4,99.8,9.3,0.281,0.416,1.029,0.339,32,1
288.501573,10.881881,45.173784,0.009176,10.49790,0.00200,10.530,9.506,12.837,2.44,0.45,172.2,54.5,5.2,2.392,0.442,-0.667,0.483,16,1
288.225076,11.301373,45.419543,0.444145,10.69990,0.00260,10.646,9.837,12.554,0.55,0.27,156.8,39.2,14.1,0.423,0.269,-0.444,0.272,16,1
288.480089,11.878720,46.046921,0.490614,10.58005,0.00191,10.605,10.069,11.790,3.31,0.35,7.6,70.0,3.0,3.216,0.353,0.871,0.362,32,1
288.480454,11.355622,45.583754,0.247472,9.84300,0.00130,9.747,8.415,12.174,1.05,0.36,3.6,66.0,9.7,1.105,0.356,0.140,0.348,16,1
288.480793,11.078535,45.338488,0.118545,11.64710,0.00550,11.686,10.677,13.992,1.97,0.91,170.4,52.7,13.2,2.044,0.901,-0.712,0.945,16,1
288.085687,11.638846,45.655356,0.721539,10.67740,0.00190,10.699,10.134,12.187,1.53,0.54,129.8,12.2,10.1,-0.292,0.534,-1.592,0.538,16,1
288.228530,11.916719,45.966418,0.726318,11.32630,0.00430,11.270,10.826,12.354,1.57,0.54,23.7,86.1,9.9,1.122,0.517,1.219,0.558,16,1
287.867014,11.484421,45.419309,0.840014,8.86320,0.00040,8.950,8.546,10.199,0.95,0.11,84.8,147.2,3.4,-0.938,0.111,0.173,0.109,16,1
288.481987,11.739649,45.924599,0.424413,10.92940,0.00240,10.981,10.130,12.860,1.88,0.49,8.4,70.8,7.4,1.860,0.487,0.564,0.484,16,1
288.087424,11.374963,45.422237,0.597846,8.12870,0.00030,8.198,7.665,9.580,0.50,0.20,41.9,104.3,11.2,0.059,0.250,0.535,0.195,16,1
288.506826,11.518989,45.740450,0.300424,10.48280,0.00210,10.523,9.590,12.537,1.62,0.35,33.3,95.7,6.2,0.656,0.340,1.521,0.352,16,1
288.231948,11.335053,45.452511,0.453784,11.03790,0.00320,11.032,10.696,11.964,1.46,0.44,8.1,70.5,8.7,1.460,0.433,0.427,0.542,16,1
288.482127,11.168333,45.418631,0.159073,11.24130,0.00370,11.307,10.765,12.545,2.54,0.98,161.1,43.4,11.1,2.156,0.892,-1.672,1.123,16,1
288.482272,11.518118,45.728509,0.321329,9.67170,0.00110,9.755,9.102,11.267,0.64,0.23,56.7,119.1,10.3,-0.272,0.239,0.625,0.230,16,1
288.482289,11.578958,45.782405,0.349557,7.67070,0.00020,7.829,6.863,9.721,0.88,0.13,5.6,67.9,4.3,0.871,0.132,0.173,0.131,16,1
288.091338,10.972412,45.067213,0.408030,10.86110,0.00200,10.891,9.998,12.888,3.27,0.48,18.6,81.0,4.2,2.634,0.475,2.002,0.486,16,1
288.510453,11.909786,46.088231,0.478719,10.32500,0.00170,10.391,9.933,11.463,2.70,0.54,8.4,70.7,5.7,2.634,0.536,0.793,0.534,16,1
287.883606,11.428693,45.377411,0.799826,11.04700,0.00250,11.088,10.345,12.680,1.93,0.63,50.2,112.7,9.4,-0.369,0.600,1.993,0.631,16,1
287.883618,11.320419,45.281407,0.749745,9.64620,0.00100,9.638,8.895,11.455,1.34,0.31,39.4,101.8,6.5,0.269,0.304,1.352,0.306,16,1
288.483088,11.616427,45.815956,0.366257,12.23420,0.01140,12.235,11.708,13.392,3.32,1.43,175.5,57.9,12.4,3.574,1.427,-0.561,1.685,16,1
288.093437,11.619723,45.641920,0.705956,9.50930,0.00070,9.503,8.626,11.435,1.52,0.21,10.1,72.5,3.9,1.436,0.207,0.530,0.211,16,1
288.236958,10.955831,45.118757,0.273656,9.73920,0.00090,9.716,8.863,11.742,1.56,0.23,28.8,91.2,4.3,0.845,0.252,1.330,0.223,16,1
288.238706,11.333636,45.454327,0.447255,11.96210,0.00720,11.977,11.595,12.913,2.15,0.92,19.5,81.9,12.2,1.815,0.940,1.467,0.874,16,1
288.433042,11.717858,45.883054,0.456748,10.75260,0.00240,10.753,10.266,12.170,1.79,0.30,3.0,65.3,4.7,1.804,0.296,0.188,0.288,16,1
288.103799,11.194008,45.269283,0.499816,11.26616,0.00282,11.309,10.533,13.083,1.96,0.42,9.8,72.2,6.0,1.892,0.421,0.676,0.401,32,1
288.523485,11.744774,45.948002,0.390807,11.31450,0.00320,11.272,10.505,13.163,2.03,0.62,15.2,77.5,8.7,1.831,0.612,1.071,0.635,16,1
287.852166,11.393439,45.331898,0.810851,9.56897,0.00053,9.642,9.054,11.028,0.77,0.16,54.5,117.0,5.8,-0.258,0.162,0.748,0.160,32,1
288.436440,11.554970,45.740308,0.378209,11.92960,0.00910,11.956,10.832,14.447,4.30,1.15,4.0,66.4,7.7,4.410,1.150,0.627,1.162,16,1
288.438033,10.976065,45.228244,0.108155,11.01310,0.00270,11.082,10.420,12.590,1.03,0.39,8.1,70.4,10.8,1.056,0.377,0.306,0.495,16,1
288.438057,11.031071,45.276978,0.133664,11.94930,0.00590,12.007,11.011,14.266,2.26,0.99,13.1,75.5,12.6,2.215,0.919,1.093,1.245,16,1
288.531128,10.874625,45.180834,-0.019899,10.57040,0.00180,10.545,9.415,13.128,2.41,0.35,39.5,101.8,4.2,0.465,0.407,2.392,0.352,16,1
288.440509,11.463712,45.661321,0.332326,8.75900,0.00040,8.843,7.864,10.995,1.44,0.12,161.0,43.3,2.4,1.137,0.133,-0.889,0.094,16,1
288.055857,11.786471,45.772697,0.815771,11.09871,0.00279,11.157,10.762,12.290,0.96,0.45,18.7,81.1,12.2,0.843,0.459,0.643,0.435,32,1
288.531411,11.043267,45.330318,0.058171,9.25818,0.00042,9.312,8.464,11.197,1.48,0.21,173.3,55.6,4.1,1.457,0.214,-0.347,0.200,32,1
288.531611,10.857617,45.165992,-0.028217,11.76610,0.00600,11.704,10.931,12.319,2.07,1.02,158.4,40.7,14.0,1.682,0.981,-1.582,1.053,16,1
287.871119,11.196333,45.165708,0.703231,9.88680,0.00113,9.958,9.270,11.557,1.15,0.28,27.9,90.4,6.8,0.663,0.282,0.978,0.277,32,1
288.447679,11.575103,45.763252,0.377800,9.83430,0.00130,9.814,8.901,11.886,1.60,0.34,2.2,64.6,6.1,1.635,0.342,0.128,0.331,16,1
288.448599,11.707443,45.880897,0.438421,10.22510,0.00140,10.282,9.528,11.870,2.21,0.36,179.7,62.1,4.7,2.242,0.360,-0.020,0.397,16,1
288.533648,11.029944,45.319538,0.050039,9.31580,0.00070,9.354,8.725,10.872,0.86,0.23,172.7,55.0,7.6,0.857,0.229,-0.225,0.175,16,1
288.450386,11.115116,45.357038,0.161954,11.02970,0.00270,11.008,10.016,13.341,1.20,0.55,168.4,50.7,13.3,1.210,0.561,-0.521,0.508,16,1
288.290287,11.013215,45.193873,0.253873,10.48570,0.00170,10.527,10.092,11.795,1.09,0.39,77.6,140.0,10.2,-1.051,0.401,0.484,0.320,16,1
288.290301,11.848801,45.934251,0.641276,10.85410,0.00300,10.848,9.931,12.926,1.78,0.43,23.1,85.5,6.9,1.267,0.423,1.320,0.430,16,1
287.880369,11.341081,45.298255,0.762125,11.04175,0.00211,11.091,10.960,11.636,1.01,0.37,120.3,2.8,9.8,-0.529,0.370,-0.941,0.369,32,1
288.227784,11.283664,45.405081,0.433584,11.27270,0.00320,11.196,10.035,13.668,2.26,0.43,34.1,96.5,5.5,0.851,0.471,2.133,0.426,16,1
288.227794,11.204931,45.335318,0.397084,11.68940,0.00560,11.717,11.113,13.346,1.87,0.66,30.8,93.1,10.1,0.947,0.662,1.746,0.658,16,1
288.535830,11.439022,45.682825,0.238118,9.18180,0.00060,9.196,8.605,10.618,0.86,0.14,166.9,49.2,4.8,0.785,0.134,-0.387,0.177,16,1
288.293718,11.217871,45.376762,0.345785,11.20140,0.00320,11.241,10.920,12.187,1.65,0.44,154.0,36.3,7.6,1.050,0.443,-1.347,0.433,16,1
288.230293,11.312077,45.431399,0.444573,11.43360,0.00520,11.387,10.911,12.627,1.51,0.65,175.9,58.3,12.3,1.631,0.652,-0.232,0.603,16,1
288.536124,11.557955,45.788291,0.293093,11.33140,0.00460,11.317,10.885,12.551,2.05,0.66,15.0,77.3,9.2,1.865,0.632,1.075,0.723,16,1
288.457108,11.510751,45.710538,0.339749,12.24700,0.01100,12.327,11.888,13.406,3.07,1.44,1.8,64.1,13.4,3.381,1.434,0.207,1.480,16,1
288.070842,11.368910,45.409344,0.609452,12.10200,0.00990,12.198,11.810,13.203,3.62,1.52,65.5,127.9,12.0,-2.575,1.595,2.965,1.460,16,1
288.300981,11.890348,45.975911,0.651277,9.80120,0.00110,9.830,9.192,11.519,0.89,0.20,37.4,99.8,6.3,0.239,0.207,0.879,0.196,16,1
287.862731,11.455803,45.391990,0.830503,10.79040,0.00220,10.850,10.583,11.546,1.15,0.41,90.5,152.9,10.1,-1.221,0.407,-0.020,0.410,16,1
288.487809,11.617373,45.818941,0.362601,12.08100,0.00930,12.011,11.124,13.590,2.65,1.25,10.4,72.7,13.5,2.737,1.230,1.035,1.365,16,1
288.488757,11.906723,46.075662,0.496100,11.62200,0.00470,11.640,10.856,13.534,3.03,1.43,6.0,68.3,13.5,3.275,1.430,0.697,1.371,16,1
288.238825,10.867412,45.041260,0.231046,9.65250,0.00060,9.612,8.435,12.031,1.25,0.17,39.8,102.2,3.8,0.230,0.174,1.245,0.167,16,1
288.461485,10.842645,45.120755,0.025831,11.17460,0.00273,11.235,10.541,12.926,1.27,0.52,11.1,73.5,10.9,1.267,0.526,0.518,0.482,32,1
288.077607,11.083296,45.159253,0.471323,11.34050,0.00470,11.337,10.587,13.122,2.20,0.54,19.7,82.1,7.0,1.749,0.531,1.435,0.545,16,1
288.492134,11.934932,46.102183,0.506268,11.13480,0.00370,11.265,10.547,12.866,2.85,0.80,179.8,62.2,8.0,2.960,0.797,-0.017,0.801,16,1
288.492135,11.483821,45.702618,0.296846,9.55040,0.00080,9.600,8.660,11.731,0.51,0.14,21.6,83.9,7.9,0.383,0.136,0.360,0.143,16,1
288.492994,10.894147,45.180736,0.022332,10.95348,0.00187,10.981,10.461,12.333,1.31,0.51,162.5,44.9,10.5,1.154,0.535,-0.807,0.471,32,1
288.308740,11.347045,45.498043,0.392630,11.49280,0.00560,11.543,11.159,12.624,5.18,1.27,69.6,132.0,7.0,-4.040,1.065,3.489,1.499,16,1
288.480490,11.926806,46.089696,0.512587,9.27988,0.00055,9.346,8.555,11.145,2.24,0.18,1.6,63.9,2.2,2.239,0.175,0.122,0.160,32,1
288.493858,11.643696,45.845006,0.369573,8.66161,0.00031,8.671,7.781,10.689,2.61,0.11,13.6,75.9,1.2,2.321,0.106,1.190,0.107,32,1
287.877614,11.439326,45.384124,0.809951,8.57550,0.00030,8.620,8.316,9.675,0.74,0.13,81.4,143.9,5.1,-0.719,0.131,0.221,0.135,16,1
288.251856,11.521024,45.626350,0.522691,10.09650,0.00180,10.105,9.264,12.055,1.35,0.38,8.8,71.1,8.1,1.336,0.382,0.421,0.373,16,1
288.480845,11.968756,46.127016,0.531751,10.65734,0.00259,10.557,9.669,11.994,3.36,0.76,176.0,58.4,6.4,3.410,0.765,-0.476,0.750,31,1
288.482147,11.125813,45.380979,0.139316,9.01170,0.00060,9.014,8.109,10.962,0.70,0.17,7.5,69.8,7.1,0.695,0.170,0.186,0.218,16,1
288.482185,10.851707,45.138219,0.012031,8.45620,0.00030,8.564,7.837,10.233,1.11,0.14,166.5,48.8,3.7,0.996,0.141,-0.509,0.145,16,1
288.482676,11.436474,45.656378,0.283077,12.33760,0.00850,12.415,11.825,13.743,3.54,1.61,136.0,18.3,13.0,0.129,1.788,-3.889,1.608,16,1
288.082514,11.020280,45.105629,0.437874,10.87990,0.00230,10.857,9.745,13.146,2.92,0.29,2.5,65.0,2.9,2.922,0.294,0.260,0.292,16,1
287.839588,11.341641,45.280262,0.797838,10.90842,0.00172,10.973,10.508,12.226,0.79,0.38,64.4,126.9,12.2,-0.551,0.366,0.683,0.381,32,1
288.253306,11.795131,45.869906,0.648483,8.89644,0.00038,8.980,8.257,10.675,0.88,0.13,17.3,79.7,4.2,0.731,0.127,0.505,0.133,32,1
288.253325,11.843579,45.912847,0.670921,10.99650,0.00330,10.954,10.026,12.981,1.05,0.45,20.5,82.9,12.3,0.862,0.423,0.749,0.486,16,1
288.321065,11.082418,45.269194,0.259201,12.47480,0.01150,12.459,11.607,14.390,3.12,1.38,171.8,54.2,12.7,3.269,1.373,-0.962,1.426,16,1
288.254841,10.842069,45.026096,0.205360,12.38210,0.00710,12.155,11.249,13.503,2.65,1.18,41.2,103.6,12.7,0.382,1.208,2.871,1.176,16,1
288.086283,11.285516,45.342435,0.557419,10.85390,0.00360,10.771,10.030,12.500,1.15,0.51,16.8,79.2,12.8,1.045,0.489,0.694,0.554,16,1
288.256032,10.947243,45.119828,0.253081,11.21260,0.00310,11.231,10.960,12.100,1.05,0.46,46.9,109.3,12.6,-0.075,0.497,1.141,0.461,16,1
288.485089,11.491215,45.705962,0.306395,11.80933,0.00504,11.880,10.689,14.457,2.54,1.08,11.4,73.8,11.2,2.544,1.103,1.072,0.963,32,1
288.485117,10.891089,45.174436,0.027764,9.91225,0.00085,9.954,9.308,11.580,0.75,0.32,143.3,25.7,11.4,0.234,0.351,-0.783,0.322,32,1
288.507748,10.859706,45.156960,-0.006491,10.88250,0.00270,10.865,9.662,13.461,1.86,0.50,21.9,84.2,7.7,1.393,0.468,1.335,0.537,16,1
288.507752,11.501347,45.725246,0.291429,9.22649,0.00053,9.293,8.786,10.701,0.75,0.14,26.7,89.0,5.3,0.454,0.126,0.610,0.147,32,1
288.309421,10.918699,45.118843,0.193402,10.32095,0.00112,10.320,9.585,12.226,0.78,0.24,24.8,87.2,8.5,0.528,0.216,0.620,0.260,32,1
288.256493,11.699908,45.786970,0.601582,9.95700,0.00130,10.012,9.363,11.525,0.62,0.21,179.5,61.8,9.5,0.657,0.207,-0.013,0.273,16,1
288.485364,11.378788,45.606508,0.253963,8.89320,0.00050,8.944,8.198,10.710,0.47,0.14,162.1,44.5,8.8,0.395,0.129,-0.284,0.164,16,1
288.511441,11.847030,46.033096,0.448727,10.85180,0.00280,10.839,10.141,12.558,2.85,0.35,2.1,64.5,3.5,2.865,0.349,0.212,0.349,16,1
288.256772,11.217438,45.359577,0.377695,10.32600,0.00160,10.400,9.838,11.781,0.85,0.32,179.6,62.0,10.8,0.904,0.318,-0.014,0.443,16,1
288.257026,11.038720,45.201335,0.294624,10.93050,0.00250,10.958,9.939,13.277,1.26,0.53,38.1,100.4,11.2,0.328,0.442,1.328,0.539,32,1
288.257605,11.899741,45.964558,0.693240,10.42330,0.00190,10.370,10.044,11.550,1.33,0.24,0.7,63.1,5.1,1.352,0.237,0.035,0.232,16,1
288.485606,10.998963,45.270203,0.077419,10.70570,0.00240,10.651,10.045,12.165,1.26,0.32,162.9,45.2,7.2,1.076,0.315,-0.733,0.325,16,1
288.257637,10.982072,45.151419,0.267832,10.67130,0.00330,10.586,9.063,13.471,2.97,0.42,174.9,57.3,4.1,2.955,0.422,-0.528,0.461,16,1
288.485666,10.986511,45.259202,0.071586,10.56670,0.00160,10.537,9.772,12.502,2.37,0.42,172.0,54.3,5.1,2.314,0.429,-0.667,0.289,16,1
288.107278,11.050995,45.144109,0.430556,12.40077,0.00884,12.462,12.094,13.477,2.95,1.39,41.6,104.0,12.2,0.384,1.246,3.239,1.390,32,1
288.433124,11.861419,46.010264,0.523296,9.05090,0.00050,9.059,8.707,10.153,0.78,0.13,172.5,54.8,4.6,0.758,0.123,-0.204,0.156,16,1
288.433906,11.399824,45.601726,0.308409,11.41520,0.00390,11.413,10.920,12.673,2.26,0.66,158.4,40.7,8.4,1.718,0.714,-1.618,0.604,16,1
288.104808,11.728427,45.743433,0.746420,11.39480,0.00450,11.357,10.494,13.291,2.63,0.85,161.0,43.4,9.3,2.179,0.810,-1.701,0.924,16,1
288.532368,11.835975,46.032814,0.425454,8.80190,0.00050,8.823,8.128,10.478,1.41,0.17,9.0,71.3,3.5,1.346,0.170,0.437,0.172,16,1
288.532643,11.543582,45.773978,0.289439,11.05040,0.00350,11.064,10.005,13.340,2.05,0.66,15.3,77.6,9.2,1.855,0.661,1.097,0.664,16,1
288.259129,10.841984,45.027973,0.201589,10.51430,0.00120,10.483,9.704,12.411,1.75,0.43,21.9,84.2,7.1,1.301,0.423,1.244,0.438,16,1
288.436475,11.993493,46.128784,0.581678,12.10900,0.00890,11.980,11.409,13.411,3.31,1.51,156.2,38.5,13.1,2.448,1.567,-2.690,1.471,16,1
288.532937,11.391991,45.639855,0.218789,10.80870,0.00240,10.732,10.047,12.381,1.22,0.39,5.6,67.9,9.2,1.254,0.389,0.247,0.433,16,1
288.271181,11.906005,45.976267,0.684372,9.27330,0.00080,9.326,9.104,10.003,0.23,0.10,136.7,19.1,11.7,0.015,0.097,-0.250,0.095,16,1
288.271188,11.334998,45.470298,0.419667,11.99380,0.00680,11.953,11.366,13.439,2.19,0.98,19.9,82.2,12.9,1.847,0.931,1.534,1.056,16,1
288.259711,10.857513,45.041997,0.208282,11.67920,0.00350,11.698,11.304,12.820,1.70,0.79,70.5,132.9,13.4,-1.455,0.801,1.177,0.776,16,1
288.438069,11.347284,45.557080,0.280410,10.89321,0.00226,10.900,10.091,12.837,4.14,0.55,173.1,55.5,3.7,4.054,0.546,-0.994,0.526,32,1
288.533684,11.335871,45.590493,0.192079,10.66210,0.00190,10.642,9.507,13.209,2.49,0.40,136.2,18.5,4.6,0.107,0.413,-2.517,0.396,16,1
288.535233,11.029451,45.319824,0.048433,9.41910,0.00080,9.446,8.678,11.186,0.55,0.23,20.6,82.9,12.2,0.452,0.252,0.395,0.210,16,1
288.212972,11.605444,45.683504,0.595573,10.84010,0.00340,10.784,9.983,12.751,1.80,0.56,10.6,73.0,8.9,1.753,0.545,0.680,0.639,16,1
288.441384,11.259658,45.480970,0.236863,9.62160,0.00070,9.852,8.340,12.711,7.53,0.12,161.0,43.3,0.4,5.929,0.114,-4.643,0.124,16,1
288.444096,11.870728,46.023493,0.518104,11.96110,0.00680,11.981,11.542,13.126,2.22,0.95,0.0,62.4,12.3,2.417,0.953,0.004,1.085,16,1
288.057637,11.368186,45.402708,0.620591,10.43580,0.00190,10.451,9.969,11.846,1.44,0.28,61.5,124.0,5.6,-0.798,0.322,1.225,0.263,16,1
288.535434,11.896491,46.087805,0.450897,10.58970,0.00210,10.585,9.871,12.290,2.30,0.31,14.1,76.5,3.9,2.045,0.309,1.100,0.318,16,1
287.858356,11.440478,45.376417,0.827220,10.90303,0.00189,10.954,10.519,12.110,1.22,0.45,86.6,149.1,9.8,-1.293,0.446,0.156,0.436,32,1
288.215598,11.128020,45.261619,0.372041,10.32090,0.00190,10.260,9.480,11.974,2.27,0.56,163.1,45.5,7.1,1.940,0.565,-1.302,0.560,16,1
288.059244,11.392982,45.425417,0.630675,10.05480,0.00140,10.039,9.756,11.073,0.68,0.24,67.6,130.1,10.1,-0.512,0.247,0.507,0.231,16,1
288.536749,11.329228,45.586006,0.186332,10.17050,0.00110,10.140,9.237,12.257,1.01,0.27,119.5,1.8,7.5,-0.541,0.245,-0.898,0.272,16,1
288.538062,10.964364,45.263471,0.015747,7.67450,0.00020,7.653,7.081,9.819,2.97,1.20,175.7,58.1,11.6,3.164,1.192,-0.474,1.487,16,1
288.280459,11.567501,45.680525,0.519405,10.70590,0.00300,10.699,9.851,12.741,1.60,0.56,9.9,72.2,10.0,1.595,0.540,0.572,0.684,16,1
288.218228,11.583408,45.666362,0.580799,11.65070,0.00670,11.622,11.247,12.797,2.96,1.10,173.9,56.2,10.6,3.085,1.089,-0.673,1.238,16,1
288.561310,10.913051,45.228630,-0.028300,10.71710,0.00310,10.719,9.544,13.402,3.91,0.37,9.2,71.5,2.7,3.723,0.367,1.242,0.361,16,1
288.538639,11.351966,45.607004,0.195251,11.89264,0.00423,11.827,10.377,14.795,2.45,0.72,134.9,17.2,8.1,-0.008,0.653,-2.552,0.719,32,1
288.284593,11.678214,45.780503,0.567144,11.36200,0.00420,11.394,11.021,12.389,1.52,0.58,165.4,47.7,11.0,1.418,0.556,-0.795,0.665,16,1
288.221747,11.201334,45.329381,0.400673,10.35061,0.00148,10.387,9.710,11.989,1.01,0.21,20.6,83.0,5.9,0.776,0.210,0.680,0.213,32,1
288.223480,10.837224,45.007525,0.230407,12.28190,0.00570,12.270,11.566,13.929,3.15,1.31,21.7,84.1,11.9,2.476,1.325,2.340,1.284,16,1
288.564958,11.551459,45.795658,0.265058,11.46870,0.00530,11.392,10.144,13.910,2.09,0.67,159.6,41.9,9.2,1.662,0.661,-1.437,0.684,16,1
288.565766,11.673900,45.904459,0.321227,12.05200,0.00630,12.019,11.748,12.610,7.04,1.89,149.3,31.6,7.7,3.489,1.918,-6.398,1.877,16,1
288.069193,11.592038,45.606383,0.714188,12.43670,0.01050,12.426,11.921,13.857,3.54,1.22,7.7,70.1,9.9,3.608,1.220,0.989,1.233,16,1
288.539409,11.845958,46.044856,0.423986,9.42140,0.00090,9.414,8.683,11.077,1.73,0.17,178.9,61.2,2.7,1.738,0.165,-0.068,0.158,16,1
288.539487,10.876968,45.186722,-0.026080,11.88480,0.00600,11.820,11.085,13.567,4.36,1.35,4.3,66.6,8.8,4.514,1.342,0.680,1.514,16,1
288.287938,11.236849,45.390949,0.359608,11.29150,0.00380,11.339,11.208,11.704,1.54,0.62,177.4,59.7,11.6,1.654,0.622,-0.153,0.684,16,1
287.843972,11.426797,45.357766,0.833396,9.54430,0.00090,9.616,8.962,11.158,0.76,0.26,43.1,105.5,9.9,0.054,0.246,0.798,0.262,16,1
288.568372,11.352152,45.620708,0.169520,8.92028,0.00031,8.961,7.720,11.536,1.99,0.09,163.0,45.4,1.4,1.653,0.095,-1.113,0.091,32,1
288.069983,11.763883,45.759075,0.793057,12.37620,0.01320,12.439,11.998,13.225,3.03,1.49,5.4,67.8,14.1,3.323,1.493,0.630,1.506,16,1
288.069999,11.720950,45.721023,0.773168,11.49620,0.00510,11.426,10.771,13.156,1.23,0.60,2.3,64.7,13.9,1.367,0.600,0.111,0.600,16,1
288.291983,10.927396,45.118609,0.212605,11.13480,0.00320,11.202,10.903,12.181,1.64,0.46,168.3,50.6,8.1,1.565,0.464,-0.680,0.465,16,1
288.291993,10.847361,45.047702,0.175484,10.20800,0.00100,10.261,10.030,11.097,0.75,0.26,17.8,80.2,9.8,0.648,0.257,0.463,0.263,16,1
288.072558,11.191731,45.253072,0.525924,9.80661,0.00081,9.874,9.381,11.186,0.57,0.14,46.8,109.2,6.9,-0.038,0.144,0.590,0.142,32,1
288.492166,11.682884,45.878947,0.389234,11.07590,0.00270,11.064,10.239,12.943,2.02,0.99,10.4,72.8,14.0,2.106,0.995,0.803,0.966,16,1
287.867400,11.462292,45.399860,0.829446,11.67950,0.00470,11.800,11.317,12.984,2.15,0.99,92.9,155.4,13.2,-2.356,0.989,-0.243,0.983,16,1
288.231242,11.803497,45.867310,0.671498,7.73735,0.00014,7.809,6.999,9.580,0.74,0.12,32.7,95.1,4.4,0.313,0.143,0.685,0.110,32,1
288.232990,10.831512,45.006793,0.219483,9.52720,0.00060,9.528,8.966,11.035,0.91,0.23,47.9,110.2,7.1,-0.094,0.222,0.937,0.225,16,1
288.574725,11.499159,45.753787,0.232290,11.97650,0.00572,11.878,10.259,15.366,2.83,0.82,31.2,93.5,8.0,1.366,0.837,2.616,0.817,32,1
288.077667,11.784762,45.781067,0.796055,9.10220,0.00060,9.127,8.484,10.724,0.79,0.17,176.5,59.0,6.2,0.806,0.172,-0.098,0.147,16,1
288.495624,10.918633,45.203622,0.031414,10.82010,0.00210,10.783,9.498,13.620,1.84,0.35,15.6,78.0,5.5,1.602,0.322,0.973,0.422,16,1
288.495624,11.170270,45.426494,0.148245,9.50070,0.00080,9.416,7.701,12.878,2.16,0.19,111.7,174.1,2.5,-1.573,0.212,-1.489,0.160,16,1
288.295626,11.032337,45.213245,0.258097,11.46130,0.00500,11.441,10.374,13.806,3.31,0.62,5.3,67.7,5.4,3.304,0.619,0.624,0.598,16,1
287.872774,11.206462,45.175440,0.706476,9.04470,0.00070,9.175,8.361,10.917,0.72,0.35,38.4,100.9,14.1,0.184,0.357,0.785,0.355,16,1
287.873498,11.386222,45.335168,0.788972,8.69210,0.00030,8.774,8.111,10.182,0.78,0.14,64.4,126.9,5.3,-0.496,0.151,0.616,0.139,16,1
288.235486,11.092209,45.238931,0.338150,9.69410,0.00100,9.689,8.812,11.600,2.02,0.16,9.1,71.5,2.3,1.921,0.161,0.630,0.167,16,1
288.238022,11.078774,45.228180,0.329718,8.28460,0.00030,8.342,8.034,9.330,0.82,0.10,160.6,43.0,3.3,0.646,0.096,-0.519,0.096,16,1
288.576235,10.821431,45.154302,-0.083838,9.56400,0.00090,9.546,8.746,11.466,2.99,0.19,28.0,90.4,1.8,1.674,0.211,2.489,0.178,16,1
288.576248,11.507588,45.761945,0.234884,10.82406,0.00201,10.922,10.113,13.013,1.80,0.37,3.0,65.3,5.7,1.830,0.368,0.192,0.397,32,1
288.576250,11.786155,46.008641,0.364277,11.09085,0.00250,11.086,10.380,12.813,2.09,0.52,39.3,101.6,6.9,0.428,0.514,2.115,0.518,32,1
288.577233,11.410067,45.676031,0.188730,8.09410,0.00030,8.118,7.322,9.898,1.33,0.10,162.4,44.8,2.1,1.088,0.085,-0.765,0.118,16,1
288.081786,11.145427,45.216222,0.496459,12.46280,0.01300,12.416,11.889,13.707,5.89,1.68,51.7,114.1,8.2,-1.424,1.440,5.960,1.693,16,1
288.499900,11.895475,46.070761,0.481221,10.17220,0.00150,10.133,9.177,12.310,3.14,0.42,14.2,76.5,3.9,2.792,0.425,1.506,0.421,16,1
288.500760,10.831205,45.128530,-0.013646,11.75770,0.01020,11.692,11.293,12.939,3.47,1.27,162.9,45.2,10.5,3.052,1.213,-2.081,1.383,16,1
287.876596,11.191033,45.163493,0.696017,11.66945,0.00628,11.681,10.904,13.543,2.61,1.12,26.9,89.4,11.3,1.675,1.124,2.290,1.114,32,1
288.578388,10.843442,45.174776,-0.075486,12.49910,0.01200,12.461,11.898,13.855,4.57,1.83,173.0,55.3,11.5,4.779,1.820,-1.195,1.980,16,1
288.505136,11.880458,46.059839,0.469711,8.97580,0.00050,9.039,8.451,10.450,2.59,0.15,6.8,69.2,1.7,2.522,0.151,0.612,0.151,16,1
288.316270,11.751919,45.860193,0.573835,11.42251,0.00308,11.393,10.651,12.637,2.01,0.49,2.7,65.1,6.8,2.058,0.494,0.191,0.429,32,1
288.255563,11.094725,45.250294,0.321859,9.15820,0.00080,9.161,8.814,10.276,0.61,0.12,10.3,72.7,5.7,0.583,0.121,0.219,0.121,16,1
288.506061,11.782746,45.973713,0.423545,10.64670,0.00170,10.712,9.957,12.546,1.79,0.29,11.8,74.2,4.7,1.665,0.296,0.731,0.292,16,1
288.582335,11.913706,46.124366,0.418249,11.40200,0.00350,11.434,9.993,14.446,6.62,0.91,179.3,61.6,3.9,6.683,0.906,-0.159,0.889,16,1
288.582748,11.537442,45.791341,0.243112,11.93920,0.00760,11.925,11.432,13.296,3.24,1.12,179.6,61.9,9.9,3.427,1.116,-0.047,1.390,16,1
288.582778,11.695603,45.931418,0.316555,11.36820,0.00270,11.289,9.816,14.408,4.68,1.01,2.6,64.9,6.2,4.769,1.013,0.430,1.001,16,1
288.582784,10.861143,45.192457,-0.071086,12.05230,0.00870,12.005,11.591,13.173,3.49,1.42,12.5,74.8,11.7,3.417,1.441,1.587,1.321,16,1
288.583055,10.964923,45.284483,-0.023112,10.59800,0.00190,10.630,9.875,12.280,1.08,0.28,11.5,73.8,7.5,1.033,0.286,0.437,0.272,16,1
288.093525,11.135487,45.212746,0.481648,12.22000,0.00980,12.157,11.379,13.987,3.26,1.36,10.2,72.6,11.9,3.311,1.365,1.229,1.315,16,1
288.310156,11.238100,45.402162,0.340880,11.52131,0.00428,11.486,10.658,13.574,3.27,0.59,153.0,35.4,5.1,1.954,0.637,-2.684,0.565,32,1
288.310158,11.384231,45.531635,0.408642,12.20280,0.01050,12.250,11.658,13.744,3.04,1.47,126.7,9.0,13.8,-0.970,1.416,-3.233,1.474,16,1
288.310405,11.339516,45.492130,0.387693,8.60131,0.00025,8.681,8.072,10.106,0.63,0.21,92.0,154.3,9.1,-0.665,0.213,-0.046,0.286,48,1
288.310794,11.128849,45.305657,0.289663,10.26878,0.00127,10.278,9.330,12.469,2.54,0.35,175.5,57.9,3.9,2.534,0.351,-0.401,0.320,32,1
288.586516,11.357399,45.633618,0.156205,10.51070,0.00200,10.531,9.816,12.345,1.12,0.31,18.7,81.0,7.9,0.928,0.307,0.707,0.314,16,1
288.525219,11.221511,45.485356,0.146325,9.07910,0.00050,9.131,8.493,10.753,1.48,0.17,177.8,60.1,3.3,1.483,0.172,-0.115,0.174,16,1
287.876214,11.265302,45.229175,0.730694,10.13010,0.00170,10.113,9.363,11.918,1.75,0.82,47.0,109.5,13.5,-0.136,0.831,1.926,0.825,16,1
288.544469,11.598254,45.827778,0.304568,12.44720,0.01210,12.351,10.804,15.645,3.80,1.74,29.4,91.7,13.1,2.169,1.944,3.569,1.658,16,1
288.545353,10.817347,45.136596,-0.058872,10.17930,0.00150,10.126,9.047,12.552,3.51,0.73,16.5,78.9,6.0,3.003,0.776,1.954,0.621,16,1
288.547051,11.334834,45.595662,0.179990,10.07600,0.00110,10.078,9.136,12.118,1.95,0.20,148.7,31.0,2.9,0.902,0.211,-1.745,0.198,16,1
288.536465,11.933606,46.121146,0.467238,11.42480,0.00660,11.518,11.080,12.724,4.00,1.30,5.2,67.5,9.3,4.137,1.302,0.757,1.236,16,1
288.536504,11.591408,45.818091,0.308299,10.80270,0.00280,10.752,9.591,13.339,2.32,0.36,11.6,73.9,4.5,2.158,0.360,0.923,0.368,16,1
288.311675,11.762083,45.867112,0.582533,11.51420,0.00520,11.586,11.376,11.922,1.60,0.73,122.1,4.5,13.2,-0.763,0.646,-1.583,0.754,16,1
288.311679,11.053688,45.239468,0.254038,11.31849,0.00311,11.338,10.421,13.584,2.34,0.62,162.1,44.5,7.4,1.964,0.640,-1.417,0.587,32,1
288.260405,10.987397,45.157397,0.267893,10.99630,0.00300,10.981,10.714,11.845,1.11,0.45,162.3,44.7,11.6,0.977,0.468,-0.695,0.415,16,1
288.098375,11.160283,45.236927,0.488913,9.68130,0.00130,9.697,9.008,11.271,1.08,0.17,15.9,78.3,4.7,0.928,0.173,0.573,0.179,16,1
288.320254,11.919098,46.010130,0.647898,9.62025,0.00064,9.650,9.129,11.075,1.02,0.15,0.2,62.6,4.1,1.031,0.147,0.006,0.141,32,1
288.320348,11.483374,45.624108,0.445768,10.68170,0.00370,10.761,9.959,12.583,2.57,0.84,166.8,49.1,9.4,2.420,0.844,-1.206,0.833,16,1
288.056786,11.192934,45.246975,0.540195,9.75846,0.00081,9.810,9.333,11.153,0.44,0.16,65.0,127.4,9.7,-0.298,0.145,0.356,0.164,32,1
288.261864,11.928083,45.991605,0.702683,11.43850,0.00500,11.440,10.904,12.801,1.49,0.65,18.5,80.9,12.5,1.300,0.669,0.983,0.619,16,1
288.272051,11.487053,45.605422,0.489409,11.58010,0.00460,11.622,11.188,12.957,1.81,0.88,0.3,62.7,13.9,2.009,0.875,0.023,0.885,16,1
288.212985,11.306346,45.418455,0.456956,11.55670,0.00500,11.519,10.554,13.642,1.70,0.79,7.4,69.8,13.3,1.806,0.786,0.479,0.777,16,1
288.734353,11.258351,45.613294,-0.018188,10.08200,0.00130,10.122,9.637,11.450,1.13,0.21,33.3,95.6,5.3,0.458,0.220,1.056,0.206,16,1
288.215693,11.941969,45.982976,0.749148,10.89415,0.00222,10.915,10.428,12.173,1.06,0.35,17.6,80.0,9.0,0.914,0.366,0.644,0.324,32,1
288.216538,11.474511,45.569092,0.531801,8.37750,0.00030,8.517,7.963,9.896,0.44,0.11,150.5,32.9,7.1,0.232,0.110,-0.384,0.107,16,1
288.276386,10.919078,45.104138,0.222317,11.71860,0.00490,11.743,10.440,14.499,3.88,0.74,167.0,49.4,5.5,3.555,0.754,-1.734,0.689,16,1
288.277185,11.792886,45.878752,0.626730,12.30350,0.00990,12.299,11.658,13.830,2.53,1.18,30.6,92.9,13.4,1.348,1.182,2.443,1.178,16,1
288.218285,10.881000,45.043951,0.255217,11.82170,0.00490,11.771,11.363,12.902,1.64,0.63,20.0,82.4,11.0,1.348,0.630,1.130,0.629,16,1
288.218298,11.295143,45.410942,0.447147,11.47770,0.00420,11.422,10.717,13.209,1.76,0.62,14.1,76.5,10.0,1.644,0.593,0.883,0.692,16,1
288.219252,11.485060,45.579673,0.534333,10.78760,0.00260,10.876,10.466,11.892,0.90,0.43,155.5,37.9,13.6,0.655,0.433,-0.754,0.424,16,1
288.738652,10.982348,45.370907,-0.150264,9.02110,0.00050,8.996,7.603,11.919,3.04,0.17,32.9,95.2,1.6,1.243,0.193,2.774,0.160,16,1
288.068476,11.367820,45.407304,0.611003,10.75400,0.00270,10.784,10.147,12.406,1.33,0.43,40.6,103.0,9.3,0.214,0.371,1.383,0.432,16,1
287.882182,11.452811,45.398152,0.812217,11.82090,0.00600,11.825,11.270,13.197,1.98,0.84,60.7,123.2,12.1,-1.121,0.814,1.838,0.846,16,1
288.221840,11.376565,45.484704,0.481805,10.32700,0.00150,10.321,9.343,12.535,2.10,0.49,12.1,74.5,6.7,1.961,0.491,0.883,0.472,16,1
288.742957,11.003209,45.391340,-0.144305,11.32100,0.00390,11.367,10.124,13.986,3.55,0.49,35.1,97.4,3.9,1.215,0.518,3.374,0.484,16,1
288.282109,11.928078,46.000783,0.685129,11.95830,0.01120,11.857,11.469,12.827,2.88,1.40,168.3,50.7,14.0,2.937,1.353,-1.272,1.647,16,1
288.223542,11.918815,45.966014,0.731614,10.10320,0.00130,10.091,9.701,11.325,0.51,0.23,16.6,79.0,13.0,0.470,0.229,0.308,0.237,16,1
288.746803,11.003639,45.393477,-0.147447,11.20000,0.00340,11.242,10.095,13.702,1.84,0.46,34.7,97.0,7.1,0.666,0.503,1.772,0.449,16,1
288.284660,10.848651,45.045506,0.182463,10.94530,0.00200,10.948,9.851,13.449,3.12,0.54,67.1,129.5,5.0,-2.204,0.546,2.270,0.539,16,1
288.285543,11.711613,45.810529,0.581803,11.51140,0.00450,11.568,10.634,13.524,1.32,0.57,13.0,75.3,12.3,1.291,0.560,0.627,0.598,16,1
288.747778,11.745806,46.050958,0.196838,11.49420,0.00490,11.506,11.131,12.542,1.82,0.76,169.1,51.4,12.0,1.831,0.763,-0.730,0.745,16,1
288.748652,11.761478,46.065231,0.203368,11.29810,0.00390,11.320,10.508,13.237,3.04,0.77,18.1,80.4,7.2,2.527,0.728,1.855,0.839,16,1
288.076813,10.919732,45.013917,0.396273,11.98680,0.00570,11.922,11.170,13.828,2.71,1.18,47.3,109.8,12.5,-0.241,1.165,2.951,1.185,16,1
288.287225,11.019506,45.198053,0.259453,11.47450,0.00400,11.413,10.278,13.976,3.70,0.64,5.5,67.9,4.9,3.680,0.629,0.719,0.768,16,1
288.289586,11.881925,45.963278,0.657252,11.07010,0.00370,11.011,10.411,12.667,1.14,0.47,16.4,78.8,11.7,1.033,0.468,0.668,0.461,16,1
288.228688,11.705459,45.779270,0.628281,10.93680,0.00310,10.947,10.096,12.938,1.42,0.42,14.9,77.3,8.5,1.285,0.432,0.736,0.375,16,1
288.750380,11.049850,45.436020,-0.129066,8.93005,0.00035,9.018,8.349,10.613,1.76,0.24,1.1,63.4,3.9,1.774,0.240,0.068,0.265,32,1
288.751041,11.785393,46.087490,0.212419,11.22350,0.00390,11.219,9.999,13.993,2.15,0.54,46.7,108.9,7.2,-0.128,0.581,2.213,0.538,16,1
288.290373,11.866856,45.950282,0.649584,11.10690,0.00350,11.130,10.251,13.129,3.36,0.48,21.4,83.8,4.1,2.491,0.501,2.306,0.466,16,1
288.291227,10.858678,45.057380,0.181398,11.23570,0.00250,11.275,10.977,12.182,1.78,0.67,7.3,69.6,10.7,1.841,0.668,0.476,0.666,16,1
288.293783,10.875770,45.073688,0.187100,9.78660,0.00110,9.836,9.238,11.307,0.93,0.32,39.4,101.7,9.9,0.192,0.327,0.965,0.320,16,1
287.878898,11.479235,45.420095,0.827289,12.32510,0.00860,12.351,12.271,12.787,3.25,1.49,87.0,149.4,13.1,-3.552,1.489,0.376,1.468,16,1
288.084995,11.592429,45.613897,0.700648,11.60200,0.00390,11.586,11.238,12.564,1.82,0.70,153.6,36.0,11.1,1.180,0.689,-1.555,0.714,16,1
288.295627,11.563008,45.683434,0.504155,10.93430,0.00350,10.930,10.137,12.846,2.14,0.61,175.1,57.4,8.2,2.193,0.605,-0.381,0.746,16,1
287.882689,11.434169,45.381851,0.803156,12.10680,0.00680,12.124,11.878,12.975,3.06,1.51,79.8,142.3,14.1,-3.195,1.510,1.186,1.494,16,1
288.246812,11.930579,45.986991,0.716890,9.03710,0.00060,9.027,8.440,10.213,2.79,0.27,17.4,79.8,2.8,2.299,0.290,1.599,0.232,16,1
288.093060,11.399228,45.446303,0.604185,9.80590,0.00120,9.807,9.335,11.064,0.67,0.23,64.0,126.5,10.0,-0.437,0.210,0.558,0.247,16,1
288.718236,11.761649,46.051536,0.229810,9.68190,0.00120,9.691,9.145,11.035,0.80,0.15,3.3,65.6,5.4,0.808,0.151,0.092,0.147,16,1
288.017709,11.327319,45.348358,0.636375,11.08880,0.00270,11.141,10.322,13.007,2.15,0.63,35.2,97.6,8.4,0.753,0.579,2.116,0.638,16,1
288.018553,11.387679,45.402250,0.663578,11.06350,0.00320,11.131,10.756,12.050,1.33,0.47,79.6,142.1,10.0,-1.316,0.466,0.498,0.461,16,1
288.311253,11.643754,45.762076,0.528033,11.85780,0.01120,11.883,11.761,12.342,4.18,1.83,164.6,47.0,12.5,3.922,1.875,-2.334,1.697,16,1
288.099198,11.208812,45.280314,0.510672,8.95190,0.00060,9.049,8.414,10.562,0.56,0.17,31.9,94.3,8.7,0.259,0.185,0.525,0.166,16,1
288.099395,11.786985,45.792886,0.778231,9.48761,0.00074,9.586,9.007,11.018,0.36,0.17,172.9,55.3,12.5,0.385,0.173,-0.098,0.182,32,1
288.099886,11.453868,45.497833,0.623556,8.72780,0.00050,8.750,8.415,9.758,0.46,0.09,65.3,127.7,5.7,-0.302,0.092,0.353,0.089,16,1
288.311265,11.737201,45.844880,0.571352,12.11203,0.00553,12.142,11.320,14.015,1.70,0.84,1.1,63.5,12.8,1.892,0.843,0.069,0.891,32,1
288.027536,11.002218,45.064632,0.477345,10.14120,0.00120,10.213,9.542,11.716,0.91,0.24,5.5,68.0,7.6,0.922,0.241,0.180,0.233,16,1
288.261298,10.983338,45.154207,0.265234,8.84780,0.00050,8.882,7.544,11.382,1.90,0.13,170.5,52.8,1.9,1.799,0.128,-0.622,0.133,16,1
288.261574,11.549052,45.655600,0.527246,10.35110,0.00190,10.347,9.666,12.071,0.79,0.30,174.4,56.8,10.8,0.830,0.296,-0.165,0.335,16,1
288.730003,11.765855,46.060616,0.221567,9.92480,0.00120,9.969,8.715,12.574,1.09,0.25,16.6,78.8,6.4,0.939,0.236,0.612,0.268,16,1
288.311787,11.450223,45.590845,0.437829,10.05860,0.00150,10.074,9.491,11.618,1.48,0.20,160.1,42.5,3.8,1.151,0.193,-0.955,0.204,16,1
288.311969,11.449890,45.590633,0.437516,10.02790,0.00110,10.074,9.491,11.618,1.25,0.37,163.4,45.8,8.4,1.092,0.370,-0.712,0.362,16,1
288.312177,11.551900,45.681110,0.484638,10.44205,0.00161,10.486,10.099,11.593,1.27,0.41,154.8,37.2,8.7,0.850,0.382,-1.026,0.423,32,1
288.028090,11.100266,45.151797,0.522250,7.63440,0.00020,7.759,6.855,9.434,1.15,0.37,24.6,87.1,9.2,0.787,0.357,0.914,0.377,16,1
288.263080,11.798994,45.877764,0.641795,10.89670,0.00240,10.961,10.777,11.315,1.10,0.46,22.2,84.6,11.9,0.849,0.497,0.832,0.409,16,1
288.312455,11.259191,45.421894,0.348663,9.33826,0.00053,9.389,8.826,10.788,1.13,0.15,147.3,29.7,3.8,0.472,0.136,-1.034,0.155,32,1
288.263656,11.146499,45.299850,0.338825,9.59260,0.00100,9.612,8.834,11.438,1.44,0.26,7.4,69.8,5.2,1.409,0.258,0.373,0.254,16,1
288.741265,10.900056,45.299246,-0.190802,12.13658,0.00529,12.151,11.736,13.333,1.69,0.82,12.4,74.7,12.5,1.706,0.816,0.788,0.855,32,1
288.034235,11.104833,45.158637,0.519020,12.24270,0.00990,12.249,11.467,14.057,2.56,1.25,176.8,59.2,14.0,2.828,1.246,-0.316,1.388,16,1
288.743827,10.877479,45.280428,-0.203527,10.51970,0.00160,10.611,10.462,10.875,0.77,0.24,51.8,114.1,9.1,-0.191,0.245,0.784,0.244,16,1
288.745483,11.831614,46.125880,0.238729,9.91780,0.00120,9.878,8.751,12.324,2.61,0.32,21.4,83.7,3.5,1.928,0.320,1.787,0.316,16,1
288.062571,11.691584,45.691624,0.766021,8.80490,0.00050,8.849,8.088,10.646,0.54,0.14,174.2,56.6,7.3,0.550,0.136,-0.113,0.195,16,1
288.063470,11.177127,45.235999,0.527064,12.36550,0.01150,12.365,11.814,13.787,3.05,1.46,38.7,101.2,13.8,0.733,1.569,3.301,1.458,16,1
288.034706,11.031511,45.093856,0.484667,10.55740,0.00180,10.629,10.023,12.258,1.71,0.41,19.0,81.4,6.9,1.387,0.409,1.080,0.411,16,1
288.239344,10.850683,45.026673,0.222840,11.96090,0.00470,11.847,10.381,15.020,3.50,1.25,31.7,94.1,10.2,1.658,1.287,3.319,1.235,16,1
288.239348,10.928428,45.095563,0.258874,8.90400,0.00050,8.956,8.433,10.279,0.29,0.12,37.5,99.9,12.5,0.081,0.124,0.303,0.125,16,1
288.065049,11.492229,45.516028,0.671579,8.34265,0.00021,8.449,7.908,9.773,0.48,0.09,16.2,78.6,5.4,0.411,0.088,0.262,0.100,32,1
288.270431,11.887466,45.959498,0.676429,9.05320,0.00060,8.992,8.796,10.079,0.46,0.11,15.2,77.6,6.7,0.405,0.109,0.238,0.099,16,1
288.036233,11.592101,45.591491,0.742837,10.61240,0.00190,10.655,10.000,12.301,0.64,0.31,8.0,70.4,13.8,0.684,0.310,0.195,0.300,16,1
288.038640,10.987975,45.057053,0.461089,11.23670,0.00290,11.073,10.229,13.000,2.89,1.16,26.7,89.2,11.5,1.854,1.135,2.502,1.174,16,1
288.073455,11.201451,45.262096,0.529645,9.94466,0.00096,9.967,9.060,11.878,2.25,0.17,27.9,90.3,2.1,1.266,0.169,1.862,0.163,32,1
288.755006,11.667290,45.984740,0.154059,12.46030,0.01360,12.491,11.713,14.281,4.00,1.76,4.2,66.5,12.6,4.322,1.754,0.639,1.909,16,1
288.075123,11.282482,45.334678,0.565714,10.34050,0.00180,10.340,9.799,11.652,0.64,0.29,25.7,88.1,13.2,0.436,0.285,0.546,0.296,16,1
288.004259,11.203267,45.232281,0.590652,12.01300,0.00697,12.118,11.696,13.004,2.54,1.14,75.5,137.9,11.7,-2.438,1.160,1.352,1.080,48,1
288.005156,11.379153,45.388613,0.671275,12.43058,0.00747,12.402,12.027,13.285,4.70,1.25,91.1,153.6,7.4,-4.859,1.250,-0.188,1.238,31,1
288.223574,11.214467,45.341850,0.405172,9.81250,0.00120,9.859,9.167,11.497,0.91,0.20,12.9,75.3,6.3,0.841,0.201,0.407,0.204,16,1
288.078561,11.155207,45.223426,0.503792,11.66990,0.00620,11.667,11.491,12.244,1.98,0.81,168.3,50.8,11.8,1.964,0.810,-0.847,0.839,16,1
288.767118,10.950081,45.355337,-0.190010,11.45471,0.00297,11.493,10.634,13.482,1.35,0.53,34.9,97.2,10.5,0.502,0.592,1.361,0.525,32,1
288.081019,11.383602,45.426987,0.607411,9.51260,0.00080,9.513,9.110,10.822,0.50,0.21,71.7,134.1,11.9,-0.433,0.205,0.321,0.209,16,1
288.282161,11.924219,45.997387,0.683296,7.78980,0.00020,7.835,7.415,8.991,0.83,0.11,10.4,72.8,3.8,0.787,0.105,0.298,0.133,16,1
288.010753,11.291588,45.313526,0.625883,11.78340,0.00670,11.802,11.058,13.470,1.74,0.70,35.1,97.5,11.6,0.636,0.711,1.765,0.704,16,1
288.228761,10.904430,45.069480,0.256962,11.00070,0.00310,11.070,10.711,12.146,1.40,0.56,45.2,107.6,11.4,-0.011,0.457,1.505,0.558,16,1
288.011530,11.647949,45.629802,0.790134,11.67406,0.00426,11.757,11.400,12.836,2.61,0.90,57.5,120.0,9.4,-1.170,0.902,2.501,0.903,48,1
288.012342,11.666667,45.646765,0.798091,11.22728,0.00331,11.242,10.470,13.250,1.52,0.60,13.9,76.3,10.5,1.449,0.616,0.762,0.527,32,1
288.089037,11.175439,45.246118,0.504051,10.35030,0.00200,10.326,9.766,11.878,0.95,0.24,25.6,88.0,7.3,0.615,0.246,0.766,0.242,16,1
288.287241,11.625680,45.735156,0.540490,8.17250,0.00030,8.179,7.158,10.211,1.09,0.14,166.1,48.4,3.7,0.971,0.125,-0.514,0.192,16,1
288.287260,10.929623,45.118432,0.217746,9.11230,0.00050,9.227,8.688,10.524,1.14,0.11,179.0,61.4,2.8,1.148,0.113,-0.040,0.146,16,1
288.288023,11.655015,45.761505,0.553412,10.13910,0.00140,10.199,9.806,11.440,1.72,0.33,170.0,52.4,5.4,1.646,0.325,-0.600,0.334,16,1
288.288055,11.877564,45.958719,0.656558,9.04280,0.00050,9.049,8.380,10.736,0.55,0.14,6.2,68.6,7.4,0.556,0.141,0.123,0.160,16,1
288.233943,11.786988,45.853905,0.661505,10.47600,0.00180,10.493,9.735,12.260,1.10,0.26,7.4,69.8,6.9,1.097,0.263,0.289,0.274,16,1
288.234781,11.052332,45.203276,0.320280,11.77316,0.00537,11.780,11.300,13.003,1.67,0.79,45.8,108.2,12.2,-0.054,0.765,1.842,0.787,32,1
288.288817,11.802997,45.892990,0.621328,9.88250,0.00130,10.010,9.288,11.553,1.24,0.21,169.2,51.6,4.9,1.167,0.205,-0.461,0.243,16,1
288.290430,11.006950,45.188387,0.250844,10.65380,0.00210,10.694,10.272,11.883,0.96,0.31,56.4,118.8,9.4,-0.393,0.383,0.931,0.300,16,1
288.018557,11.047636,45.100812,0.506181,12.14237,0.00610,12.218,11.717,13.482,2.23,1.03,177.9,60.3,12.0,2.448,1.027,-0.183,1.069,32,1
288.723825,11.018399,45.396056,-0.120616,10.70490,0.00190,10.748,9.490,13.349,0.90,0.29,31.5,93.8,9.3,0.428,0.305,0.843,0.288,16,1
288.292100,11.778035,45.872362,0.606908,9.59890,0.00100,9.611,9.223,10.705,0.36,0.15,66.1,128.5,12.1,-0.260,0.163,0.287,0.139,16,1
288.020223,11.414541,45.426821,0.674560,10.05810,0.00120,10.071,9.724,11.036,1.08,0.25,89.5,152.0,6.5,-1.111,0.247,0.019,0.300,16,1
288.021002,11.682804,45.664997,0.798041,8.72720,0.00040,8.789,8.113,10.389,0.26,0.12,114.1,176.5,13.5,-0.190,0.115,-0.213,0.126,16,1
288.099702,11.425173,45.472315,0.610428,10.13310,0.00160,10.150,9.658,11.428,0.49,0.20,58.8,121.2,11.8,-0.246,0.182,0.471,0.206,16,1
288.024312,11.693925,45.676356,0.800314,11.06490,0.00310,11.151,10.914,11.589,0.94,0.40,84.1,146.6,12.1,-1.002,0.399,0.209,0.401,16,1
288.258634,11.570184,45.672990,0.539594,10.65990,0.00290,10.610,10.013,12.197,1.98,0.92,0.4,62.8,13.3,2.178,0.917,0.028,0.585,16,1
288.296544,11.680035,45.787543,0.557618,9.85760,0.00120,9.969,9.246,11.563,0.81,0.37,14.3,76.7,12.9,0.782,0.385,0.426,0.292,16,1
288.261608,11.888749,45.956633,0.684674,11.10350,0.00390,11.079,10.524,12.484,1.49,0.46,156.5,38.9,8.9,1.059,0.439,-1.138,0.476,16,1
288.730895,11.661826,45.968922,0.172423,10.78710,0.00280,10.820,9.733,13.261,4.24,0.50,13.7,76.0,3.4,3.785,0.507,1.965,0.462,16,1
288.732674,11.081433,45.455900,-0.098995,11.15610,0.00340,11.149,10.842,12.101,1.58,0.55,174.6,56.9,9.9,1.643,0.550,-0.314,0.455,16,1
288.732680,10.911604,45.305549,-0.177969,9.69190,0.00080,9.738,9.406,10.465,0.88,0.20,156.2,38.5,6.7,0.612,0.227,-0.669,0.185,16,1
288.029329,11.247152,45.282567,0.589167,9.17970,0.00060,9.211,8.635,10.678,0.74,0.21,72.4,134.8,8.2,-0.628,0.225,0.445,0.184,16,1
288.741307,11.352391,45.699719,0.019504,10.91820,0.00228,10.974,10.011,13.122,1.24,0.46,0.1,62.4,9.9,1.318,0.458,0.005,0.553,32,1
288.264751,11.317822,45.452152,0.417297,11.62640,0.00470,11.607,10.466,14.197,1.65,0.71,22.3,84.7,12.3,1.275,0.667,1.257,0.746,16,1
288.264904,11.826741,45.903179,0.653075,7.50410,0.00030,7.418,6.644,9.209,0.71,0.31,34.9,97.3,12.5,0.268,0.235,0.730,0.320,16,1
288.265184,10.860295,45.046954,0.204809,10.67580,0.00160,10.338,9.306,12.369,3.10,0.62,35.2,97.6,5.7,1.059,0.618,2.979,0.620,16,1
288.743036,10.974267,45.365754,-0.157832,11.19170,0.00350,11.161,9.927,13.823,3.41,0.46,39.9,102.2,3.8,0.612,0.445,3.386,0.457,16,1
288.311570,11.660766,45.777293,0.535646,6.85965,0.00014,6.574,6.008,7.905,2.46,0.66,24.3,86.7,7.4,1.685,0.677,1.913,0.651,32,1
288.311810,10.861875,45.069587,0.164971,11.46423,0.00348,11.530,11.248,12.445,1.16,0.57,82.5,144.9,12.6,-1.249,0.569,0.335,0.572,32,1
288.058586,11.464959,45.488922,0.664568,11.43770,0.00440,11.400,10.882,12.693,2.22,0.78,63.1,125.6,10.1,-1.394,0.718,1.898,0.815,16,1
288.312021,10.890296,45.094863,0.177968,11.48862,0.00355,11.391,10.681,12.872,3.01,1.21,45.0,107.4,10.7,0.005,1.153,3.241,1.214,32,1
288.312034,11.823002,45.921253,0.610468,8.56590,0.00050,8.677,8.298,9.822,0.38,0.15,159.6,41.9,11.2,0.311,0.140,-0.269,0.163,16,1
288.312042,11.063987,45.248758,0.258499,11.00855,0.00223,11.084,10.743,12.058,1.18,0.44,151.2,33.6,10.1,0.676,0.431,-1.066,0.450,32,1
288.312042,11.761903,45.867119,0.582131,11.51220,0.00550,11.586,11.376,11.922,1.15,0.57,93.0,155.4,14.3,-1.282,0.575,-0.136,0.588,16,1
288.312231,11.757314,45.863139,0.579840,9.11940,0.00060,9.169,8.330,10.983,1.12,0.18,0.6,62.9,4.6,1.130,0.180,0.022,0.197,16,1
288.034754,11.204529,45.247247,0.564720,12.36520,0.01050,12.356,11.716,14.079,4.46,1.30,17.8,80.2,8.3,3.779,1.293,2.697,1.309,16,1
288.313414,11.167790,45.341350,0.305444,10.11577,0.00107,10.019,9.080,12.086,2.82,0.33,178.7,61.1,3.3,2.832,0.326,-0.128,0.295,32,1
288.266302,11.553961,45.662097,0.525417,9.20140,0.00070,9.252,8.935,10.195,1.37,0.22,159.5,41.8,4.6,1.046,0.220,-0.911,0.216,16,1
288.063481,11.590678,45.602586,0.718518,9.68470,0.00090,9.709,9.000,11.516,1.58,0.19,1.6,64.0,3.5,1.593,0.192,0.087,0.186,16,1
288.266576,11.547344,45.656359,0.522112,10.37370,0.00220,10.407,9.983,11.660,1.54,0.48,163.8,46.2,8.9,1.358,0.481,-0.863,0.476,16,1
288.314294,11.548898,45.679412,0.481409,12.24960,0.00799,12.307,11.892,13.480,2.63,1.30,27.3,89.7,12.7,1.701,1.349,2.390,1.268,32,1
288.314758,11.142116,45.319215,0.292369,11.02718,0.00250,11.045,10.104,13.091,3.10,0.42,12.9,75.3,3.8,2.820,0.426,1.358,0.389,32,1
288.314773,11.803343,45.905077,0.598977,10.65724,0.00179,10.760,10.138,12.319,1.13,0.32,123.7,6.1,7.7,-0.451,0.313,-1.082,0.317,32,1
288.214934,11.074580,45.213962,0.347851,12.31050,0.01160,12.248,11.276,14.433,3.01,1.47,2.6,65.0,14.0,3.339,1.472,0.305,1.449,16,1
288.002705,11.619355,45.600452,0.784564,10.18174,0.00098,10.296,9.788,11.584,0.72,0.21,69.3,131.8,7.8,-0.565,0.206,0.497,0.206,32,1
288.217491,11.220816,45.344710,0.413402,12.24180,0.00960,12.292,11.964,13.194,2.81,1.11,173.4,55.8,11.4,2.939,1.110,-0.687,1.154,16,1
288.218394,10.953762,45.108476,0.288846,12.17840,0.00830,12.151,10.967,14.847,4.83,0.98,27.6,90.0,5.8,2.807,0.962,4.052,0.991,16,1
288.075169,11.235223,45.292809,0.543792,9.99560,0.00140,10.017,9.657,10.985,0.49,0.24,71.1,133.5,14.1,-0.435,0.262,0.337,0.209,16,1
288.005244,11.112299,45.152087,0.547692,11.28105,0.00339,11.321,10.535,13.282,1.81,0.61,5.2,67.6,9.1,1.874,0.603,0.341,0.699,32,1
288.006021,11.397104,45.404920,0.678831,11.40995,0.00289,11.480,10.914,12.885,1.66,0.45,70.0,132.5,7.5,-1.317,0.455,1.103,0.445,32,1
288.218402,11.206859,45.332757,0.406141,11.18030,0.00350,11.187,10.378,13.126,2.41,0.46,12.8,75.1,5.5,2.213,0.445,1.056,0.516,16,1
288.182897,11.021233,45.152117,0.350993,9.67640,0.00090,9.687,9.460,10.525,0.88,0.12,165.9,48.3,4.0,0.782,0.120,-0.418,0.133,16,1
288.221940,11.278628,45.397962,0.436328,11.59340,0.00530,11.566,10.984,13.056,1.70,0.79,21.4,83.8,13.3,1.375,0.796,1.272,0.783,16,1
288.186295,11.930967,45.959898,0.769540,10.79110,0.00280,10.804,10.334,12.086,1.01,0.38,0.8,63.2,10.9,1.082,0.384,0.028,0.371,16,1
288.188736,11.174387,45.290494,0.416882,8.06880,0.00030,8.148,7.243,10.100,1.60,0.09,11.7,74.1,1.5,1.474,0.084,0.637,0.089,16,1
288.188762,11.763832,45.812887,0.689970,10.30440,0.00200,10.289,9.577,11.854,0.73,0.23,161.8,44.2,9.1,0.619,0.234,-0.457,0.233,16,1
288.276506,11.614039,45.719967,0.544410,9.20550,0.00070,9.258,8.795,10.499,0.60,0.27,21.9,84.3,13.1,0.474,0.247,0.456,0.298,16,1
288.277318,11.728622,45.821867,0.596824,9.66970,0.00100,9.681,8.958,11.628,1.42,0.19,2.6,65.0,3.9,1.429,0.194,0.130,0.202,16,1
288.015492,11.680384,45.660354,0.801704,12.06277,0.00684,12.124,11.786,13.247,2.33,1.05,109.7,172.1,11.7,-1.975,1.027,-1.618,1.071,32,1
288.277354,10.841290,45.035657,0.185408,12.49110,0.00870,12.481,11.803,14.080,2.51,1.14,28.7,91.0,13.1,1.489,1.156,2.322,1.139,16,1
288.278160,10.897326,45.085673,0.210688,11.16088,0.00208,11.238,10.868,12.396,1.59,0.41,26.7,89.1,7.2,0.976,0.424,1.315,0.400,32,1
288.087640,11.378356,45.425342,0.599229,10.34670,0.00190,10.315,9.565,12.197,1.82,0.37,27.1,89.5,5.9,1.088,0.357,1.504,0.383,16,1
288.087658,11.256399,45.317251,0.542741,9.36970,0.00070,9.750,8.514,11.903,1.56,0.41,12.6,75.0,7.5,1.465,0.416,0.687,0.383,16,1
288.279768,11.486578,45.608507,0.482488,11.37330,0.00370,11.285,10.383,13.136,2.55,0.66,2.7,65.1,7.4,2.622,0.659,0.252,0.646,16,1
288.020263,11.046811,45.100856,0.504315,11.31357,0.00255,11.390,11.128,12.231,1.45,0.59,8.5,70.9,10.8,1.501,0.590,0.459,0.593,32,1
288.283916,10.896597,45.087648,0.205342,11.51612,0.00283,11.574,11.235,12.539,1.92,0.81,154.6,37.0,11.1,1.315,0.821,-1.611,0.796,32,1
288.283918,11.372351,45.509181,0.425926,11.42290,0.00360,11.345,10.049,14.116,3.21,1.60,21.4,83.8,14.3,2.629,1.582,2.442,1.623,16,1
288.457182,11.336437,45.556170,0.258777,9.53006,0.00060,9.573,8.321,12.191,0.94,0.35,174.9,57.2,10.1,0.984,0.352,-0.179,0.384,32,1
288.458015,11.465373,45.670756,0.317900,10.94170,0.00260,11.017,10.896,11.393,1.74,0.43,75.7,138.0,7.2,-1.578,0.421,0.860,0.479,16,1
288.196628,11.032417,45.168273,0.344232,11.48620,0.00430,11.476,10.776,13.288,1.61,0.64,12.0,74.4,11.5,1.582,0.646,0.707,0.633,16,1
288.100951,11.412418,45.461577,0.603437,11.45490,0.00560,11.404,10.715,13.109,1.58,0.78,43.9,106.3,14.2,0.070,0.838,1.760,0.781,16,1
288.284733,11.023582,45.200531,0.263510,11.94860,0.00640,11.970,11.305,13.626,1.94,0.78,174.9,57.3,11.5,2.060,0.774,-0.370,0.857,16,1
288.459832,11.476306,45.681266,0.321397,11.44680,0.00400,11.580,11.408,11.898,1.96,0.97,74.9,137.3,14.2,-1.891,0.912,1.097,1.120,16,1
288.197566,11.113066,45.240168,0.380789,11.41830,0.00530,11.340,10.491,13.223,2.42,0.98,12.6,75.0,11.6,2.364,0.968,1.116,1.027,16,1
288.287325,10.924806,45.114193,0.215456,12.36580,0.00990,12.424,11.981,13.530,2.88,1.20,160.8,43.2,12.0,2.445,1.198,-1.931,1.203,16,1
288.288100,10.948721,45.135735,0.225871,11.72060,0.00530,11.717,10.145,15.084,3.53,0.70,173.4,55.8,5.7,3.504,0.691,-0.819,0.815,16,1
288.289680,11.604762,45.717729,0.528676,11.11140,0.00410,11.122,10.148,13.417,2.40,0.65,6.3,68.7,7.8,2.422,0.646,0.543,0.751,16,1
288.460671,11.091630,45.340920,0.142114,6.84545,0.00007,6.798,6.161,8.218,1.94,0.93,164.8,47.2,12.4,1.853,0.917,-1.086,0.959,32,1
288.461560,11.714721,45.893235,0.430558,11.18209,0.00255,11.207,10.651,12.663,2.05,0.45,175.7,58.1,6.1,2.078,0.444,-0.315,0.515,32,1
288.198713,11.796512,45.846364,0.696478,11.43908,0.00320,11.479,10.788,13.167,2.30,0.42,10.2,72.6,5.1,2.191,0.416,0.812,0.442,32,1
288.198733,11.517936,45.599489,0.567386,11.00840,0.00430,11.003,10.538,12.400,3.13,1.54,26.0,88.4,14.1,2.151,1.868,2.752,1.305,16,1
288.104760,11.290485,45.355230,0.543660,10.63970,0.00210,10.595,9.768,12.484,1.39,0.29,23.2,85.6,6.0,0.976,0.304,1.025,0.274,16,1
288.104760,11.271446,45.338355,0.534843,10.93850,0.00390,10.844,10.218,12.454,1.83,0.49,3.5,65.9,7.7,1.878,0.489,0.228,0.669,16,1
288.292168,11.440532,45.573342,0.450372,9.48000,0.00070,9.585,9.491,9.773,0.37,0.18,47.6,109.9,13.7,-0.037,0.179,0.413,0.179,16,1
288.292183,11.295516,45.444860,0.383121,10.29400,0.00150,10.256,9.207,12.536,1.56,0.28,144.5,26.9,5.1,0.520,0.358,-1.502,0.268,16,1
288.484791,11.733401,45.920339,0.419081,10.73590,0.00190,10.751,10.336,11.880,1.20,0.49,159.1,41.4,11.8,0.965,0.494,-0.866,0.493,16,1
288.293880,11.104519,45.276404,0.293085,11.92780,0.00880,11.819,11.138,13.587,2.79,1.23,179.0,61.3,12.7,3.050,1.234,-0.109,1.239,16,1
288.295739,11.964798,46.039504,0.690336,12.17600,0.01060,12.235,11.448,14.024,4.31,1.61,48.2,110.6,10.7,-0.510,1.641,4.568,1.607,16,1
288.484938,11.661033,45.856306,0.385359,11.90110,0.00530,11.895,11.431,13.048,3.40,1.70,178.5,60.9,14.3,3.798,1.699,-0.197,1.759,16,1
288.094777,11.106560,45.187676,0.467163,9.92180,0.00120,9.946,9.333,11.434,0.78,0.21,24.4,86.8,7.7,0.535,0.183,0.610,0.228,16,1
288.431795,11.651885,45.824046,0.427215,8.45262,0.00046,8.585,8.070,9.947,1.94,0.18,5.0,67.3,2.7,1.921,0.181,0.339,0.160,32,1
288.434244,11.123927,45.357491,0.180073,8.62640,0.00040,8.663,7.829,10.580,0.93,0.12,158.0,40.4,3.6,0.672,0.109,-0.647,0.125,16,1
288.304572,11.197357,45.363524,0.326840,11.52658,0.00420,11.555,10.749,13.558,2.49,0.72,150.8,33.1,7.9,1.353,0.726,-2.208,0.711,32,1
288.160276,10.992921,45.116738,0.357552,11.28160,0.00360,11.294,10.493,13.292,1.88,0.46,14.6,77.0,6.9,1.691,0.449,0.942,0.475,16,1
288.311353,11.566458,45.693635,0.492104,10.33378,0.00168,10.347,9.589,12.113,1.51,0.32,167.4,49.8,6.0,1.398,0.326,-0.659,0.301,32,1
288.439143,11.512597,45.704003,0.356199,8.24590,0.00030,8.372,7.266,10.716,3.15,0.13,176.0,58.3,1.1,3.123,0.125,-0.444,0.139,16,1
288.441651,11.475088,45.671918,0.336614,10.02760,0.00110,10.087,9.554,11.471,0.72,0.29,9.6,72.0,11.4,0.733,0.284,0.256,0.308,16,1
288.060230,10.946646,45.030233,0.423167,9.39080,0.00060,9.413,8.436,11.461,1.66,0.20,23.0,85.5,3.4,1.163,0.195,1.207,0.202,16,1
288.312252,11.067405,45.251882,0.259901,12.31827,0.00776,12.375,11.498,14.283,3.01,1.43,14.6,77.0,12.3,2.910,1.435,1.626,1.400,32,1
288.312578,11.757150,45.863151,0.579463,9.10970,0.00060,9.169,8.330,10.983,0.78,0.25,33.3,95.6,9.1,0.324,0.315,0.747,0.230,16,1
288.164115,11.598489,45.655165,0.634762,8.44985,0.00035,8.601,7.895,10.101,0.40,0.10,124.5,7.0,7.0,-0.148,0.093,-0.386,0.103,32,1
288.164125,11.083867,45.199086,0.396340,11.98752,0.00756,11.983,11.528,13.276,2.46,0.95,59.0,121.5,10.3,-1.241,0.948,2.326,0.951,32,1
288.446274,11.792916,45.955554,0.480105,12.34296,0.00661,12.433,12.203,12.930,2.83,1.14,178.5,60.8,10.7,3.044,1.136,-0.163,1.100,32,1
288.446278,10.959968,45.217742,0.093514,10.53950,0.00170,10.573,9.930,12.132,1.03,0.25,170.5,52.9,7.0,1.003,0.247,-0.345,0.291,16,1
288.448065,11.257370,45.481985,0.229997,12.46310,0.00980,12.467,11.755,14.277,4.89,1.93,165.5,47.8,11.3,4.595,2.030,-2.552,1.562,16,1
288.314386,11.880004,45.972828,0.634858,8.58255,0.00028,8.642,8.294,9.829,0.57,0.13,16.9,79.4,6.4,0.486,0.132,0.327,0.126,32,1
288.314387,11.692521,45.806709,0.547926,12.30967,0.00642,12.352,11.604,14.140,2.06,1.01,16.3,78.7,12.6,1.932,1.009,1.232,0.998,32,1
288.047537,11.162534,45.215827,0.534163,11.29530,0.00420,11.314,10.916,12.233,1.23,0.58,49.4,111.8,13.6,-0.207,0.706,1.348,0.581,16,1
288.048401,11.170862,45.223601,0.537267,12.34510,0.00950,12.307,11.585,13.956,3.54,1.27,20.6,83.0,10.2,2.832,1.205,2.475,1.344,16,1
288.449888,11.038909,45.289310,0.127016,11.51290,0.00450,11.637,10.676,13.918,2.55,0.57,18.5,80.8,6.4,2.089,0.551,1.572,0.609,16,1
287.937229,11.358561,45.339541,0.720783,9.37450,0.00080,9.377,8.849,10.815,0.41,0.16,84.0,146.5,10.9,-0.434,0.158,0.091,0.154,16,1
288.048409,11.191369,45.241783,0.546754,8.62865,0.00028,8.634,8.060,10.249,0.79,0.12,25.6,88.0,4.3,0.498,0.110,0.618,0.127,32,1
288.001852,11.212353,45.239243,0.596950,9.90680,0.00140,9.972,9.150,11.814,2.16,0.46,22.4,84.8,6.1,1.569,0.460,1.553,0.456,16,1
288.001874,11.472116,45.469539,0.717149,11.22074,0.00274,11.266,10.630,12.892,0.98,0.36,172.1,54.5,9.8,1.002,0.354,-0.284,0.375,32,1
288.002765,11.357379,45.368225,0.663276,8.75659,0.00031,8.703,7.769,10.570,1.16,0.19,61.5,124.0,4.5,-0.641,0.194,0.984,0.182,32,1
288.452466,10.871187,45.141924,0.046925,12.08218,0.00834,12.141,11.475,13.836,3.98,1.64,9.3,71.6,10.9,4.082,1.652,1.370,1.481,32,1
288.169674,10.968400,45.099282,0.338015,9.52750,0.00070,9.538,8.738,11.412,0.69,0.18,84.5,146.9,7.6,-0.703,0.183,0.137,0.186,16,1
288.170480,11.752758,45.794780,0.700702,10.65930,0.00240,10.716,10.585,10.916,0.93,0.32,136.5,18.9,9.8,0.051,0.284,-0.980,0.318,16,1
288.454996,11.659429,45.841274,0.410588,10.39470,0.00190,10.492,9.808,12.027,2.72,0.35,170.4,52.7,3.7,2.586,0.342,-0.905,0.401,16,1
288.454998,11.193671,45.428719,0.194408,12.36547,0.00720,12.395,11.012,15.437,7.78,1.44,166.8,49.1,5.2,7.091,1.471,-3.519,1.295,32,1
288.455858,11.424665,45.633716,0.300878,11.05370,0.00300,11.140,10.550,12.413,1.45,0.49,157.1,39.5,9.8,1.071,0.543,-1.099,0.444,16,1
288.172129,11.149806,45.261161,0.419931,12.09270,0.00840,12.221,11.694,13.536,4.30,1.59,168.1,50.5,10.6,4.192,1.605,-1.856,1.521,16,1
288.316601,11.601410,45.726987,0.503757,10.54256,0.00202,10.529,10.097,11.917,1.19,0.42,165.1,47.5,9.6,1.095,0.446,-0.629,0.351,32,1
288.316616,10.976988,45.173762,0.214175,11.80910,0.00770,11.877,10.819,14.305,3.35,1.18,7.1,69.5,10.1,3.439,1.178,0.868,1.187,16,1
288.161953,11.026998,45.147700,0.371881,11.65090,0.00510,11.611,10.832,13.611,2.62,0.74,178.9,61.3,8.1,2.716,0.740,-0.108,0.741,16,1
288.161958,10.868641,45.007365,0.298508,8.49870,0.00030,8.647,7.543,10.804,2.15,0.20,18.4,80.8,2.7,1.731,0.202,1.299,0.209,16,1
288.174634,11.666095,45.719856,0.656950,11.06800,0.00360,11.082,10.495,12.692,1.35,0.51,96.0,158.4,10.9,-1.412,0.510,-0.301,0.579,16,1
288.316927,11.397150,45.546159,0.408754,10.86340,0.00212,10.900,10.448,12.110,1.27,0.63,129.0,11.5,12.7,-0.292,0.635,-1.384,0.626,32,1
288.459233,10.991574,45.251641,0.096920,8.41465,0.00021,8.476,7.754,10.182,0.72,0.07,175.0,57.4,2.7,0.709,0.069,-0.125,0.061,32,1
288.459237,11.134390,45.378141,0.163208,11.16367,0.00257,11.219,10.249,13.445,2.57,0.47,1.4,63.7,5.2,2.609,0.474,0.125,0.419,32,1
288.317328,11.003739,45.197786,0.225962,11.24560,0.00300,11.217,10.216,13.594,3.52,0.55,169.3,51.7,4.5,3.321,0.565,-1.298,0.470,16,1
288.463440,11.834452,46.000146,0.484499,11.50130,0.00460,11.574,11.170,12.637,2.20,0.63,179.9,62.2,8.2,2.286,0.632,-0.008,0.825,16,1
288.463835,11.190570,45.429996,0.185290,10.37604,0.00117,10.458,10.084,11.480,1.64,0.20,152.5,34.8,3.4,0.944,0.201,-1.350,0.195,32,1
288.318037,11.021867,45.214170,0.233753,9.24420,0.00060,9.305,8.916,10.319,0.86,0.14,164.6,47.0,4.6,0.746,0.142,-0.443,0.119,16,1
288.168242,10.898268,45.036480,0.306766,11.66995,0.00372,11.630,10.912,13.163,3.10,0.89,36.2,98.6,7.9,0.978,0.886,3.072,0.887,32,1
288.464829,11.892698,46.052371,0.510329,12.16800,0.00800,12.061,11.454,13.513,2.75,1.03,22.1,84.4,10.7,2.107,1.040,2.047,1.010,16,1
288.183819,11.546063,45.617645,0.593368,7.49550,0.00020,7.644,7.047,9.039,0.22,0.10,105.7,168.1,13.1,-0.207,0.096,-0.126,0.112,16,1
288.318425,11.506659,45.643865,0.458236,8.74800,0.00050,8.783,8.316,10.182,0.71,0.33,159.8,42.2,13.1,0.595,0.346,-0.506,0.295,16,1
288.170620,11.739023,45.782670,0.694218,7.95320,0.00020,8.017,7.811,8.532,0.89,0.34,153.5,35.9,11.1,0.573,0.394,-0.763,0.311,16,1
288.467529,10.998655,45.261693,0.092993,10.82900,0.00049,10.923,10.631,11.404,2.86,0.42,152.3,34.6,4.2,1.637,0.356,-2.378,0.452,32,1
288.189528,11.268911,45.374621,0.459993,11.73820,0.00580,11.688,11.369,12.588,2.17,0.76,16.6,79.0,10.0,1.922,0.719,1.260,0.834,16,1
288.272215,11.498055,45.615245,0.494367,10.41749,0.00171,10.513,9.768,12.336,1.36,0.48,12.0,74.4,9.5,1.314,0.461,0.583,0.550,32,1
288.177259,11.429342,45.511224,0.544986,11.42820,0.00470,11.507,11.002,12.831,1.61,0.71,11.1,73.5,12.7,1.626,0.715,0.664,0.693,16,1
288.178096,10.991495,45.123579,0.341389,10.36680,0.00140,10.383,9.750,11.856,0.80,0.21,17.7,80.1,7.6,0.677,0.220,0.481,0.202,16,1
288.470826,11.671942,45.859554,0.402664,10.46520,0.00127,10.525,9.876,12.033,1.42,0.34,13.8,76.2,6.7,1.291,0.340,0.677,0.352,32,1
288.472373,11.919253,46.079319,0.516116,10.30107,0.00102,10.345,9.896,11.565,0.78,0.18,13.9,76.3,6.3,0.709,0.179,0.375,0.171,32,1
288.485782,11.240548,45.484257,0.189423,12.25690,0.00750,12.078,10.350,15.556,5.50,1.42,147.2,29.6,7.4,2.351,1.519,-5.167,1.398,16,1
288.274900,10.888445,45.076320,0.209407,12.39450,0.00850,12.418,11.767,14.077,5.64,1.12,175.1,57.4,5.7,5.669,1.119,-0.989,1.122,16,1
288.275736,11.803059,45.887109,0.632703,12.16450,0.01070,12.256,11.731,13.415,2.73,1.29,142.6,25.0,13.6,0.797,1.272,-2.918,1.296,16,1
288.276579,10.984040,45.161784,0.252268,9.22970,0.00050,9.248,8.036,11.854,2.60,0.18,2.0,64.4,2.0,2.601,0.179,0.180,0.145,16,1
288.181462,11.747463,45.795068,0.688721,8.73710,0.00040,8.775,8.256,10.105,0.57,0.18,149.5,31.9,8.9,0.290,0.152,-0.523,0.184,16,1
288.486278,11.002712,45.273830,0.078576,11.71400,0.00510,11.717,11.319,12.877,1.29,0.63,144.3,26.6,13.9,0.460,0.636,-1.364,0.629,16,1
288.486354,11.087451,45.348918,0.117850,10.40640,0.00180,10.461,10.001,11.587,1.21,0.40,177.8,60.2,9.4,1.269,0.396,-0.096,0.315,16,1
288.480904,10.978143,45.249620,0.071842,11.95750,0.00650,11.860,10.881,14.171,2.00,0.91,8.5,70.9,13.1,2.101,0.919,0.644,0.826,16,1
288.282294,10.819040,45.018193,0.170793,10.99590,0.00240,11.012,10.231,12.849,3.09,0.87,24.2,86.6,8.1,2.132,0.869,2.406,0.874,16,1
288.480939,11.324327,45.556256,0.232523,9.99150,0.00110,9.993,8.954,12.327,1.37,0.24,150.6,33.0,5.1,0.721,0.253,-1.187,0.240,16,1
288.481104,11.037980,45.302709,0.099447,9.43100,0.00060,9.465,8.912,10.825,1.92,0.14,154.1,36.5,2.1,1.193,0.141,-1.513,0.141,16,1
288.481155,11.404158,45.627063,0.269395,9.82920,0.00100,9.943,9.777,10.251,0.50,0.21,115.8,178.2,12.4,-0.337,0.202,-0.426,0.223,16,1
288.481288,11.529499,45.738142,0.327466,10.43960,0.00240,10.497,9.761,12.236,0.71,0.33,80.9,143.3,13.4,-0.746,0.335,0.245,0.301,16,1
288.211060,11.486473,45.577204,0.542102,11.64270,0.00570,11.730,11.323,12.852,1.84,0.72,179.5,61.9,11.2,1.978,0.721,-0.032,0.704,16,1
288.211239,11.040710,45.182268,0.335367,10.20430,0.00132,10.282,9.718,11.233,1.00,0.18,6.7,69.1,5.1,0.991,0.179,0.235,0.197,32,1
287.941572,11.083697,45.097815,0.589845,9.39360,0.00080,9.450,8.753,10.955,0.86,0.28,30.2,92.6,9.3,0.446,0.284,0.783,0.276,16,1
288.211385,11.447346,45.542678,0.523688,12.05490,0.00560,11.988,11.402,13.437,2.78,1.35,3.8,66.2,13.9,3.060,1.347,0.408,1.413,16,1
287.932741,11.172119,45.172201,0.638435,8.35540,0.00040,8.474,7.902,9.806,0.21,0.10,37.5,99.9,13.9,0.061,0.105,0.228,0.103,16,1
288.287371,11.901412,45.979541,0.668206,11.23430,0.00420,11.211,10.831,12.254,2.10,0.53,167.8,50.2,7.2,1.977,0.538,-0.897,0.500,16,1
288.433442,11.559076,45.742582,0.382717,9.53380,0.00110,9.474,8.720,11.185,1.75,0.19,175.9,58.3,3.1,1.746,0.191,-0.250,0.215,16,1
288.435177,11.209574,45.433781,0.219011,11.72770,0.00470,11.795,10.350,14.879,3.11,0.74,172.6,54.9,6.9,3.088,0.741,-0.818,0.795,16,1
288.436832,11.795486,45.953541,0.489485,8.71900,0.00028,8.935,7.701,11.322,3.33,0.27,9.8,72.2,2.3,3.146,0.260,1.121,0.322,32,1
288.288148,11.838336,45.924001,0.638291,7.59850,0.00020,7.719,7.515,8.320,0.41,0.20,30.5,92.9,14.0,0.223,0.256,0.402,0.182,16,1
288.436848,11.680155,45.851385,0.435950,11.54730,0.00500,11.587,10.847,13.489,3.75,0.71,176.8,59.1,5.4,3.788,0.709,-0.431,0.762,16,1
288.439221,11.293463,45.509930,0.254431,8.39030,0.00040,8.454,7.653,10.133,2.05,0.18,153.2,35.6,2.6,1.220,0.197,-1.653,0.175,16,1
288.211971,11.416879,45.515945,0.509060,10.79270,0.00200,10.816,10.371,12.090,1.68,0.46,85.9,148.3,7.8,-1.721,0.459,0.249,0.454,16,1
288.160345,11.589871,45.645816,0.634043,12.32423,0.00782,12.076,11.773,12.844,5.02,1.75,63.9,126.3,9.4,-3.254,1.756,4.202,1.750,32,1
288.161093,10.895754,45.030999,0.311823,9.82402,0.00067,9.877,9.233,11.489,1.56,0.21,49.9,112.3,3.8,-0.265,0.216,1.547,0.209,32,1
288.444512,10.935295,45.195083,0.083599,9.27810,0.00060,9.347,8.839,10.570,0.88,0.16,152.1,34.5,5.1,0.504,0.169,-0.739,0.153,16,1
288.445400,11.285922,45.506063,0.245564,12.40650,0.00830,12.403,11.595,14.272,5.40,1.32,159.8,42.1,7.0,4.227,1.189,-3.605,1.487,16,1
288.446307,11.337290,45.551976,0.268617,11.93960,0.00560,11.913,10.800,14.464,4.38,0.89,167.1,49.5,5.8,4.028,0.909,-1.942,0.814,16,1
288.447267,11.141600,45.379076,0.176957,11.47700,0.00450,11.517,11.087,12.708,2.89,0.73,173.6,55.9,7.2,2.910,0.733,-0.665,0.679,16,1
288.296668,11.508502,45.635612,0.477979,11.09690,0.00440,11.136,10.387,13.003,2.83,0.95,6.7,69.1,9.6,2.908,0.955,0.693,0.897,16,1
288.448116,11.723713,45.895090,0.446391,11.22890,0.00390,11.284,10.704,12.667,1.89,0.71,164.1,46.5,10.8,1.719,0.680,-1.065,0.799,16,1
288.312657,11.371007,45.521055,0.400340,11.19020,0.00370,11.213,10.828,12.390,1.50,0.66,98.1,160.4,12.6,-1.579,0.655,-0.457,0.725,16,1
288.452482,11.805600,45.969610,0.480609,11.40884,0.00324,11.409,10.414,13.717,2.78,0.53,6.7,69.0,5.4,2.753,0.532,0.653,0.495,32,1
287.918760,11.188408,45.180298,0.658130,11.49780,0.00560,11.467,10.788,13.060,2.43,1.03,30.0,92.4,12.1,1.320,1.033,2.281,1.027,16,1
288.419759,11.524567,45.705792,0.378578,11.03700,0.00340,11.030,10.016,13.441,2.59,0.55,5.2,67.6,6.1,2.604,0.546,0.481,0.618,16,1
288.419773,11.036822,45.273743,0.152229,11.82870,0.00580,11.921,11.611,12.503,1.89,0.80,136.4,18.8,12.1,0.102,0.759,-2.054,0.801,16,1
288.199274,11.305714,45.411664,0.468577,11.78300,0.00580,11.768,11.209,13.287,1.90,0.66,165.4,47.8,10.0,1.751,0.661,-0.982,0.652,16,1
288.454274,11.947994,46.096560,0.545140,10.81591,0.00220,10.842,9.959,12.830,0.91,0.35,27.1,89.5,10.3,0.571,0.350,0.791,0.349,32,1
288.168144,11.073352,45.191595,0.387973,9.48240,0.00100,9.475,8.720,11.246,1.32,0.13,21.0,83.4,2.8,0.983,0.128,0.884,0.127,16,1
288.420247,11.323606,45.527996,0.284901,10.07080,0.00100,10.074,8.946,12.497,3.21,0.21,172.8,55.1,1.9,3.113,0.211,-0.804,0.214,16,1
288.200100,11.086987,45.218210,0.366501,9.84860,0.00140,9.856,9.606,10.648,0.62,0.29,136.0,18.4,13.5,0.025,0.287,-0.685,0.292,16,1
288.200606,11.290594,45.398870,0.460413,9.07170,0.00050,9.091,8.345,10.781,1.23,0.14,177.1,59.5,3.2,1.235,0.140,-0.125,0.126,16,1
288.457575,11.529307,45.727187,0.347957,11.29100,0.00480,11.321,10.181,13.739,1.87,0.78,169.7,52.0,11.9,1.899,0.769,-0.713,0.843,16,1
288.170515,11.678247,45.728757,0.666155,8.74390,0.00050,8.806,8.400,10.018,0.59,0.19,95.2,157.6,9.4,-0.607,0.192,-0.111,0.181,16,1
288.420994,11.273728,45.484153,0.261106,11.43560,0.00380,11.394,10.221,14.053,5.53,0.60,167.5,49.8,3.1,5.036,0.597,-2.350,0.615,16,1
288.317367,11.447934,45.591353,0.431922,11.08094,0.00201,11.164,10.727,12.359,0.96,0.43,161.8,44.2,11.7,0.843,0.428,-0.622,0.428,32,1
288.458409,10.969935,45.232099,0.087592,11.85366,0.00424,11.869,10.814,14.433,2.63,0.69,45.3,107.7,7.3,-0.032,0.881,2.724,0.694,32,1
288.378690,11.021610,45.241557,0.180891,8.39110,0.00030,8.446,7.655,10.241,0.29,0.10,142.4,24.7,9.8,0.079,0.112,-0.299,0.099,16,1
288.380406,10.944566,45.174088,0.143655,7.78520,0.00020,7.787,7.095,9.322,0.85,0.34,21.1,83.5,11.4,0.677,0.316,0.615,0.365,16,1
288.381264,11.223076,45.421203,0.272122,9.96850,0.00100,10.016,9.618,11.227,0.99,0.18,161.9,44.3,5.3,0.814,0.182,-0.594,0.188,16,1
288.318481,11.290285,45.452184,0.357847,10.88417,0.00201,10.871,10.312,12.484,1.39,0.33,135.5,17.9,6.7,0.024,0.315,-1.433,0.334,32,1
288.160501,11.231934,45.328660,0.468090,11.04633,0.00225,11.182,10.843,12.082,0.71,0.34,113.9,176.3,12.3,-0.530,0.329,-0.583,0.346,32,1
288.161239,11.210674,45.310154,0.457599,10.18298,0.00098,10.235,9.509,12.052,0.77,0.27,59.9,122.3,9.7,-0.403,0.239,0.707,0.285,32,1
288.177992,10.902226,45.044423,0.300116,9.15950,0.00060,9.253,8.811,10.535,1.51,0.19,57.3,119.7,3.6,-0.634,0.172,1.383,0.195,16,1
288.381270,11.930652,46.048055,0.600365,10.72580,0.00220,10.706,10.350,11.778,1.70,0.40,174.4,56.8,6.7,1.711,0.397,-0.336,0.356,16,1
288.382105,11.271984,45.464912,0.294081,10.52250,0.00510,10.460,9.344,12.814,5.44,0.47,165.5,47.8,2.5,4.769,0.451,-2.651,0.536,16,1
288.382981,11.177174,45.381321,0.249334,10.33830,0.00170,10.309,9.545,12.130,1.84,0.28,166.2,48.6,4.3,1.655,0.279,-0.862,0.277,16,1
288.382998,11.282022,45.474211,0.297963,9.16540,0.00060,9.168,8.534,10.734,2.25,0.19,159.0,41.3,2.4,1.679,0.197,-1.515,0.182,16,1
288.464865,11.895814,46.055147,0.511744,11.15390,0.00330,11.194,10.812,12.217,1.04,0.38,2.4,64.8,10.5,1.101,0.379,0.094,0.378,16,1
288.177998,10.936482,45.074783,0.315984,10.30640,0.00190,10.337,9.316,12.297,2.02,0.23,25.5,87.9,3.3,1.277,0.245,1.582,0.220,16,1
288.178822,11.191990,45.301587,0.433657,11.70634,0.00433,11.777,11.002,13.718,2.15,0.80,44.3,106.7,10.0,0.054,0.779,2.295,0.800,32,1
288.383856,11.373019,45.555214,0.339434,11.54020,0.00500,11.569,11.122,12.820,2.29,0.77,153.0,35.4,9.6,1.422,0.769,-1.956,0.763,16,1
288.383859,11.668521,45.817000,0.476521,9.61230,0.00080,9.659,9.327,10.785,0.90,0.14,176.2,58.6,4.6,0.900,0.144,-0.119,0.147,16,1
288.385490,11.275783,45.469818,0.292903,10.36690,0.00210,10.284,9.061,12.874,5.14,0.28,170.4,52.8,1.5,4.864,0.273,-1.688,0.304,16,1
288.385490,11.455295,45.628844,0.376186,12.24040,0.01070,12.227,11.739,13.442,5.39,1.70,174.7,57.0,9.0,5.558,1.671,-1.047,2.387,16,1
288.165941,11.688537,45.735802,0.674891,10.62512,0.00165,10.681,10.285,11.774,1.19,0.28,124.8,7.2,6.6,-0.429,0.306,-1.147,0.281,32,1
288.166651,10.944939,45.077116,0.329775,9.27270,0.00070,9.330,8.080,11.975,0.97,0.26,9.4,71.8,7.6,0.954,0.264,0.326,0.193,16,1
288.167506,11.703663,45.749918,0.680540,8.15855,0.00021,8.161,7.317,9.797,0.51,0.17,144.9,27.4,8.9,0.183,0.188,-0.506,0.164,32,1
288.320132,11.483713,45.624310,0.446113,10.73240,0.00360,10.761,9.959,12.583,3.85,0.43,175.6,57.9,3.2,3.824,0.432,-0.598,0.502,16,1
288.168288,11.752984,45.793986,0.702709,10.84162,0.00253,10.876,10.199,12.514,1.30,0.41,179.5,61.9,8.6,1.368,0.412,-0.026,0.450,32,1
288.467575,11.428326,45.642290,0.292404,10.58565,0.00145,10.667,9.993,12.267,1.58,0.31,139.9,22.3,5.5,0.277,0.318,-1.590,0.311,32,1
288.468409,11.154452,45.400088,0.164550,9.16420,0.00060,9.237,8.378,11.203,1.26,0.14,171.7,54.0,3.2,1.219,0.139,-0.365,0.155,16,1
288.183019,11.521869,45.595840,0.582853,7.98820,0.00030,8.112,7.386,9.667,0.90,0.14,72.5,134.9,4.5,-0.749,0.141,0.523,0.139,16,1
288.390861,11.708913,45.855965,0.489185,12.19500,0.00910,12.190,11.807,13.207,2.67,1.23,132.9,15.2,13.2,-0.220,1.278,-2.929,1.231,16,1
288.395301,11.169591,45.380211,0.235109,11.24010,0.00350,11.228,10.466,13.086,1.94,0.50,139.8,22.1,7.3,0.332,0.577,-1.970,0.493,16,1
288.320639,11.474393,45.616283,0.441351,12.19040,0.01050,12.126,11.704,13.308,3.59,1.74,11.9,74.2,13.9,3.648,1.798,1.602,1.364,16,1
288.481435,11.755106,45.938039,0.432067,11.57800,0.00460,11.570,11.068,12.798,1.79,0.57,179.9,62.3,9.1,1.880,0.569,-0.004,0.572,16,1
288.481594,10.983153,45.254372,0.073568,10.00720,0.00110,9.991,9.912,10.437,0.51,0.17,126.4,8.8,9.4,-0.159,0.159,-0.515,0.169,16,1
288.395332,10.835984,45.084701,0.080292,8.57900,0.00060,8.576,7.618,10.677,1.00,0.15,57.0,119.3,4.4,-0.410,0.144,0.923,0.155,16,1
288.396159,11.486303,45.661165,0.381309,9.36790,0.00080,9.408,8.652,11.169,1.95,0.24,18.7,81.0,3.5,1.566,0.245,1.193,0.222,16,1
288.175701,11.882323,45.911982,0.756192,10.74500,0.00270,10.759,10.695,11.169,0.71,0.33,116.0,178.4,13.2,-0.483,0.341,-0.618,0.322,16,1
288.481615,11.472760,45.688035,0.300843,10.40280,0.00180,10.447,9.383,12.658,0.73,0.27,7.7,70.0,10.7,0.748,0.271,0.206,0.274,16,1
288.477603,11.753186,45.934597,0.434499,11.50160,0.00460,11.530,11.092,12.741,1.59,0.52,31.3,93.6,9.3,0.772,0.519,1.489,0.519,16,1
288.190482,11.455946,45.540806,0.545828,10.40370,0.00140,10.480,9.452,12.745,1.15,0.46,47.1,109.5,11.5,-0.091,0.462,1.231,0.461,16,1
288.398692,11.659890,45.816093,0.459648,11.31420,0.00380,11.345,10.640,13.114,1.04,0.49,23.5,85.9,13.5,0.783,0.479,0.842,0.502,16,1
288.398711,11.318285,45.513484,0.301138,10.68900,0.00210,10.651,9.893,12.459,2.71,0.29,158.9,41.2,3.1,2.014,0.297,-1.830,0.281,16,1
288.477961,10.914821,45.192194,0.045005,9.90830,0.00110,9.900,9.052,11.998,1.41,0.14,177.9,60.2,2.9,1.410,0.144,-0.106,0.143,16,1
288.192213,11.324759,45.425333,0.483538,12.00020,0.00750,11.994,11.211,13.824,1.99,0.93,6.8,69.2,13.4,2.133,0.916,0.515,1.113,16,1
288.402952,11.091635,45.314637,0.192287,12.31300,0.01020,12.144,10.907,14.672,4.01,1.63,173.9,56.3,11.6,4.233,1.630,-0.909,1.563,16,1
288.402979,11.101166,45.323093,0.196687,7.79790,0.00020,7.839,6.854,9.808,1.25,0.48,160.7,43.1,11.1,1.048,0.433,-0.835,0.557,16,1
288.182323,11.781393,45.825530,0.703692,11.61100,0.00570,11.580,10.891,13.311,1.83,0.82,172.9,55.3,12.8,1.945,0.809,-0.490,0.923,16,1
288.197187,11.215770,45.331009,0.428712,9.65060,0.00080,9.739,9.078,11.418,0.30,0.12,34.2,96.6,11.7,0.121,0.117,0.305,0.125,16,1
288.197194,11.349028,45.449103,0.490455,9.42610,0.00080,9.478,9.032,10.649,1.00,0.28,5.3,67.7,8.1,1.020,0.283,0.192,0.284,16,1
288.404648,11.372734,45.564419,0.321245,10.44410,0.00170,10.483,9.874,12.110,3.31,0.39,159.9,42.3,3.4,2.551,0.400,-2.153,0.384,16,1
288.405441,11.574860,45.743834,0.414341,12.07810,0.01430,12.028,11.731,12.633,3.70,1.56,175.4,57.7,12.1,3.966,1.565,-0.645,1.517,16,1
288.274947,11.057412,45.226052,0.287706,10.08110,0.00240,10.118,9.778,11.184,1.19,0.39,141.4,23.8,9.3,0.277,0.366,-1.215,0.387,16,1
288.411273,11.842743,45.983796,0.533574,11.94860,0.00610,11.916,11.550,12.945,2.44,0.83,1.1,63.5,9.7,2.577,0.827,0.102,0.834,16,1
288.277430,11.384639,45.517120,0.437258,9.25230,0.00050,9.292,8.635,10.941,0.96,0.17,165.8,48.2,5.0,0.861,0.169,-0.465,0.170,16,1
288.184915,11.227304,45.335652,0.444723,10.59090,0.00190,10.671,9.643,12.837,2.66,0.28,25.5,87.9,3.0,1.686,0.268,2.079,0.283,16,1
288.479657,11.769429,45.949918,0.440257,11.07260,0.00240,11.124,9.543,13.927,2.70,0.39,15.7,78.0,4.2,2.328,0.391,1.419,0.396,16,1
288.479688,10.816362,45.105775,-0.002206,8.40070,0.00030,8.510,7.725,10.125,1.17,0.13,179.0,61.3,3.1,1.179,0.128,-0.043,0.137,16,1
288.431880,11.987925,46.121766,0.583076,11.14200,0.00840,11.207,10.218,13.419,1.74,0.69,7.8,70.1,11.3,1.803,0.686,0.503,0.677,16,1
288.206872,11.640782,45.712052,0.617242,8.59040,0.00050,8.694,8.515,9.406,0.94,0.16,170.7,53.1,5.0,0.902,0.166,-0.303,0.146,16,1
288.207093,11.167135,45.292413,0.397563,9.20040,0.00070,9.267,8.425,11.125,1.02,0.19,1.4,63.8,5.5,1.036,0.194,0.052,0.193,16,1
288.436030,11.668311,45.840521,0.431163,11.62030,0.00440,11.573,10.585,13.935,3.68,0.67,175.4,57.7,5.2,3.688,0.666,-0.602,0.744,16,1
288.203434,11.619349,45.691497,0.610295,10.82880,0.00320,10.804,10.041,12.709,1.24,0.54,10.1,72.5,12.5,1.272,0.550,0.467,0.488,16,1
288.426029,10.983146,45.229047,0.121880,8.51590,0.00030,8.642,8.562,8.807,0.24,0.09,122.1,4.5,10.6,-0.111,0.099,-0.231,0.087,16,1
288.193052,11.619382,45.686814,0.619322,8.85450,0.00060,8.931,8.540,10.077,1.16,0.29,155.5,37.9,7.1,0.782,0.287,-0.901,0.285,16,1
288.193749,11.121620,45.246012,0.388072,11.39560,0.00470,11.314,11.108,12.242,2.43,1.16,15.9,78.3,13.7,2.291,1.177,1.416,1.129,16,1
288.194574,11.913594,45.948253,0.754313,11.50550,0.00500,11.434,10.970,12.690,1.27,0.56,18.0,80.4,12.7,1.123,0.551,0.813,0.578,16,1
288.438468,11.161189,45.392421,0.193696,10.89020,0.00250,10.922,10.470,12.107,1.83,0.39,162.1,44.4,6.2,1.516,0.369,-1.096,0.438,16,1
288.418463,11.991914,46.119210,0.596553,9.07300,0.00070,9.145,8.382,10.905,1.36,0.17,16.4,78.7,3.5,1.155,0.170,0.743,0.157,16,1
288.198986,11.718267,45.777143,0.659989,10.42810,0.00220,10.359,9.632,12.302,1.25,0.28,168.0,50.4,6.6,1.168,0.285,-0.522,0.288,16,1
288.440973,11.263818,45.484468,0.239151,11.22660,0.00360,11.190,10.672,12.578,3.24,0.60,163.5,45.8,5.3,2.761,0.623,-1.799,0.549,16,1
288.441746,11.282149,45.501057,0.246987,11.64400,0.00500,11.565,10.996,13.003,2.12,0.62,149.5,31.9,8.3,1.071,0.595,-1.930,0.623,16,1
288.204176,11.076035,45.210358,0.357881,10.99640,0.00350,10.976,10.088,12.840,2.81,0.53,178.8,61.2,5.4,2.853,0.529,-0.122,0.508,16,1
288.204644,11.215869,45.334486,0.422276,10.53430,0.00190,10.548,9.835,12.242,1.06,0.30,41.7,104.1,8.0,0.126,0.284,1.092,0.297,16,1
288.419120,11.648049,45.814887,0.436431,10.56160,0.00195,10.639,10.056,12.115,2.14,0.36,21.5,83.8,4.7,1.588,0.361,1.479,0.357,32,1
288.341218,11.784675,45.900542,0.567385,9.84340,0.00100,9.853,9.174,11.449,0.88,0.25,23.9,86.3,8.0,0.617,0.222,0.681,0.268,16,1
288.442652,11.395269,45.601670,0.298700,11.83380,0.00560,11.795,11.224,13.435,2.82,0.80,166.0,48.3,8.1,2.590,0.785,-1.379,0.863,16,1
288.419813,11.849820,45.993944,0.529453,9.66020,0.00090,9.657,8.857,11.529,1.89,0.16,19.7,82.0,2.4,1.469,0.170,1.206,0.137,16,1
288.420074,11.805053,45.954404,0.508455,10.24624,0.00112,10.244,9.395,12.485,2.79,0.27,21.1,83.4,2.7,2.080,0.274,1.883,0.258,32,1
288.342959,10.841813,45.066002,0.128564,8.79450,0.00070,8.892,8.521,9.931,0.93,0.15,20.4,82.7,4.8,0.717,0.168,0.618,0.135,16,1
288.445448,11.851222,46.006828,0.507880,8.24620,0.00030,8.352,7.523,9.999,1.47,0.11,8.1,70.4,2.1,1.419,0.106,0.411,0.106,16,1
288.447308,11.989359,46.130040,0.570373,12.17650,0.01000,12.119,11.448,13.714,2.48,1.21,17.0,79.4,13.9,2.286,1.216,1.545,1.186,16,1
288.420753,11.756608,45.911797,0.485387,11.74830,0.00530,11.735,11.325,12.914,1.69,0.74,175.2,57.5,12.6,1.821,0.741,-0.309,0.844,16,1
288.347084,11.653487,45.786974,0.501455,9.46350,0.00080,9.579,9.144,10.848,0.71,0.28,5.2,67.5,11.3,0.746,0.278,0.136,0.248,16,1
288.450028,11.600160,45.786515,0.387391,10.79030,0.00290,10.839,10.179,12.477,2.04,0.39,24.8,87.2,5.4,1.342,0.381,1.579,0.391,16,1
288.450919,11.223591,45.453364,0.211839,10.96590,0.00270,10.979,9.820,13.656,5.61,0.55,160.8,43.2,2.8,4.424,0.544,-3.499,0.551,16,1
288.421037,11.848584,45.993404,0.527818,12.27900,0.01130,12.017,11.077,13.983,3.41,1.47,18.6,81.0,12.3,2.958,1.388,2.248,1.596,16,1
288.421046,11.776933,45.929935,0.494564,11.37600,0.00360,11.319,10.783,12.634,1.74,0.51,178.6,60.9,8.5,1.808,0.514,-0.090,0.482,16,1
288.421264,11.729417,45.887942,0.472327,12.14980,0.00760,12.054,11.291,13.954,2.55,0.97,165.9,48.2,10.9,2.400,0.965,-1.292,0.996,16,1
288.348372,11.334322,45.504793,0.352303,10.83350,0.00250,10.827,10.386,12.158,1.15,0.36,150.9,33.3,9.0,0.634,0.371,-1.021,0.355,16,1
288.452600,11.271958,45.496971,0.232828,9.87110,0.00100,9.920,9.328,11.372,1.97,0.25,156.5,38.8,3.6,1.355,0.287,-1.455,0.215,16,1
288.165842,11.390463,45.471582,0.536892,12.18832,0.00651,12.271,11.917,13.341,3.55,1.64,149.2,31.6,12.0,1.853,1.496,-3.438,1.677,32,1
288.201326,10.853851,45.012174,0.257393,10.35420,0.00110,10.316,9.777,11.806,0.93,0.26,38.8,101.2,8.0,0.208,0.270,0.945,0.261,16,1
288.455139,11.193533,45.428661,0.194221,12.35229,0.00574,12.395,11.012,15.437,6.09,1.07,160.0,42.4,5.0,4.731,1.093,-3.975,1.044,48,1
288.455949,11.663034,45.844900,0.411435,9.70580,0.00090,9.775,8.967,11.604,2.31,0.26,166.6,49.0,3.2,2.071,0.254,-1.044,0.274,16,1
288.169002,11.928230,45.949634,0.783267,10.72395,0.00158,10.730,9.938,12.620,0.77,0.32,3.0,65.4,10.9,0.834,0.320,0.087,0.335,32,1
288.349785,11.351628,45.520768,0.359103,9.80580,0.00130,9.694,8.556,12.103,1.17,0.23,14.8,77.2,5.5,1.033,0.228,0.586,0.215,16,1
288.350141,11.896055,46.003275,0.611302,10.03050,0.00120,9.998,9.661,11.104,0.61,0.17,175.9,58.3,8.2,0.631,0.175,-0.090,0.201,16,1
288.457611,11.813140,45.978619,0.479661,12.19470,0.00860,12.242,11.185,14.520,3.59,1.32,29.8,92.1,10.6,1.938,1.439,3.304,1.283,16,1
288.173092,11.552495,45.618476,0.605661,10.53330,0.00260,10.598,10.134,11.860,1.03,0.49,108.3,170.7,13.5,-0.915,0.435,-0.679,0.568,16,1
288.385585,11.567216,45.728038,0.428027,9.55040,0.00110,9.535,8.903,11.044,1.45,0.32,5.4,67.7,6.3,1.462,0.315,0.276,0.387,16,1
288.161287,10.953127,45.081932,0.338236,9.92560,0.00110,9.959,9.598,11.152,0.74,0.25,100.9,163.3,9.8,-0.727,0.262,-0.291,0.199,16,1
288.162023,11.324595,45.411472,0.509695,9.63015,0.00064,9.701,9.299,10.811,0.59,0.15,157.1,39.6,7.2,0.427,0.137,-0.438,0.167,32,1
288.461091,11.111043,45.358306,0.150760,9.14497,0.00038,9.222,8.894,10.183,1.65,0.09,161.3,43.7,1.5,1.318,0.090,-1.005,0.088,32,1
288.461102,11.120566,45.366746,0.155170,9.22240,0.00049,9.281,8.770,10.644,1.42,0.11,168.6,51.0,2.3,1.311,0.112,-0.552,0.118,32,1
288.463962,11.190491,45.429984,0.185143,10.33544,0.00096,10.458,10.084,11.480,1.66,0.19,152.8,35.1,3.3,0.970,0.198,-1.359,0.193,48,1
288.388174,11.025177,45.249036,0.174300,10.25180,0.00160,10.300,9.123,12.453,2.23,0.28,170.9,53.3,3.6,2.130,0.269,-0.700,0.353,16,1
288.390028,11.027443,45.251888,0.173739,9.39580,0.00060,9.483,8.740,11.140,0.89,0.12,164.5,46.8,3.9,0.773,0.123,-0.465,0.123,16,1
288.355529,11.898431,46.007826,0.607733,10.78220,0.00280,10.683,10.274,11.695,1.05,0.36,135.0,17.4,9.8,0.001,0.414,-1.113,0.361,16,1
288.165171,11.094022,45.208561,0.400135,11.55290,0.00660,11.553,11.162,12.007,2.28,0.84,12.4,74.8,10.5,2.203,0.839,1.021,0.829,16,1
288.465500,11.470074,45.678325,0.313584,10.87830,0.00260,10.955,9.398,14.069,1.83,0.51,175.0,57.4,7.9,1.875,0.509,-0.330,0.468,16,1
288.390041,11.159357,45.368751,0.234932,12.00020,0.00770,11.963,11.041,14.212,2.36,1.01,7.9,70.3,12.3,2.465,1.015,0.702,0.912,16,1
288.390901,11.180399,45.387782,0.243947,10.98830,0.00260,10.886,9.806,13.238,3.91,0.50,165.3,47.7,3.6,3.438,0.500,-1.935,0.492,16,1
288.391812,11.427275,45.606896,0.357697,11.08560,0.00280,11.111,10.482,12.554,2.62,0.73,159.5,41.9,8.1,2.054,0.755,-1.781,0.709,16,1
288.355983,11.213392,45.401120,0.289598,12.22680,0.00870,12.280,11.309,14.629,3.94,1.25,172.1,54.4,9.1,3.977,1.257,-1.129,1.227,16,1
288.356593,11.288486,45.467925,0.323901,11.80150,0.00560,11.682,11.293,12.777,1.89,0.88,156.1,38.5,13.3,1.400,0.881,-1.543,0.877,16,1
288.165183,11.722757,45.765788,0.691401,12.19712,0.00720,12.178,11.722,13.394,1.94,0.97,138.4,20.8,12.8,0.254,0.988,-2.155,0.969,32,1
288.466155,11.651534,45.839353,0.397244,9.48079,0.00054,9.563,9.211,10.488,1.43,0.28,159.3,41.7,5.5,1.095,0.285,-0.965,0.271,32,1
288.466889,11.656840,45.844387,0.399070,10.06975,0.00086,10.084,9.056,12.435,1.57,0.33,2.5,64.8,5.9,1.604,0.332,0.138,0.317,32,1
288.466910,11.594380,45.789071,0.370060,11.38380,0.00530,11.378,10.817,12.596,3.62,1.24,149.8,32.2,9.8,1.894,1.216,-3.328,1.241,16,1
288.356999,11.808540,45.928851,0.564768,11.62570,0.00510,11.439,10.699,13.007,1.99,0.94,30.4,92.8,13.6,1.075,0.853,1.926,0.971,16,1
288.468460,11.360260,45.582404,0.260041,10.59778,0.00169,10.672,10.161,12.050,1.35,0.37,138.4,20.8,7.6,0.168,0.396,-1.390,0.369,32,1
288.471418,11.604998,45.800526,0.371077,9.73840,0.00110,9.804,9.064,11.499,0.68,0.33,3.8,66.1,13.8,0.753,0.332,0.100,0.241,16,1
288.472486,11.187405,45.431132,0.176304,12.17882,0.00855,12.174,10.672,15.466,5.01,1.66,159.1,41.4,9.0,3.928,1.634,-3.518,1.684,32,1
288.171531,11.335357,45.425329,0.506419,10.08540,0.00150,10.115,9.472,11.687,1.21,0.21,171.6,54.0,5.0,1.174,0.206,-0.353,0.261,16,1
288.172372,11.255176,45.354652,0.468540,9.98720,0.00130,10.024,9.718,11.043,0.63,0.20,110.7,173.1,8.9,-0.493,0.202,-0.435,0.188,16,1
288.172395,11.111244,45.227108,0.401833,12.17180,0.00940,12.100,11.349,13.904,4.38,1.87,17.9,80.3,12.2,3.860,1.867,2.782,1.878,16,1
288.478211,11.010937,45.277439,0.089408,11.10380,0.00310,11.098,10.501,12.169,2.37,0.52,159.8,42.2,6.2,1.851,0.503,-1.573,0.532,16,1
288.478390,10.929434,45.205332,0.051416,11.14110,0.00260,11.414,11.117,12.130,1.33,0.40,172.1,54.5,8.7,1.339,0.396,-0.378,0.478,16,1
288.322024,11.547096,45.681328,0.473863,11.22978,0.00380,11.318,10.600,13.139,1.55,0.68,175.6,58.0,11.6,1.669,0.681,-0.258,0.735,32,1
288.322827,11.788502,45.895583,0.585111,12.19337,0.00637,12.167,11.617,13.169,2.17,1.05,38.6,101.0,12.5,0.532,1.140,2.351,1.044,32,1
288.323660,11.914484,46.007587,0.642805,9.45633,0.00055,9.529,8.562,11.636,1.68,0.12,13.7,76.1,2.1,1.493,0.120,0.775,0.139,32,1
288.403853,11.376513,45.567405,0.323689,11.30220,0.00390,11.300,10.526,13.265,3.24,0.80,167.4,49.8,7.1,3.018,0.772,-1.420,0.905,16,1
288.324510,11.754692,45.866391,0.567973,10.03850,0.00130,10.060,9.274,11.870,0.84,0.22,6.6,69.0,7.4,0.848,0.218,0.200,0.245,16,1
288.324533,11.116873,45.301298,0.272165,10.50180,0.00190,10.502,9.755,12.191,1.17,0.27,168.4,50.7,6.5,1.099,0.261,-0.473,0.290,16,1
288.176560,11.918393,45.944341,0.772156,9.56650,0.00090,9.606,9.188,10.821,0.38,0.15,1.4,63.8,11.5,0.406,0.151,0.020,0.156,16,1
288.479981,10.828784,45.116911,0.003306,9.96360,0.00120,10.016,9.492,11.354,1.69,0.23,155.9,38.3,4.0,1.136,0.202,-1.269,0.258,16,1
288.479987,11.857992,46.028514,0.481081,11.48023,0.00378,11.526,10.668,13.488,2.32,0.72,20.4,82.8,8.5,1.840,0.756,1.588,0.666,32,1
288.480288,11.746958,45.930301,0.429279,11.11570,0.00230,11.095,9.878,13.744,3.67,0.56,0.4,62.8,4.4,3.711,0.558,0.057,0.576,16,1
288.197245,10.950445,45.095913,0.305708,11.55550,0.00410,11.435,10.180,14.295,2.66,0.83,24.1,86.5,8.9,1.854,0.764,2.080,0.877,16,1
288.412065,11.095900,45.322565,0.186345,11.02190,0.00290,10.998,9.922,13.391,2.21,0.54,162.4,44.7,7.0,1.856,0.535,-1.313,0.546,16,1
288.326966,11.174915,45.353829,0.296969,12.09120,0.00790,12.095,11.372,13.856,3.43,1.43,157.2,39.6,11.9,2.601,1.293,-2.656,1.541,16,1
288.328641,11.133518,45.317915,0.276314,9.53450,0.00080,9.585,9.221,10.686,0.65,0.19,161.0,43.3,8.3,0.529,0.170,-0.414,0.211,16,1
288.198261,11.898871,45.936876,0.744294,11.93890,0.00780,11.935,11.566,12.867,2.22,0.89,54.4,116.8,11.5,-0.769,0.947,2.265,0.887,16,1
288.198869,11.861310,45.903863,0.726365,10.74630,0.00270,10.721,9.963,12.524,1.01,0.39,172.9,55.3,11.0,1.048,0.390,-0.266,0.372,16,1
288.418495,11.661917,45.826888,0.443408,10.62350,0.00220,10.719,10.246,11.809,1.63,0.49,168.3,50.7,8.6,1.566,0.491,-0.676,0.496,16,1
288.418726,11.092796,45.322849,0.179114,10.11600,0.00130,10.229,8.949,12.752,3.44,0.22,170.3,52.7,1.8,3.249,0.217,-1.143,0.213,16,1
288.486693,10.797714,45.092453,-0.016957,10.22040,0.00150,10.242,9.755,11.686,1.61,0.35,168.9,51.2,6.3,1.526,0.343,-0.622,0.421,16,1
288.203972,10.863828,45.022219,0.259714,8.28940,0.00020,8.323,7.936,9.458,0.80,0.12,45.6,108.0,4.4,-0.018,0.126,0.808,0.122,16,1
288.331151,11.951149,46.043473,0.653313,10.09527,0.00116,10.138,9.498,11.747,0.90,0.22,23.3,85.8,6.7,0.633,0.221,0.672,0.210,32,1
288.332893,11.601856,45.734783,0.489824,8.87090,0.00060,8.903,8.281,10.350,1.36,0.16,163.2,45.6,3.4,1.142,0.146,-0.759,0.194,16,1
288.184057,11.149933,45.266696,0.409619,8.84250,0.00050,8.969,8.050,10.814,1.83,0.11,10.6,73.0,1.7,1.706,0.107,0.663,0.101,16,1
288.184939,11.040907,45.170480,0.358333,11.23268,0.00289,11.254,10.726,12.679,1.12,0.53,9.2,71.6,12.2,1.179,0.519,0.391,0.596,32,1
288.205150,11.050935,45.188559,0.345402,12.23982,0.00700,12.255,11.355,14.351,3.75,1.41,12.4,74.8,10.1,3.632,1.415,1.681,1.375,32,1
288.420516,11.552179,45.730596,0.390734,11.36830,0.00580,11.321,10.812,12.665,1.92,0.86,171.3,53.6,12.8,2.005,0.857,-0.631,0.862,16,1
288.434401,11.572998,45.755350,0.388345,10.92990,0.00390,10.833,9.894,13.098,2.86,0.46,17.3,79.6,4.6,2.385,0.467,1.642,0.457,16,1
288.205933,10.870734,45.029232,0.261208,12.46460,0.00930,12.407,12.033,13.559,3.36,1.60,18.7,81.1,13.7,2.958,1.589,2.257,1.621,16,1
288.421076,11.491688,45.677265,0.362178,10.62774,0.00176,10.660,9.912,12.314,2.49,0.46,16.1,78.4,5.2,2.141,0.436,1.346,0.510,32,1
288.337855,11.441610,45.595063,0.411199,11.15070,0.00340,10.993,10.208,12.721,2.21,0.79,175.6,58.0,10.3,2.322,0.796,-0.360,0.682,16,1
288.192421,11.718317,45.774209,0.665708,10.62300,0.00240,10.616,9.986,12.174,1.49,0.28,145.4,27.8,5.4,0.537,0.264,-1.418,0.281,16,1
288.437737,11.850432,46.002626,0.514198,11.96050,0.00800,11.946,10.718,14.507,5.16,0.90,171.6,53.9,5.0,5.015,0.896,-1.519,0.961,16,1
288.440169,11.160305,45.392412,0.191807,11.30720,0.00380,11.301,10.036,14.105,1.88,0.56,172.8,55.1,8.5,1.899,0.563,-0.489,0.502,16,1
288.428615,11.181974,45.406346,0.211904,12.20360,0.00800,12.237,11.010,14.918,5.55,1.39,152.8,35.1,7.2,3.327,1.451,-4.658,1.356,16,1
288.340442,11.375463,45.537636,0.378273,8.45360,0.00040,8.555,7.951,10.147,0.48,0.13,144.3,26.6,7.9,0.159,0.096,-0.473,0.136,16,1
288.199343,10.921553,45.071265,0.290494,12.44770,0.01100,12.508,12.263,13.394,4.54,1.84,38.6,101.0,11.6,1.079,1.553,4.782,1.854,16,1
288.442698,11.389748,45.596800,0.296098,11.85330,0.00560,11.831,11.342,13.131,2.49,1.05,118.4,0.8,12.0,-1.477,0.879,-2.263,1.109,16,1
288.211942,11.863309,45.911562,0.715953,8.90350,0.00060,8.972,8.520,10.002,0.44,0.10,129.0,11.4,6.6,-0.095,0.129,-0.445,0.101,16,1
288.448249,11.826450,45.986157,0.493955,10.74160,0.00220,10.787,10.057,12.534,2.25,0.47,11.9,74.2,6.0,2.103,0.486,0.926,0.389,16,1
288.737518,11.245960,45.603768,-0.026698,11.55830,0.00430,11.556,10.482,13.809,1.56,0.69,25.0,87.3,12.7,1.095,0.735,1.306,0.655,16,1
288.423266,11.088820,45.321394,0.173323,11.67940,0.00550,11.324,10.910,12.293,2.47,0.69,3.4,65.8,8.0,2.549,0.694,0.306,0.663,16,1
288.450088,11.757993,45.926352,0.460590,12.30060,0.00880,12.335,11.135,14.919,4.14,1.50,16.4,78.8,10.4,3.698,1.382,2.388,1.742,16,1
288.379606,11.404469,45.581142,0.357716,11.57520,0.00490,11.576,10.780,13.572,3.35,0.98,0.0,62.4,8.4,3.486,0.980,0.003,0.909,16,1
288.349139,10.928513,45.145626,0.163404,8.14680,0.00020,8.203,7.487,9.589,0.80,0.12,43.4,105.8,4.4,0.044,0.135,0.803,0.123,16,1
288.740978,11.078743,45.457308,-0.107461,11.66330,0.00430,11.651,11.108,13.069,1.91,0.87,21.4,83.7,13.0,1.544,0.888,1.426,0.849,16,1
288.383071,11.396988,45.576090,0.351236,12.09100,0.00750,11.998,11.267,13.776,4.21,1.45,179.1,61.4,9.9,4.453,1.453,-0.143,1.138,16,1
288.349478,11.644230,45.779860,0.495084,9.61418,0.00096,9.658,9.308,10.782,1.24,0.24,176.1,58.5,5.4,1.252,0.238,-0.172,0.242,32,1
288.349500,11.247101,45.428034,0.310867,11.12880,0.00300,11.156,10.784,12.226,1.43,0.50,131.2,13.5,10.1,-0.202,0.481,-1.506,0.504,16,1
288.349792,11.799810,45.917844,0.566969,11.64714,0.00477,11.680,11.090,13.301,1.34,0.67,165.5,47.9,12.8,1.305,0.684,-0.724,0.601,32,1
288.455215,10.813839,45.092382,0.017914,11.84288,0.00579,11.874,10.707,14.458,2.12,1.04,11.4,73.7,12.7,2.178,1.019,0.913,1.178,32,1
288.746014,11.315865,45.669529,-0.001568,10.85060,0.00260,10.868,10.042,12.951,1.34,0.33,18.4,80.7,7.1,1.104,0.329,0.826,0.341,16,1
288.384735,10.858428,45.099754,0.099925,9.00410,0.00090,9.077,7.805,11.466,1.06,0.20,65.7,128.0,5.5,-0.715,0.193,0.812,0.210,16,1
288.385608,11.059151,45.277964,0.192293,9.28430,0.00070,9.333,8.710,10.898,1.03,0.11,176.3,58.7,3.1,1.026,0.113,-0.133,0.116,16,1
288.386462,11.804067,45.938266,0.537143,11.42368,0.00314,11.446,10.875,12.918,1.91,0.50,26.9,89.2,7.2,1.170,0.513,1.595,0.487,32,1
288.350762,11.224274,45.408385,0.299182,12.41600,0.01000,12.547,11.579,14.441,4.23,1.45,174.8,57.2,9.8,4.400,1.451,-0.803,1.321,16,1
288.351859,11.065663,45.268367,0.224656,10.90100,0.00340,10.868,9.640,13.406,3.62,0.51,3.4,65.8,4.0,3.629,0.506,0.436,0.557,16,1
288.352451,11.131080,45.326591,0.254486,11.87870,0.00610,11.915,10.569,13.211,1.91,0.88,157.3,39.7,13.1,1.477,0.932,-1.496,0.816,16,1
288.202509,11.344817,45.447787,0.483886,10.72094,0.00194,10.759,10.482,11.629,2.02,0.43,171.8,54.2,6.0,1.978,0.430,-0.585,0.405,32,1
288.457681,11.938774,46.089939,0.537908,12.01891,0.00581,11.987,11.322,13.700,2.35,0.86,23.4,85.8,9.9,1.707,0.923,1.824,0.806,32,1
288.760284,11.325790,45.684823,-0.009339,9.98830,0.00120,10.045,9.621,11.041,0.83,0.25,5.9,68.2,8.6,0.850,0.251,0.177,0.217,16,1
288.387352,11.860536,45.988697,0.562567,12.41560,0.01090,12.440,12.141,12.895,3.03,1.49,36.2,98.6,14.1,1.021,1.801,3.222,1.460,16,1
288.388218,11.636873,45.790943,0.458057,11.47600,0.00630,11.437,11.182,12.419,2.09,0.92,5.4,67.7,12.6,2.246,0.915,0.425,1.029,16,1
288.388246,11.928256,46.049099,0.593207,11.08710,0.00280,11.025,10.253,12.737,2.00,0.56,11.4,73.7,8.0,1.917,0.576,0.803,0.469,16,1
288.388254,11.727551,45.871292,0.500093,10.58580,0.00200,10.526,9.512,12.860,1.37,0.64,27.0,89.3,13.5,0.892,0.657,1.225,0.638,16,1
288.210642,11.457314,45.551174,0.528952,8.83890,0.00040,8.940,8.533,10.070,0.61,0.17,140.7,23.1,7.8,0.124,0.175,-0.621,0.166,16,1
288.390950,11.442743,45.620207,0.365622,10.81360,0.00200,10.756,9.865,12.831,3.07,0.62,178.6,61.0,5.8,3.127,0.622,-0.152,0.542,16,1
288.355614,11.158337,45.352178,0.264380,11.16750,0.00330,11.176,10.796,12.296,1.34,0.45,146.8,29.2,9.6,0.568,0.425,-1.296,0.455,16,1
288.160568,11.196077,45.296913,0.451420,11.57728,0.00316,11.668,11.370,12.602,1.52,0.61,68.7,131.1,10.7,-1.209,0.651,1.111,0.562,48,1
288.464971,11.741651,45.918639,0.440099,10.96475,0.00212,11.023,10.622,12.119,1.43,0.40,8.4,70.8,7.7,1.416,0.395,0.430,0.428,32,1
288.763530,10.896326,45.306111,-0.211892,12.23629,0.00635,12.244,11.379,13.150,3.16,1.09,28.7,91.1,9.3,1.799,0.976,2.822,1.134,32,1
288.162085,11.033839,45.153823,0.374936,10.32580,0.00170,10.349,9.788,11.893,1.05,0.23,175.2,57.6,6.3,1.060,0.230,-0.178,0.279,16,1
288.162846,11.586192,45.643690,0.630168,11.26791,0.00316,11.308,10.695,12.919,1.95,0.76,145.7,28.1,10.4,0.764,0.701,-1.949,0.767,32,1
288.467702,11.255384,45.489165,0.212016,11.64396,0.00322,11.681,11.232,12.855,2.18,0.60,167.4,49.7,7.6,2.046,0.573,-0.966,0.707,32,1
288.397937,11.592667,45.756198,0.429115,10.38660,0.00210,10.327,9.682,11.933,1.73,0.44,2.7,65.1,7.2,1.775,0.438,0.169,0.369,16,1
288.356649,11.433453,45.596381,0.391096,9.55970,0.00080,9.608,9.059,11.006,2.34,0.14,152.9,35.2,1.8,1.369,0.150,-1.902,0.142,16,1
288.358446,10.811462,45.046169,0.101009,7.43380,0.00020,7.514,6.659,9.412,2.23,0.14,22.8,85.2,1.8,1.567,0.128,1.600,0.145,16,1
288.164406,11.794379,45.828914,0.725252,12.44437,0.00585,12.527,12.019,13.920,2.49,1.05,18.6,81.0,11.2,2.151,1.074,1.630,1.010,64,1
288.468518,11.742804,45.921272,0.437558,10.47694,0.00120,10.535,9.102,13.318,3.68,0.21,3.4,65.8,1.7,3.665,0.215,0.441,0.197,32,1
288.471996,11.284045,45.516506,0.221591,11.02746,0.00192,11.081,10.648,12.209,1.50,0.40,155.7,38.1,7.3,1.025,0.418,-1.162,0.380,32,1
288.400498,11.705282,45.857126,0.479141,12.34310,0.00860,12.241,11.700,13.608,3.29,1.32,2.6,65.0,11.5,3.534,1.322,0.322,1.204,16,1
288.166014,11.368777,45.452441,0.526696,11.39755,0.00312,11.273,10.691,12.683,2.35,0.96,165.9,48.4,10.8,2.241,0.985,-1.198,0.860,32,1
288.166791,10.888534,45.027193,0.303519,11.73480,0.00470,11.819,11.668,12.228,2.03,0.83,44.1,106.5,11.7,0.068,0.822,2.194,0.830,16,1
288.403048,11.505158,45.681000,0.384077,10.49220,0.00230,10.550,9.624,12.644,2.51,0.35,0.9,63.3,4.0,2.534,0.351,0.082,0.346,16,1
288.360431,10.886162,45.113250,0.133935,10.62220,0.00450,10.871,10.284,12.392,2.30,1.02,58.0,120.4,12.6,-1.107,1.148,2.260,0.982,16,1
288.169984,11.194243,45.299567,0.442384,10.47648,0.00132,10.614,10.237,11.523,0.80,0.27,59.9,122.3,9.2,-0.421,0.263,0.733,0.276,48,1
288.412095,11.713202,45.869411,0.472756,11.62270,0.00480,11.565,10.523,13.969,2.67,1.22,15.1,77.5,13.0,2.535,1.235,1.477,1.160,16,1
288.170782,11.323645,45.414609,0.501644,8.91590,0.00050,8.974,8.547,10.192,1.35,0.12,155.9,38.3,2.5,0.902,0.133,-1.010,0.104,16,1
288.171609,11.744341,45.787832,0.695823,10.71050,0.00260,10.744,10.381,11.775,0.98,0.46,136.5,18.9,13.5,0.055,0.468,-1.081,0.462,16,1
288.767386,11.061919,45.454466,-0.138229,12.39912,0.00707,12.521,11.911,13.762,2.72,1.05,58.0,120.3,10.3,-1.280,0.976,2.620,1.071,32,1
288.419428,11.787173,45.938271,0.500719,11.53645,0.00363,11.589,11.209,12.735,2.18,0.75,14.5,76.9,9.3,2.011,0.780,1.118,0.643,32,1
288.323723,11.161921,45.340841,0.293762,11.60420,0.00540,11.379,10.839,12.598,1.82,0.76,170.6,52.9,12.0,1.865,0.742,-0.637,0.895,16,1
288.720702,10.954121,45.337723,-0.147788,11.15030,0.00330,11.091,9.930,13.533,2.73,0.56,35.0,97.3,5.9,0.952,0.553,2.618,0.561,16,1
288.419703,11.498903,45.683032,0.366718,11.43778,0.00352,11.525,10.727,13.346,3.83,0.91,8.4,70.7,6.6,3.767,0.887,1.130,1.161,32,1
288.419933,11.128483,45.355010,0.194626,12.31380,0.00860,12.413,11.896,13.578,3.41,1.29,175.5,57.8,10.8,3.600,1.286,-0.571,1.334,16,1
288.419965,11.360557,45.560600,0.302293,10.79330,0.00240,10.845,10.223,12.548,4.13,0.42,166.7,49.1,2.9,3.714,0.415,-1.852,0.437,16,1
288.325390,11.316648,45.478683,0.364070,10.39100,0.00160,10.365,9.813,11.830,1.39,0.34,149.7,32.1,6.9,0.701,0.340,-1.243,0.333,16,1
288.176615,11.226836,45.331465,0.451721,12.14430,0.00770,12.189,11.153,14.528,2.07,0.99,55.7,118.1,13.7,-0.838,1.006,2.134,0.985,16,1
288.420877,11.498238,45.682977,0.365390,10.86550,0.00205,10.977,10.517,12.080,2.72,0.50,3.6,66.0,5.2,2.739,0.495,0.349,0.602,32,1
288.327868,11.297544,45.462884,0.353058,9.68480,0.00090,9.686,9.197,10.957,0.84,0.23,143.9,26.3,7.8,0.267,0.239,-0.827,0.227,16,1
288.328704,11.761993,45.874764,0.567721,6.90890,0.00020,6.539,6.047,7.633,4.08,1.22,16.9,79.3,8.6,3.536,1.290,2.376,1.056,16,1
288.328705,11.799971,45.908413,0.585331,10.09805,0.00109,10.130,9.449,11.841,0.70,0.24,177.1,59.4,9.4,0.734,0.242,-0.076,0.203,32,1
288.474135,10.819619,45.106128,0.004137,12.16420,0.00820,12.263,11.499,14.039,4.32,1.37,9.0,71.4,9.1,4.311,1.374,1.404,1.303,16,1
288.421898,11.448187,45.639104,0.341278,11.01070,0.00280,11.018,10.131,13.063,2.83,0.66,7.7,70.0,6.7,2.800,0.669,0.767,0.474,16,1
288.332104,10.846644,45.065337,0.140250,7.05310,0.00020,7.229,6.830,8.140,0.44,0.15,18.7,81.0,10.1,0.367,0.141,0.280,0.172,16,1
288.182409,11.571145,45.639234,0.606212,12.16930,0.01030,12.132,11.659,13.458,4.84,1.39,175.9,58.3,8.2,4.984,1.384,-0.716,1.724,16,1
288.433593,11.723316,45.888139,0.458803,10.93610,0.00260,10.600,10.119,11.871,1.44,0.63,9.7,72.0,12.4,1.486,0.627,0.520,0.631,16,1
288.730569,11.108892,45.479249,-0.084399,9.51900,0.00070,9.498,8.869,11.116,1.31,0.14,17.0,79.3,3.0,1.091,0.122,0.735,0.170,16,1
288.730602,11.697980,46.000797,0.189488,11.32900,0.00450,11.308,10.399,13.529,3.05,0.80,21.6,83.8,7.5,2.301,0.881,2.153,0.693,16,1
288.731493,10.876353,45.273799,-0.193328,11.97900,0.00470,11.934,11.077,13.841,4.03,0.83,26.5,88.8,5.9,2.478,0.839,3.280,0.821,16,1
288.335509,11.723651,45.843882,0.544037,9.30260,0.00070,9.340,8.530,11.120,2.59,0.73,21.9,84.3,8.1,1.941,0.760,1.868,0.696,16,1
288.184104,10.870004,45.018650,0.279866,11.89260,0.00520,11.832,10.619,14.368,4.30,0.94,17.4,79.8,6.3,3.613,0.944,2.517,0.945,16,1
288.184118,11.844103,45.881924,0.731187,8.12550,0.00030,8.088,7.084,9.866,0.51,0.11,40.1,102.5,6.4,0.089,0.142,0.518,0.113,16,1
288.184133,11.890103,45.922700,0.752484,7.26300,0.00020,7.288,6.502,9.040,1.26,0.26,13.3,75.7,6.0,1.147,0.260,0.575,0.280,16,1
288.436153,10.916647,45.174756,0.082214,12.23870,0.00720,12.271,11.774,13.493,4.20,1.39,20.4,82.8,9.5,3.343,1.415,2.896,1.349,16,1
288.043458,11.031874,45.098155,0.477220,11.22580,0.00240,11.285,10.648,12.975,1.82,0.59,4.6,67.1,9.3,1.885,0.591,0.309,0.593,16,1
288.438558,10.929214,45.186984,0.085954,9.83620,0.00090,9.848,9.209,11.512,0.87,0.19,4.5,66.8,6.3,0.879,0.191,0.138,0.157,16,1
288.439342,11.100269,45.338857,0.164662,8.49850,0.00030,8.550,7.953,10.114,0.95,0.12,133.3,15.7,3.5,-0.055,0.109,-0.952,0.117,16,1
288.044031,11.694051,45.685406,0.783256,8.83510,0.00050,8.881,8.331,10.354,0.43,0.14,108.9,171.3,9.2,-0.356,0.121,-0.276,0.162,16,1
288.441071,11.703532,45.874012,0.443136,10.32720,0.00160,10.374,9.915,11.465,2.13,0.25,8.7,71.0,3.3,2.045,0.240,0.641,0.300,16,1
288.741030,11.704870,46.011645,0.183651,9.78070,0.00110,9.800,9.120,11.419,1.23,0.22,5.8,68.1,5.1,1.220,0.215,0.249,0.269,16,1
288.442774,11.125042,45.362363,0.173177,9.30720,0.00060,9.365,8.965,10.515,1.44,0.13,164.0,46.3,2.7,1.227,0.136,-0.769,0.128,16,1
288.442800,11.521975,45.713973,0.357377,11.83600,0.00780,11.805,10.724,14.211,3.88,1.04,177.5,59.8,7.7,3.997,1.041,-0.357,1.076,16,1
288.743548,11.761943,46.063319,0.208008,10.17280,0.00140,10.197,10.141,10.464,0.45,0.21,70.2,132.5,13.5,-0.380,0.213,0.314,0.205,16,1
288.200258,10.873955,45.029503,0.267639,11.40750,0.00330,11.311,10.580,13.183,1.10,0.53,77.0,139.4,13.9,-1.099,0.536,0.534,0.519,16,1
288.445572,11.083380,45.326735,0.151409,12.24040,0.00730,12.250,11.265,14.448,4.07,1.23,19.4,81.7,8.7,3.319,1.267,2.661,1.171,16,1
288.445581,11.378941,45.588539,0.288579,12.05210,0.00640,12.071,10.839,14.745,3.99,1.91,12.8,75.1,13.7,3.987,1.793,1.910,2.343,16,1
288.448326,10.991572,45.246669,0.106402,10.89160,0.00720,10.937,10.160,12.647,2.54,0.99,21.9,84.3,11.1,1.967,0.894,1.887,1.082,16,1
288.753167,10.884481,45.290892,-0.208391,9.52660,0.00060,9.690,7.842,12.966,4.37,0.26,31.9,94.2,1.7,1.932,0.261,3.923,0.259,16,1
288.377982,10.805502,45.049792,0.081245,9.75390,0.00180,9.779,9.670,10.667,1.68,0.63,162.8,45.1,10.7,1.481,0.618,-1.016,0.647,16,1
288.378867,11.662163,45.809099,0.477903,9.12440,0.00070,9.227,8.848,10.310,1.23,0.23,172.6,55.0,5.2,1.213,0.223,-0.320,0.259,16,1
288.764767,11.296692,45.661108,-0.026764,9.49472,0.00065,9.572,8.711,11.502,1.59,0.21,27.6,89.9,3.7,0.915,0.213,1.320,0.202,32,1
288.380599,11.410856,45.587252,0.359816,11.32420,0.00350,11.292,10.843,12.572,1.62,0.78,146.8,29.1,13.8,0.719,0.708,-1.652,0.795,16,1
288.381464,11.287636,45.478486,0.301900,9.09870,0.00050,9.113,8.619,10.360,1.39,0.20,158.9,41.3,4.2,1.038,0.181,-0.939,0.223,16,1
288.201289,10.956319,45.102959,0.304912,11.00160,0.00310,10.908,10.056,12.877,1.89,0.48,21.7,84.1,7.3,1.413,0.520,1.340,0.430,16,1
288.201620,11.265084,45.376725,0.447711,9.87940,0.00110,9.881,9.130,11.845,1.42,0.21,13.8,76.2,4.4,1.270,0.209,0.663,0.238,16,1
288.201856,11.534605,45.615679,0.572398,12.01790,0.00910,12.019,11.234,13.896,4.93,1.33,35.5,97.9,7.7,1.661,1.509,4.833,1.304,16,1
288.453516,11.499004,45.698499,0.337415,11.60350,0.00441,11.670,10.656,13.810,2.90,0.86,177.5,59.9,8.2,3.018,0.862,-0.260,0.803,32,1
288.453527,11.576668,45.767297,0.373451,12.39520,0.01320,12.405,11.277,14.987,5.00,1.74,34.9,97.3,10.0,1.822,1.912,4.967,1.712,16,1
288.454393,10.965686,45.226505,0.089112,10.22536,0.00098,10.249,9.209,12.553,2.16,0.17,26.5,88.8,2.2,1.305,0.189,1.726,0.154,32,1
288.766544,11.074467,45.465190,-0.131661,10.26454,0.00101,10.260,9.505,12.235,2.13,0.26,10.6,72.9,3.5,2.002,0.265,0.778,0.213,32,1
288.384816,11.322608,45.510992,0.315213,8.69880,0.00040,8.718,7.634,10.950,4.03,0.18,164.7,47.0,1.3,3.474,0.186,-2.057,0.153,16,1
288.049790,11.368240,45.399194,0.627436,11.14580,0.00420,11.169,10.671,12.511,1.48,0.57,50.2,112.7,11.0,-0.289,0.489,1.563,0.573,16,1
288.455257,10.959585,45.221495,0.085529,10.82183,0.00166,10.823,10.324,12.213,0.68,0.28,162.8,45.2,10.8,0.607,0.276,-0.414,0.277,32,1
288.456027,10.835675,45.112093,0.027344,10.37570,0.00150,10.474,9.752,12.153,1.27,0.32,14.7,77.1,6.9,1.144,0.312,0.645,0.336,32,1
288.457734,11.935299,46.086885,0.536250,11.84669,0.00533,11.822,10.942,14.001,2.70,0.89,29.7,92.1,9.0,1.448,0.780,2.449,0.927,32,1
288.767448,11.102046,45.490018,-0.119620,11.11423,0.00192,11.128,10.414,13.000,0.89,0.34,43.3,105.6,10.2,0.057,0.367,0.951,0.338,32,1
288.389159,11.539851,45.705420,0.412229,8.44000,0.00040,8.480,7.802,10.094,1.02,0.16,10.4,72.8,4.5,0.968,0.158,0.369,0.185,16,1
288.389193,11.107027,45.322008,0.211390,11.53850,0.00400,11.494,10.786,13.378,1.46,0.66,156.3,38.6,13.1,1.082,0.632,-1.179,0.690,16,1
288.390105,11.228241,45.429802,0.266836,9.66740,0.00090,9.691,9.168,10.996,1.34,0.25,161.3,43.7,5.4,1.088,0.243,-0.830,0.270,16,1
288.390125,11.412867,45.593365,0.352477,11.71720,0.00500,11.690,10.981,13.479,2.95,1.22,155.3,37.7,11.8,2.081,1.152,-2.424,1.260,16,1
288.391032,11.372092,45.557656,0.332772,9.98320,0.00120,10.160,8.961,12.582,3.83,0.23,171.8,54.1,1.7,3.677,0.225,-1.087,0.261,16,1
288.203303,11.123507,45.252029,0.380639,9.74540,0.00110,9.680,8.848,11.713,2.79,0.66,13.1,75.5,6.8,2.573,0.660,1.266,0.650,16,1
288.203381,11.669057,45.735526,0.633374,11.21070,0.00410,11.208,10.439,13.266,2.25,0.47,19.3,81.7,6.0,1.799,0.471,1.439,0.473,16,1
288.461235,11.029996,45.286585,0.113014,9.62435,0.00049,9.692,9.559,10.385,0.46,0.11,112.5,174.9,6.7,-0.336,0.109,-0.337,0.113,32,1
288.393690,11.125013,45.339988,0.215826,11.23700,0.00310,11.206,10.595,12.907,2.09,0.56,156.7,39.1,7.6,1.490,0.564,-1.574,0.553,16,1
288.393702,11.707491,45.855996,0.486061,10.05860,0.00130,10.049,9.621,11.261,0.98,0.17,178.0,60.4,5.1,0.994,0.174,-0.068,0.187,16,1
288.394584,11.691805,45.842500,0.478019,12.29970,0.00930,12.242,11.305,14.415,2.36,1.12,18.8,81.2,13.6,2.069,1.094,1.593,1.156,16,1
288.769285,10.931878,45.340212,-0.200360,11.50163,0.00309,11.537,10.572,13.282,3.59,0.64,34.9,97.2,5.0,1.260,0.550,3.423,0.646,32,1
288.006650,11.483844,45.482103,0.718427,9.27864,0.00057,9.395,9.076,10.384,0.59,0.15,150.1,32.5,7.2,0.303,0.135,-0.523,0.158,32,1
288.769285,11.322089,45.685651,-0.018874,11.13293,0.00329,11.215,10.790,12.452,1.20,0.59,172.8,55.2,12.6,1.295,0.595,-0.330,0.497,32,1
288.009832,11.772734,45.739664,0.849353,7.89615,0.00014,8.004,7.445,9.377,0.68,0.14,137.5,20.0,5.6,0.061,0.111,-0.695,0.137,32,1
288.159817,11.646618,45.695871,0.660788,11.29140,0.00413,11.226,10.774,12.358,3.34,1.54,111.0,173.4,12.0,-2.733,1.639,-2.468,1.416,48,1
288.159818,11.022795,45.143004,0.371791,10.32757,0.00120,10.403,9.911,11.704,0.74,0.22,162.7,45.1,8.3,0.637,0.211,-0.440,0.247,32,1
288.010623,11.766890,45.734841,0.845962,11.53943,0.00350,11.547,11.194,12.740,1.46,0.50,147.3,29.8,9.2,0.643,0.475,-1.402,0.500,32,1
288.010652,11.618192,45.603023,0.777125,9.66770,0.00085,9.783,9.314,11.031,0.55,0.16,79.9,142.4,7.8,-0.539,0.157,0.198,0.156,32,1
288.162126,11.914596,45.934433,0.782914,11.70872,0.00408,11.706,11.204,13.150,1.38,0.56,18.2,80.7,10.7,1.196,0.549,0.883,0.568,32,1
288.404772,11.546066,45.718023,0.401562,10.63150,0.00230,10.679,9.775,12.762,2.65,0.56,175.9,58.2,6.1,2.681,0.563,-0.389,0.511,16,1
288.405608,11.579347,45.747885,0.416278,11.86400,0.00960,11.698,11.048,13.413,2.53,1.20,21.4,83.7,13.6,2.053,1.212,1.899,1.180,16,1
288.406483,11.717701,45.870847,0.479712,11.25430,0.00310,11.216,10.235,13.471,1.75,0.44,16.3,78.7,7.3,1.519,0.449,0.971,0.432,16,1
288.406486,11.137860,45.357194,0.210665,12.15460,0.00730,12.172,11.265,14.298,2.25,1.01,172.0,54.3,12.9,2.369,1.004,-0.681,1.112,16,1
288.486194,10.972884,45.247373,0.064801,11.85080,0.00500,11.667,11.384,13.012,2.46,1.03,163.1,45.4,12.0,2.216,1.112,-1.484,0.829,16,1
288.486200,11.862061,46.034941,0.477584,7.49870,0.00020,7.517,7.005,8.806,3.10,0.84,178.1,60.5,7.7,3.204,0.837,-0.211,0.843,16,1
288.473502,11.139444,45.389115,0.153157,10.92460,0.00280,10.965,10.507,12.135,1.57,0.39,165.7,48.0,7.2,1.417,0.393,-0.774,0.392,16,1
288.473712,11.189869,45.433873,0.176383,9.38175,0.00062,9.485,8.981,10.797,0.61,0.15,135.1,17.5,6.8,0.003,0.178,-0.633,0.151,32,1
288.722603,11.725687,46.021685,0.209305,12.14060,0.00860,12.130,11.832,12.630,2.60,1.17,14.5,76.8,12.9,2.496,1.172,1.381,1.165,16,1
288.016941,11.281863,45.307713,0.616003,8.72590,0.00040,8.810,8.109,10.332,0.89,0.16,87.6,150.0,5.3,-0.906,0.164,0.077,0.184,16,1
288.725371,10.967840,45.352000,-0.145467,11.01480,0.00260,11.022,10.490,12.328,1.37,0.52,25.7,88.0,10.8,0.916,0.556,1.146,0.491,16,1
288.420673,11.711820,45.872085,0.464675,10.33620,0.00200,10.347,9.811,11.745,1.60,0.29,179.8,62.2,5.2,1.630,0.292,-0.010,0.362,16,1
288.421955,11.672435,45.837778,0.445287,10.75120,0.00260,10.792,10.256,12.219,1.24,0.32,175.4,57.8,7.5,1.268,0.324,-0.205,0.304,16,1
288.170884,10.887367,45.028021,0.299416,9.53490,0.00060,9.534,8.889,11.232,1.15,0.14,14.9,77.3,3.5,1.002,0.140,0.573,0.142,16,1
288.475072,11.851817,46.020812,0.482475,11.25251,0.00271,11.346,11.152,11.867,0.93,0.46,130.3,12.7,12.7,-0.168,0.452,-1.023,0.458,32,1
288.024208,11.000428,45.061533,0.479412,11.78780,0.00560,11.690,10.778,13.594,3.50,1.12,6.3,68.7,9.2,3.591,1.118,0.796,1.157,16,1
288.173312,11.579895,45.642860,0.618164,9.46920,0.00090,9.508,8.988,10.899,0.57,0.17,144.5,26.9,8.4,0.192,0.169,-0.558,0.165,16,1
288.475555,11.015865,45.280593,0.094005,10.53190,0.00150,10.539,10.127,11.715,2.06,0.24,151.2,33.5,3.4,1.110,0.261,-1.747,0.238,16,1
288.475747,11.877006,46.043430,0.493582,9.26099,0.00053,9.345,8.662,10.892,1.63,0.12,7.4,69.8,2.1,1.577,0.122,0.416,0.107,32,1
288.475810,11.593104,45.791988,0.361745,11.39900,0.00530,11.394,10.901,12.520,1.64,0.68,157.3,39.6,11.8,1.248,0.660,-1.266,0.696,16,1
288.475821,11.396112,45.617509,0.270291,9.93410,0.00110,9.943,9.275,11.621,1.88,0.26,149.4,31.7,3.9,0.915,0.250,-1.666,0.256,16,1
288.033942,11.771575,45.749561,0.827893,8.48130,0.00030,8.541,8.040,9.870,0.52,0.13,146.1,28.5,7.2,0.203,0.117,-0.497,0.132,16,1
288.425280,11.921971,46.060343,0.558192,10.02480,0.00120,10.063,9.974,10.571,0.33,0.14,49.4,111.7,12.4,-0.055,0.143,0.360,0.145,16,1
288.045208,11.293210,45.330604,0.596684,10.09800,0.00140,10.079,9.652,11.298,0.54,0.22,89.5,152.0,11.6,-0.582,0.218,0.009,0.218,16,1
288.433660,11.745201,45.907556,0.468901,9.57220,0.00070,9.392,8.428,11.411,1.94,0.18,15.9,78.2,2.7,1.658,0.177,1.027,0.191,16,1
288.798503,11.826194,46.145218,0.190269,11.39940,0.00470,11.408,10.156,13.994,2.56,0.86,127.7,9.9,9.7,-0.684,0.769,-2.612,0.872,16,1
288.047464,11.368279,45.398173,0.629475,11.34650,0.00460,11.030,10.410,12.398,2.03,0.67,39.5,102.0,9.4,0.405,0.839,2.101,0.660,16,1
288.047495,11.123795,45.181469,0.516265,10.12100,0.00130,10.089,9.468,11.708,0.97,0.29,15.0,77.4,8.6,0.877,0.272,0.506,0.342,16,1
288.182500,11.908600,45.938354,0.762469,9.00830,0.00050,9.037,8.662,10.198,0.31,0.12,179.6,62.0,11.1,0.331,0.119,-0.005,0.183,16,1
288.439399,11.835632,45.990270,0.505889,11.97640,0.00780,11.963,11.606,13.018,2.13,0.95,170.0,52.4,12.8,2.194,0.941,-0.795,1.030,16,1
288.800804,11.113729,45.515585,-0.143160,11.86480,0.00540,11.709,10.889,13.723,2.02,0.90,179.3,61.6,12.7,2.207,0.897,-0.052,1.021,16,1
288.800825,10.975785,45.393484,-0.207349,10.71450,0.00220,10.694,9.722,12.537,3.04,0.38,24.0,86.2,3.6,2.053,0.405,2.274,0.366,16,1
288.800826,11.875623,46.190031,0.211250,10.37090,0.00190,10.374,9.388,12.553,0.88,0.36,21.3,83.6,11.8,0.702,0.368,0.646,0.357,16,1
288.426848,11.683536,45.849835,0.446194,12.05340,0.00880,12.063,11.379,13.844,3.35,1.55,12.6,75.0,13.2,3.336,1.578,1.576,1.405,16,1
288.426972,11.454704,45.647185,0.339897,9.91180,0.00100,9.983,9.448,11.387,1.78,0.27,157.2,39.6,4.3,1.261,0.269,-1.285,0.263,16,1
288.427621,11.388265,45.588627,0.308502,11.24150,0.00340,11.249,10.643,12.759,2.39,0.77,176.5,58.8,9.2,2.496,0.771,-0.307,0.817,16,1
288.427767,11.474157,45.664778,0.348234,10.53470,0.00180,10.553,9.418,13.106,2.22,0.44,13.2,75.5,5.7,2.030,0.399,1.005,0.576,16,1
288.186719,11.139242,45.258432,0.402350,10.73910,0.00320,10.753,9.865,12.719,2.89,0.69,177.8,60.2,6.9,2.959,0.692,-0.230,0.649,16,1
288.193194,11.218609,45.331710,0.433498,12.36750,0.01000,12.438,11.742,14.213,3.35,1.39,42.2,104.6,11.9,0.354,1.657,3.610,1.388,16,1
288.193206,11.136656,45.259090,0.395512,11.30430,0.00390,11.265,10.468,13.329,2.53,1.21,12.7,75.1,13.6,2.533,1.215,1.198,1.161,16,1
288.377186,11.349493,45.531338,0.334313,10.47010,0.00200,10.505,9.393,12.810,4.10,0.31,6.7,69.1,2.2,3.996,0.311,0.958,0.345,16,1
288.378028,11.263159,45.455239,0.293529,9.97760,0.00110,9.999,9.491,11.333,1.70,0.46,152.4,34.7,7.7,1.006,0.422,-1.449,0.476,16,1
288.378062,11.585403,45.740730,0.442993,10.81550,0.00310,10.822,9.890,12.936,2.23,0.42,15.2,77.5,5.4,1.959,0.406,1.148,0.467,16,1
288.378901,11.100892,45.311887,0.217490,11.53280,0.00460,11.479,10.398,13.913,3.81,0.83,160.5,42.9,6.2,3.031,0.797,-2.451,0.871,16,1
288.446542,11.510668,45.705659,0.348881,11.04840,0.00360,11.119,10.558,12.595,1.75,0.68,177.9,60.2,11.2,1.873,0.682,-0.141,0.702,16,1
288.379706,11.497319,45.663443,0.400703,12.29834,0.00795,12.342,11.819,13.622,3.62,1.55,15.5,77.9,11.3,3.372,1.530,2.032,1.616,32,1
288.381516,11.653974,45.803048,0.471806,8.66900,0.00050,8.701,7.856,10.689,0.94,0.20,2.4,64.8,6.1,0.955,0.199,0.081,0.265,16,1
288.382318,11.292300,45.483006,0.303322,10.75180,0.00220,10.731,10.359,11.754,1.31,0.30,159.9,42.3,6.5,1.029,0.288,-0.866,0.309,16,1
288.450184,11.960044,46.105377,0.554276,10.52590,0.00200,10.520,9.992,12.009,1.57,0.35,1.4,63.8,6.4,1.607,0.351,0.080,0.343,16,1
288.808712,11.142091,45.544300,-0.136835,10.61160,0.00180,10.589,9.575,12.584,3.15,0.25,34.2,96.5,2.3,1.162,0.242,2.941,0.252,16,1
288.810547,11.281551,45.668587,-0.073548,11.70360,0.00920,11.710,10.890,13.710,3.73,1.81,27.0,89.3,13.9,2.436,1.914,3.356,1.749,16,1
288.383191,11.095342,45.308924,0.211186,8.47950,0.00030,8.731,7.396,11.170,2.45,0.09,167.1,49.5,1.1,2.208,0.091,-1.064,0.085,16,1
288.386567,11.653278,45.804727,0.467100,7.85080,0.00020,7.909,7.372,9.280,0.86,0.39,163.9,46.2,12.9,0.798,0.354,-0.504,0.462,16,1
288.387468,11.771681,45.910031,0.521247,11.00300,0.00290,10.938,9.944,13.291,1.61,0.50,25.0,87.3,8.9,1.084,0.496,1.290,0.505,16,1
288.455293,11.773319,45.942293,0.463190,11.43140,0.00490,11.380,10.587,13.141,3.17,0.62,22.6,84.9,5.6,2.279,0.566,2.296,0.668,16,1
288.772908,11.120779,45.509093,-0.115650,12.26769,0.00657,12.251,10.730,15.562,4.91,0.94,1.9,64.2,5.4,4.992,0.944,0.334,1.014,32,1
288.390192,11.375528,45.560318,0.335096,12.03370,0.00810,12.109,11.549,13.454,3.40,1.23,175.6,58.0,10.4,3.576,1.227,-0.548,1.484,16,1
288.390201,10.871259,45.113611,0.101123,9.50150,0.00140,9.522,8.777,11.360,1.80,0.48,159.0,41.4,7.7,1.384,0.481,-1.244,0.482,16,1
288.202620,11.456247,45.546585,0.535425,9.34070,0.00060,9.439,8.882,10.827,0.72,0.30,145.6,28.0,11.8,0.283,0.304,-0.731,0.298,16,1
288.456948,11.251716,45.481021,0.219656,10.98630,0.00250,11.014,10.525,12.269,2.28,0.34,161.6,44.0,4.3,1.851,0.333,-1.381,0.362,16,1
288.458665,11.966515,46.114960,0.549930,8.66580,0.00040,8.752,8.067,10.405,0.69,0.15,3.6,65.9,6.3,0.702,0.153,0.088,0.146,16,1
288.460351,11.038243,45.293487,0.117610,11.08244,0.00198,11.103,9.839,13.942,2.41,0.35,22.8,85.1,4.1,1.707,0.352,1.738,0.338,32,1
288.394655,11.902898,46.029543,0.575888,10.66410,0.00230,10.622,9.800,12.825,2.33,0.31,13.8,76.1,3.8,2.081,0.312,1.085,0.294,16,1
288.395549,11.720762,45.868592,0.490616,11.79240,0.00570,11.694,10.704,13.970,2.87,0.68,19.8,82.2,6.7,2.271,0.672,1.880,0.680,16,1
288.006701,11.407876,45.414778,0.683225,11.92857,0.00480,12.017,11.613,13.092,1.76,0.79,82.3,144.8,11.8,-1.862,0.786,0.509,0.887,32,1
288.204555,10.984586,45.129493,0.315171,7.81490,0.00020,7.873,7.356,9.055,0.87,0.43,48.1,110.5,14.0,-0.106,0.599,0.965,0.424,16,1
288.204735,11.850951,45.897342,0.716478,11.76180,0.00600,11.759,10.904,13.626,2.26,0.80,37.0,99.4,10.1,0.662,0.884,2.306,0.787,16,1
288.009887,11.495370,45.493789,0.720949,10.95710,0.00219,11.006,10.231,12.960,1.12,0.44,20.5,83.0,10.5,0.911,0.462,0.793,0.415,64,1
288.205168,11.765204,45.821545,0.676373,11.31220,0.00390,11.342,11.062,12.300,1.12,0.45,12.7,75.1,11.6,1.087,0.448,0.518,0.467,16,1
288.205209,11.021697,45.162677,0.331800,9.45890,0.00080,9.428,8.902,10.912,1.04,0.28,17.4,79.8,7.8,0.887,0.316,0.618,0.209,16,1
288.398931,11.520564,45.692776,0.394799,10.22270,0.00190,10.258,8.966,12.815,2.44,0.28,26.2,88.5,3.3,1.499,0.272,1.944,0.282,16,1
288.206293,10.873144,45.031531,0.262012,10.86360,0.00180,10.878,10.525,11.798,0.83,0.37,77.9,140.3,12.7,-0.833,0.373,0.374,0.358,16,1
288.403154,11.245957,45.451434,0.263718,11.16390,0.00300,11.122,10.175,13.440,5.88,0.43,161.1,43.5,2.1,4.661,0.443,-3.609,0.417,16,1
288.404011,11.565448,45.734847,0.411215,9.75730,0.00120,9.997,8.425,12.943,5.39,0.23,13.2,75.6,1.2,4.825,0.220,2.404,0.252,16,1
288.404019,11.766112,45.912615,0.504310,9.19850,0.00070,9.212,8.461,10.715,1.76,0.21,15.8,78.2,3.4,1.511,0.188,0.931,0.261,16,1
288.404034,11.081901,45.306507,0.186830,11.04960,0.00300,11.101,10.494,12.528,1.50,0.44,156.4,38.8,8.4,1.065,0.421,-1.149,0.455,16,1
288.473795,11.159087,45.406646,0.162021,11.89140,0.00660,11.932,11.339,13.409,2.62,1.29,19.5,81.8,14.1,2.275,1.240,1.838,1.374,16,1
288.798106,11.276156,45.658136,-0.065258,9.09850,0.00070,9.032,7.916,11.380,1.97,0.17,45.4,107.7,2.4,-0.027,0.168,1.974,0.167,16,1
288.404841,10.849908,45.101369,0.078479,10.72640,0.00400,10.730,9.606,13.255,2.58,0.72,4.8,67.2,7.9,2.644,0.712,0.451,0.849,16,1
288.123707,11.559207,45.602012,0.651651,8.98120,0.00040,9.029,8.594,10.247,0.47,0.23,129.9,12.4,14.2,-0.093,0.243,-0.522,0.235,16,1
288.160655,11.579480,45.636747,0.628960,11.59738,0.00453,11.631,10.859,13.503,2.54,0.59,37.9,100.3,6.4,0.643,0.584,2.527,0.586,32,1
288.421983,11.838499,45.984900,0.522319,11.69730,0.00490,11.634,10.903,13.421,2.96,0.83,18.5,80.9,8.0,2.453,0.785,1.851,0.892,16,1
288.421993,11.222230,45.438990,0.236340,12.25360,0.00770,12.281,11.039,14.995,7.09,1.41,168.5,50.8,5.7,6.649,1.405,-2.827,1.429,16,1
288.127834,11.807745,45.824180,0.763170,12.21517,0.00672,12.288,11.881,13.333,3.28,1.51,33.1,95.5,12.0,1.461,1.592,3.307,1.493,32,1
288.162948,10.917774,45.051357,0.320411,11.88920,0.00660,11.974,11.930,12.246,2.60,0.84,66.1,128.5,9.3,-1.835,0.842,2.018,0.838,16,1
288.475160,11.859468,46.027629,0.485950,11.51987,0.00339,11.569,11.144,12.673,2.16,0.56,161.3,43.7,7.2,1.770,0.538,-1.354,0.597,32,1
288.475351,10.984389,45.252622,0.079570,10.75390,0.00220,10.714,9.668,13.174,2.85,0.34,18.3,80.7,3.4,2.303,0.334,1.712,0.344,16,1
288.799932,11.171126,45.565995,-0.115702,10.17840,0.00120,10.105,8.889,12.708,0.69,0.20,45.3,107.6,8.2,-0.008,0.204,0.722,0.200,16,1
288.475362,11.963079,46.119498,0.533867,12.45386,0.00840,12.569,12.094,13.919,4.05,1.71,165.3,47.6,11.1,3.829,1.697,-2.166,1.754,32,1
288.078081,11.374183,45.417304,0.605603,9.60760,0.00090,9.598,9.106,11.094,0.44,0.18,69.4,131.8,11.6,-0.353,0.174,0.310,0.179,16,1
288.802671,11.293954,45.675973,-0.060941,9.17570,0.00070,9.236,8.690,10.621,1.42,0.12,35.7,98.0,2.3,0.451,0.121,1.347,0.115,16,1
288.134945,11.112296,45.211016,0.434887,9.55580,0.00080,9.614,9.047,11.089,0.53,0.20,25.1,87.5,10.7,0.359,0.203,0.430,0.192,16,1
288.167719,11.625888,45.681084,0.644326,9.83090,0.00130,9.846,9.202,11.480,0.74,0.28,145.8,28.2,10.8,0.290,0.359,-0.734,0.263,16,1
288.805937,10.941774,45.365712,-0.227613,10.40840,0.00160,10.415,9.675,12.174,1.21,0.25,57.0,119.3,5.9,-0.502,0.225,1.126,0.255,16,1
288.428057,11.940159,46.077716,0.564225,9.61409,0.00060,9.686,9.277,10.818,1.54,0.13,8.9,71.2,2.5,1.473,0.131,0.471,0.160,32,1
288.428412,11.275985,45.489529,0.255709,8.56990,0.00030,8.599,8.020,10.101,2.52,0.16,159.6,41.9,1.8,1.913,0.172,-1.655,0.133,16,1
288.135876,11.218688,45.305731,0.483360,9.34430,0.00070,9.452,8.649,11.152,0.65,0.24,41.2,103.6,10.7,0.093,0.249,0.689,0.243,16,1
288.171734,11.616721,45.674781,0.636594,8.49860,0.00040,8.633,7.827,10.326,0.84,0.18,153.2,35.6,6.1,0.511,0.150,-0.695,0.194,16,1
288.173351,10.879901,45.022528,0.293810,10.74360,0.00190,10.763,10.348,11.961,0.63,0.24,49.6,112.0,11.1,-0.109,0.243,0.666,0.244,16,1
288.429801,11.468620,45.660799,0.343899,9.99410,0.00100,10.083,8.712,12.908,2.62,0.35,4.6,66.9,3.8,2.613,0.346,0.419,0.327,16,1
288.138597,11.844055,45.861243,0.770649,9.83110,0.00090,9.917,9.135,11.735,0.62,0.30,179.8,62.2,13.9,0.688,0.301,-0.005,0.305,16,1
288.138617,11.586590,45.633048,0.651387,10.63230,0.00170,10.634,10.338,11.650,2.50,0.86,124.1,6.5,9.8,-0.982,0.871,-2.454,0.855,16,1
288.772062,11.034845,45.432633,-0.154883,8.93220,0.00050,8.990,7.880,11.474,2.77,0.17,62.3,124.6,1.7,-1.572,0.183,2.283,0.160,16,1
288.778305,10.938538,45.350227,-0.205102,10.91960,0.00240,11.006,10.600,11.992,1.39,0.41,22.6,84.9,8.5,1.017,0.434,1.025,0.385,16,1
288.377255,11.153200,45.357476,0.243188,11.08430,0.00310,11.016,10.014,13.252,2.83,0.48,161.2,43.5,4.9,2.275,0.507,-1.758,0.436,16,1
288.781809,11.034569,45.436839,-0.163481,7.57370,0.00020,7.665,7.199,8.928,0.52,0.12,176.2,58.4,6.4,0.527,0.115,-0.071,0.112,16,1
288.379792,11.421987,45.596746,0.365681,10.54030,0.00180,10.558,10.149,11.608,2.50,0.55,153.5,35.8,6.3,1.540,0.624,-2.047,0.498,16,1
288.143008,11.891794,45.905557,0.788932,11.73320,0.00540,11.772,11.381,12.782,2.03,0.80,19.3,81.7,11.3,1.705,0.795,1.362,0.814,16,1
288.143193,11.097082,45.201281,0.420666,10.89010,0.00330,10.949,10.158,12.711,1.73,0.49,9.9,72.3,8.2,1.690,0.473,0.606,0.617,16,1
288.185135,11.192542,45.304946,0.428425,9.93911,0.00102,10.040,8.929,12.349,2.58,0.18,21.8,84.2,2.0,1.873,0.184,1.780,0.170,32,1
288.105476,11.814426,45.819967,0.785661,9.63600,0.00080,9.724,9.063,11.310,0.84,0.27,14.9,77.4,9.1,0.769,0.268,0.442,0.272,16,1
288.785377,11.753385,46.074788,0.167775,10.82998,0.00204,10.791,9.881,12.985,1.17,0.34,27.9,90.2,7.9,0.687,0.332,1.008,0.341,32,1
288.384055,11.371181,45.553676,0.338409,11.57850,0.00550,11.590,11.140,12.856,2.01,0.90,152.2,34.6,12.8,1.244,0.980,-1.814,0.857,16,1
288.105482,11.598441,45.628519,0.685644,9.69260,0.00080,9.720,9.362,10.773,0.72,0.26,143.2,25.6,10.2,0.215,0.251,-0.734,0.256,16,1
288.145571,10.903869,45.031129,0.329090,11.62198,0.00332,11.622,10.592,14.016,4.21,0.97,69.4,131.9,6.4,-3.253,0.892,2.839,1.060,32,1
288.796513,10.982917,45.397828,-0.200284,10.67990,0.00200,10.686,9.418,13.422,2.61,0.38,35.2,97.5,4.2,0.881,0.380,2.488,0.385,16,1
288.387549,11.297122,45.489658,0.301015,9.19020,0.00070,9.203,8.595,10.631,1.76,0.23,151.6,33.9,3.7,0.973,0.179,-1.491,0.247,16,1
288.388419,11.959808,46.077131,0.607694,12.03340,0.00830,12.137,10.981,14.482,4.02,1.67,21.5,83.9,11.9,3.185,1.728,2.971,1.603,16,1
288.389270,11.826915,45.959782,0.545308,10.05560,0.00120,10.051,9.259,11.974,1.77,0.21,21.4,83.7,3.3,1.311,0.189,1.211,0.224,16,1
288.204392,11.942662,45.978467,0.759267,11.87851,0.00618,11.716,11.470,12.607,2.18,0.82,0.9,63.3,10.1,2.324,0.816,0.074,0.871,32,1
288.204405,11.022430,45.162960,0.332839,10.07820,0.00120,10.102,9.181,11.946,1.92,0.92,20.2,82.5,13.7,1.622,0.865,1.376,0.985,16,1
288.204580,10.930782,45.081827,0.290214,8.18260,0.00030,8.254,7.896,9.353,0.61,0.19,55.0,117.4,9.0,-0.221,0.189,0.605,0.193,16,1
288.105970,11.203533,45.278712,0.502339,11.78738,0.00499,11.824,11.131,13.576,2.28,0.72,172.4,54.8,8.6,2.307,0.715,-0.624,0.777,32,1
288.797404,11.249641,45.634344,-0.076983,11.59310,0.00650,11.707,10.747,13.853,2.82,1.26,34.5,96.8,12.8,1.106,1.297,2.884,1.256,16,1
288.392900,10.936713,45.172823,0.129144,10.91990,0.00230,10.724,9.506,13.279,3.60,0.49,146.1,28.4,3.9,1.368,0.460,-3.365,0.496,16,1
288.392935,11.670932,45.823260,0.469766,11.43360,0.00510,11.444,10.864,12.971,2.41,0.59,2.4,64.8,7.0,2.471,0.590,0.209,0.703,16,1
288.393786,11.104542,45.321898,0.206244,10.60590,0.00180,10.569,9.403,13.484,2.98,0.41,166.0,48.3,3.9,2.658,0.416,-1.414,0.370,16,1
288.204601,10.899078,45.053742,0.275503,10.31385,0.00105,10.330,9.427,12.480,3.38,0.26,33.1,95.5,2.2,1.365,0.230,3.098,0.262,32,1
288.054773,11.147339,45.205645,0.520835,12.47120,0.01100,12.495,11.996,13.736,3.89,1.57,35.3,97.7,11.6,1.394,1.720,3.960,1.552,16,1
288.393813,11.481402,45.655756,0.381072,9.95170,0.00130,9.958,8.778,12.637,3.00,0.32,31.3,93.6,3.0,1.392,0.326,2.680,0.317,16,1
288.393813,11.198187,45.404866,0.249670,11.74463,0.00494,11.732,10.361,14.772,3.48,0.70,168.9,51.3,5.6,3.286,0.699,-1.334,0.672,32,1
288.676566,11.011598,45.368469,-0.082707,10.62620,0.00180,10.615,9.868,12.311,1.18,0.33,35.5,97.8,8.0,0.400,0.323,1.159,0.329,16,1
288.111418,11.715959,45.735378,0.734910,8.60500,0.00060,8.628,8.276,9.674,0.82,0.11,139.3,21.8,3.9,0.126,0.105,-0.822,0.111,16,1
288.115481,11.171689,45.254809,0.479322,8.74220,0.00040,8.831,8.126,10.330,0.98,0.14,25.7,88.2,4.0,0.619,0.127,0.778,0.146,16,1
288.683649,11.201115,45.539498,-0.000767,11.90166,0.00588,12.070,11.590,13.346,1.81,0.74,69.2,131.5,10.9,-1.464,0.759,1.304,0.725,32,1
288.207279,10.984520,45.130674,0.312771,9.82520,0.00140,9.800,9.001,11.722,1.80,0.25,164.5,46.9,4.0,1.559,0.231,-0.936,0.310,16,1
288.063022,11.108887,45.175309,0.495858,11.48370,0.01400,11.523,10.919,12.892,1.96,0.97,35.1,97.5,14.2,0.745,0.965,2.059,0.970,16,1
288.065487,11.348142,45.388504,0.604490,10.78435,0.00228,10.877,10.562,11.903,0.96,0.32,40.9,103.3,9.0,0.146,0.311,1.005,0.320,32,1
288.684521,10.991156,45.353999,-0.099123,10.94380,0.00260,10.890,9.952,13.040,2.07,0.45,29.4,91.7,6.2,1.096,0.408,1.808,0.463,16,1
288.118849,10.956344,45.065481,0.376650,10.93100,0.00210,10.879,9.840,13.087,2.73,0.64,6.4,68.8,6.7,2.734,0.636,0.623,0.671,16,1
288.207547,11.151408,45.278683,0.389880,7.61140,0.00020,7.686,7.125,9.052,0.52,0.10,179.5,61.9,5.5,0.526,0.100,-0.009,0.096,16,1
288.688915,11.792498,46.065505,0.269565,10.21616,0.00142,10.253,9.862,11.300,2.19,0.24,3.2,65.5,3.1,2.186,0.242,0.242,0.221,32,1
288.624733,11.720914,45.972918,0.291934,12.29146,0.00666,12.383,11.884,13.579,3.32,1.30,154.7,37.0,10.4,2.264,1.280,-2.758,1.315,32,1
288.690984,11.701521,45.985896,0.225481,10.81580,0.00300,10.817,10.403,11.897,1.88,0.39,179.1,61.4,6.0,1.922,0.393,-0.062,0.439,16,1
288.232291,11.930902,45.980693,0.729629,11.17760,0.00460,11.160,10.768,12.282,1.83,0.63,11.7,74.1,9.9,1.773,0.605,0.769,0.763,16,1
288.625803,11.943333,46.170360,0.394351,8.75413,0.00023,8.888,8.153,10.567,0.45,0.17,151.4,33.6,9.9,0.259,0.164,-0.403,0.167,48,1
288.625806,11.943273,46.170309,0.394321,8.74925,0.00028,8.888,8.153,10.567,1.05,0.47,171.8,54.1,11.6,1.106,0.467,-0.327,0.473,32,1
288.630608,11.489705,45.770857,0.179405,11.50019,0.00506,11.577,10.861,13.354,2.73,1.15,177.3,59.6,11.1,2.951,1.154,-0.276,0.938,32,1
288.693859,10.989122,45.356460,-0.108184,9.91690,0.00100,9.909,9.546,10.816,0.88,0.27,3.7,66.0,8.7,0.913,0.269,0.120,0.232,16,1
288.132601,11.471103,45.527959,0.603122,7.71240,0.00020,7.794,7.318,9.179,0.64,0.21,70.9,133.3,9.5,-0.529,0.224,0.415,0.191,16,1
288.238167,11.924389,45.977586,0.721516,9.08820,0.00070,9.071,8.509,10.512,0.72,0.14,4.4,66.8,5.6,0.722,0.141,0.111,0.106,16,1
288.239049,11.720829,45.797593,0.626414,9.98730,0.00130,9.988,9.372,11.468,0.61,0.21,161.2,43.6,10.1,0.512,0.224,-0.393,0.199,16,1
288.239054,11.011820,45.169322,0.297785,8.44890,0.00040,8.452,7.388,10.589,1.79,0.10,168.2,50.6,1.5,1.642,0.096,-0.716,0.094,16,1
288.133407,11.530564,45.581026,0.629962,12.23490,0.00770,12.260,11.906,13.286,3.63,1.48,9.8,72.2,11.7,3.700,1.483,1.311,1.483,16,1
288.135011,11.645741,45.683840,0.681914,8.57432,0.00033,8.750,8.038,10.265,0.66,0.19,3.6,66.0,8.0,0.686,0.192,0.088,0.200,32,1
288.135031,11.019531,45.128840,0.391841,9.57920,0.00070,9.656,9.358,10.574,0.37,0.18,138.9,21.3,14.0,0.056,0.183,-0.412,0.182,16,1
288.239671,11.922198,45.976326,0.719197,10.03530,0.00160,10.048,9.529,11.319,0.94,0.28,2.7,65.1,8.4,0.974,0.276,0.091,0.217,16,1
288.652000,11.393010,45.694981,0.115904,8.60100,0.00040,8.656,8.220,9.823,0.39,0.11,134.3,16.6,8.0,-0.011,0.085,-0.407,0.110,16,1
288.136843,11.183191,45.274710,0.466076,11.67550,0.00590,11.722,11.356,12.793,2.57,1.03,53.1,115.5,11.5,-0.777,1.108,2.660,1.024,16,1
288.241319,10.853516,45.030082,0.222434,11.22950,0.00260,11.203,10.409,13.011,2.29,0.73,31.8,94.2,9.2,1.072,0.726,2.152,0.735,16,1
288.243047,11.275297,45.404605,0.416443,8.78350,0.00040,8.747,7.818,10.709,1.23,0.13,6.3,68.6,3.0,1.203,0.130,0.267,0.103,16,1
288.245151,11.060496,45.215227,0.315046,11.70790,0.00680,11.718,10.865,13.837,4.19,1.37,24.1,86.5,9.4,2.940,1.367,3.289,1.378,16,1
288.246022,11.346153,45.468743,0.446701,11.40200,0.00319,11.367,10.579,13.036,2.47,0.92,166.3,48.6,10.0,2.338,0.911,-1.216,0.972,32,1
288.247027,11.273718,45.405015,0.412252,11.79990,0.00720,11.702,10.571,14.004,3.97,0.88,16.1,78.5,6.3,3.437,0.840,2.164,0.970,16,1
288.143246,11.915859,45.926996,0.799871,10.22920,0.00210,10.290,9.771,11.624,0.89,0.26,172.5,54.9,8.3,0.893,0.256,-0.239,0.254,16,1
288.143655,11.442452,45.507584,0.580249,9.85130,0.00110,9.951,8.982,12.012,1.76,0.20,43.4,105.8,3.3,0.098,0.235,1.765,0.204,16,1
288.247266,11.036944,45.195321,0.302289,10.68780,0.00210,10.606,9.340,12.959,3.52,0.51,28.3,90.7,4.2,1.963,0.503,2.970,0.516,16,1
288.647498,11.172614,45.497779,0.017387,9.00750,0.00040,9.061,8.505,10.497,0.57,0.14,22.6,84.9,6.9,0.414,0.146,0.418,0.129,16,1
288.248468,11.488746,45.596209,0.510671,11.85230,0.00490,11.909,11.587,13.020,4.33,1.21,118.7,1.1,8.0,-2.420,1.206,-3.791,1.217,16,1
288.656291,11.221640,45.545198,0.032534,9.21050,0.00060,9.262,8.773,10.624,0.47,0.20,160.0,42.3,12.5,0.392,0.213,-0.329,0.190,16,1
288.249948,11.740311,45.819803,0.625987,11.66430,0.00590,11.638,10.878,13.493,1.43,0.70,6.0,68.4,14.0,1.551,0.693,0.332,0.774,16,1
287.850715,11.317755,45.264125,0.777120,9.22510,0.00042,9.240,8.531,10.862,0.53,0.20,1.6,64.0,10.1,0.566,0.200,0.031,0.202,32,1
288.251155,11.355564,45.479415,0.446604,9.13920,0.00050,9.222,8.880,10.227,0.64,0.19,151.8,34.2,8.3,0.371,0.184,-0.558,0.188,16,1
288.251888,11.805699,45.878628,0.654611,9.41365,0.00064,9.503,8.834,11.116,1.05,0.15,18.9,81.3,4.0,0.840,0.152,0.652,0.143,32,1
288.606470,11.286637,45.580045,0.106004,12.48010,0.00890,12.537,11.936,13.965,3.20,1.44,20.9,83.2,12.9,2.616,1.470,2.343,1.401,16,1
288.253453,11.598796,45.695991,0.557353,10.47670,0.00250,10.468,10.134,11.381,1.79,0.47,176.0,58.4,7.6,1.832,0.469,-0.256,0.656,16,1
288.212332,11.271358,45.387153,0.441309,8.23410,0.00030,8.229,7.350,10.097,1.93,0.16,14.9,77.3,2.4,1.674,0.163,0.963,0.157,16,1
288.110713,10.958714,45.063882,0.384827,8.57020,0.00030,8.521,7.537,10.535,2.44,0.16,6.5,68.9,1.9,2.388,0.162,0.551,0.166,16,1
288.214980,11.617122,45.694764,0.599241,11.00260,0.00360,10.998,10.486,12.372,2.67,0.73,174.8,57.2,7.8,2.725,0.731,-0.499,0.698,16,1
288.610817,11.114788,45.429852,0.022384,11.91748,0.00542,11.904,11.162,13.685,2.71,0.88,171.7,54.1,8.8,2.735,0.881,-0.813,0.873,32,1
287.874136,11.400267,45.347912,0.794912,10.69520,0.00200,10.714,10.124,12.241,0.88,0.31,39.1,101.6,10.2,0.190,0.314,0.914,0.313,16,1
287.874829,11.294774,45.254681,0.745528,9.90380,0.00110,9.925,9.261,11.445,0.47,0.16,177.4,59.9,9.9,0.497,0.163,-0.045,0.161,16,1
288.215833,11.096882,45.234133,0.357405,10.56720,0.00230,10.537,9.697,12.480,1.27,0.53,177.2,59.6,11.9,1.367,0.526,-0.134,0.538,16,1
288.613540,11.459767,45.736575,0.180306,11.29003,0.00327,11.358,10.876,12.617,1.21,0.46,172.5,54.8,10.3,1.247,0.464,-0.334,0.446,32,1
288.114767,11.459865,45.509903,0.613407,10.72640,0.00290,10.732,10.286,11.984,0.85,0.36,65.0,127.4,12.2,-0.592,0.390,0.706,0.341,16,1
288.115557,10.985555,45.089874,0.393045,9.23420,0.00050,9.310,8.572,10.973,1.32,0.19,18.0,80.4,4.1,1.079,0.193,0.786,0.187,16,1
288.218457,11.098422,45.236691,0.355837,12.02630,0.00880,12.106,11.929,12.532,2.83,1.16,155.4,37.8,11.8,2.001,1.158,-2.312,1.166,16,1
288.616348,11.816120,46.053411,0.343439,11.46570,0.00510,11.497,10.824,13.099,3.66,1.02,21.9,84.2,8.0,2.743,1.033,2.634,1.014,16,1
288.221127,11.038878,45.185142,0.325918,12.13770,0.00668,12.139,11.530,13.628,2.33,0.84,29.0,91.4,9.7,1.309,0.821,2.100,0.844,32,1
288.621959,10.914786,45.257832,-0.080229,10.03890,0.00120,10.071,9.232,12.003,2.10,0.20,25.4,87.7,2.7,1.333,0.205,1.629,0.196,16,1
288.228797,11.305145,45.424577,0.442660,8.31220,0.00030,8.346,7.731,9.825,1.11,0.21,177.8,60.2,5.5,1.130,0.213,-0.087,0.216,16,1
288.621989,10.936216,45.276822,-0.070298,10.39170,0.00170,10.434,9.365,12.797,2.53,0.30,22.0,84.3,3.4,1.834,0.316,1.770,0.279,16,1
288.622874,11.170758,45.484910,0.037915,8.94470,0.00050,8.965,8.083,10.954,1.28,0.12,14.0,76.3,2.7,1.134,0.115,0.602,0.144,16,1
288.622884,10.990526,45.325321,-0.045840,10.06440,0.00130,10.123,9.001,12.564,1.42,0.23,7.9,70.2,4.7,1.388,0.225,0.391,0.300,16,1
288.624850,11.819352,46.060139,0.337571,10.97215,0.00226,11.008,10.190,12.954,3.02,0.38,7.7,70.1,3.6,2.932,0.383,0.811,0.372,32,1
288.125491,11.657544,45.689983,0.695644,11.43860,0.00490,11.286,10.398,12.562,2.26,0.71,12.1,74.6,9.0,2.160,0.722,0.975,0.626,16,1
288.125504,11.706370,45.733266,0.718245,10.17340,0.00140,10.143,9.525,11.792,0.99,0.23,161.0,43.4,6.5,0.800,0.236,-0.624,0.208,16,1
288.127136,11.650436,45.684429,0.690924,12.42960,0.01250,12.498,12.047,13.396,4.66,1.79,81.6,144.0,11.0,-4.780,1.775,1.440,2.002,16,1
288.229667,11.518367,45.613918,0.540725,9.13210,0.00080,9.211,8.632,10.624,0.58,0.27,6.2,68.6,13.6,0.624,0.276,0.137,0.232,16,1
288.230567,11.309417,45.429167,0.443102,9.06690,0.00060,9.120,8.536,10.628,1.20,0.14,173.0,55.4,3.4,1.168,0.141,-0.290,0.127,16,1
288.675997,11.552584,45.847203,0.169248,11.11550,0.00330,11.134,10.738,12.401,1.65,0.50,155.1,37.4,8.7,1.112,0.487,-1.317,0.512,16,1
288.676947,11.779809,46.048824,0.274040,11.60050,0.00510,11.626,11.213,12.584,4.00,1.23,1.0,63.3,8.8,4.181,1.228,0.147,1.041,16,1
288.129512,11.755803,45.778900,0.737660,11.82740,0.00640,11.904,11.728,12.262,2.06,0.97,82.2,144.6,13.4,-2.195,0.959,0.616,1.073,16,1
288.232316,11.544478,45.638260,0.550527,12.00310,0.00840,12.002,11.378,13.634,5.66,1.32,164.5,46.9,6.7,4.986,1.329,-2.993,1.288,16,1
288.233213,11.843807,45.903926,0.688469,7.97910,0.00020,8.018,7.164,9.873,0.49,0.08,6.4,68.8,5.0,0.482,0.084,0.110,0.092,16,1
288.680413,11.811517,46.078476,0.285774,11.71140,0.00620,11.727,11.335,12.833,2.55,1.17,178.3,60.6,13.1,2.798,1.168,-0.171,1.115,16,1
288.681360,11.288165,45.615528,0.041685,10.23790,0.00130,10.203,9.510,11.770,0.69,0.23,21.1,83.4,9.6,0.538,0.233,0.489,0.226,16,1
288.135040,11.267221,45.348365,0.506567,12.02350,0.00770,12.047,11.475,13.487,2.44,1.15,21.0,83.4,13.5,2.011,1.177,1.807,1.122,16,1
288.644947,10.910416,45.264452,-0.102247,8.19040,0.00030,8.218,6.993,10.491,1.74,0.11,29.3,91.6,1.8,0.909,0.110,1.493,0.111,16,1
288.646402,11.158936,45.485168,0.011982,11.17150,0.00320,11.194,10.621,12.793,1.09,0.42,0.9,63.2,11.0,1.169,0.420,0.037,0.492,16,1
288.240221,11.044093,45.198450,0.311730,10.89332,0.00195,10.867,10.108,12.797,1.86,0.42,38.3,100.7,6.3,0.443,0.381,1.856,0.419,32,1
288.240552,11.499256,45.601927,0.522416,10.18110,0.00200,10.236,9.436,12.064,1.99,0.50,17.0,79.4,7.2,1.700,0.467,1.148,0.570,16,1
288.116819,11.576874,45.614546,0.665813,11.24370,0.00370,11.117,10.716,12.211,1.56,0.64,134.7,17.1,11.8,-0.019,0.657,-1.684,0.641,16,1
288.117675,11.899077,45.900532,0.814276,10.67950,0.00180,10.691,10.179,11.962,1.00,0.49,157.3,39.7,14.1,0.780,0.485,-0.792,0.499,16,1
288.692970,11.737261,46.018444,0.240373,11.78600,0.00740,11.694,11.100,13.227,3.91,1.00,2.5,64.8,7.3,4.022,0.997,0.350,0.992,16,1
288.695064,11.319063,45.649132,0.044150,8.03240,0.00020,8.053,7.227,9.960,0.66,0.10,10.8,73.1,4.5,0.624,0.103,0.248,0.108,16,1
288.120885,11.153579,45.241214,0.466235,10.16680,0.00150,10.181,9.561,11.826,0.71,0.28,22.6,85.0,11.3,0.538,0.273,0.543,0.289,16,1
288.120895,11.235427,45.313760,0.504136,10.46020,0.00170,10.460,9.798,12.073,1.03,0.34,14.2,76.6,9.3,0.954,0.300,0.516,0.436,16,1
288.120899,11.598484,45.635551,0.672279,9.66980,0.00070,9.726,9.212,11.085,0.33,0.13,168.4,50.8,11.1,0.323,0.126,-0.138,0.129,16,1
288.697033,11.230528,45.571643,0.001282,12.14110,0.00970,12.036,10.896,14.918,3.93,1.26,111.8,174.1,9.2,-2.984,1.328,-2.850,1.190,16,1
288.247315,10.955114,45.122835,0.264313,11.35060,0.00470,11.369,10.182,13.898,1.89,0.87,12.3,74.7,13.2,1.896,0.908,0.866,0.663,16,1
288.247332,11.013060,45.174187,0.291160,12.19090,0.00900,12.027,11.237,13.870,2.78,1.23,16.6,79.0,12.6,2.542,1.222,1.660,1.233,16,1
288.706092,11.085784,45.447623,-0.073877,10.25300,0.00140,10.189,9.613,11.715,1.08,0.31,12.7,75.0,8.3,1.019,0.305,0.486,0.351,16,1
288.250596,11.505446,45.611974,0.516564,10.68240,0.00310,10.764,9.826,12.853,1.51,0.71,158.1,40.5,13.4,1.206,0.645,-1.155,0.770,16,1
288.660222,10.976570,45.329997,-0.084782,9.62770,0.00080,9.589,8.598,11.896,0.69,0.17,36.5,98.9,7.2,0.207,0.202,0.680,0.170,16,1
288.251947,10.948930,45.119464,0.257417,11.76170,0.00610,11.721,10.805,13.837,2.93,0.67,9.4,71.8,6.5,2.849,0.666,0.969,0.661,16,1
288.254409,11.943698,46.002062,0.716384,10.94565,0.00247,10.963,10.472,12.231,1.12,0.46,29.0,91.4,10.9,0.640,0.524,1.027,0.431,32,1
288.258353,10.843477,45.028943,0.202957,10.92300,0.00220,10.883,9.839,13.178,4.43,0.43,43.8,106.1,2.8,0.192,0.426,4.445,0.429,16,1
288.662864,10.846134,45.215711,-0.147702,10.68800,0.00150,10.676,9.856,12.520,2.51,0.32,20.4,82.7,3.6,1.913,0.316,1.654,0.315,16,1
288.665485,10.904997,45.269026,-0.122622,10.85460,0.00270,10.903,10.236,12.511,1.57,0.39,7.3,69.6,7.0,1.562,0.387,0.409,0.366,16,1
288.667307,10.858908,45.229049,-0.145628,10.33500,0.00110,10.294,9.267,12.617,3.19,0.22,22.5,84.8,1.9,2.258,0.214,2.264,0.218,16,1
288.146622,11.888755,45.904501,0.784391,10.60090,0.00170,10.627,9.758,12.577,2.10,0.45,6.9,69.4,6.2,2.084,0.454,0.515,0.467,16,1
288.673425,11.700444,45.976950,0.240204,10.25280,0.00170,10.259,9.222,12.690,3.35,0.25,19.6,81.9,2.2,2.605,0.250,2.119,0.261,16,1
288.673449,11.568376,45.860025,0.178798,10.58530,0.00220,10.595,10.042,12.040,1.35,0.33,168.5,50.8,7.0,1.282,0.327,-0.542,0.344,16,1
288.674295,10.893074,45.262490,-0.135824,11.50781,0.00260,11.499,10.297,14.207,3.44,0.62,30.1,92.4,5.1,1.742,0.562,3.032,0.639,32,1
288.223790,10.952919,45.110184,0.283761,8.98690,0.00050,8.985,8.125,10.805,1.76,0.10,41.8,104.2,1.7,0.195,0.123,1.750,0.102,16,1
288.224675,11.311707,45.428518,0.449283,8.41390,0.00030,8.462,7.995,9.638,0.54,0.22,5.1,67.5,12.0,0.573,0.224,0.103,0.243,16,1
288.679654,10.891895,45.263893,-0.141032,11.15770,0.00189,11.162,10.067,13.627,3.25,0.40,28.8,91.1,3.5,1.750,0.412,2.763,0.397,32,1
288.226429,11.174086,45.307365,0.383975,9.12570,0.00080,9.185,8.395,10.968,0.60,0.23,172.8,55.2,10.9,0.621,0.228,-0.159,0.238,16,1
288.682252,11.771302,46.043706,0.265488,11.77570,0.00640,11.754,11.390,12.874,2.69,1.19,179.6,61.9,12.7,2.942,1.193,-0.041,0.970,16,1
288.683999,11.708982,45.989322,0.235005,11.89440,0.00690,11.900,10.866,14.344,2.66,1.25,36.5,98.8,13.5,0.857,1.188,2.812,1.256,16,1
288.149427,11.159557,45.259484,0.444187,9.07610,0.00060,9.162,8.812,10.136,0.29,0.13,58.8,121.2,12.7,-0.149,0.112,0.286,0.136,16,1
288.239792,11.126727,45.271476,0.350406,7.97070,0.00030,7.929,7.627,8.985,1.15,0.49,157.8,40.2,12.2,0.891,0.464,-0.872,0.512,16,1
288.239988,11.490994,45.594349,0.519077,12.46295,0.00893,12.531,12.207,13.552,3.75,1.66,125.8,8.2,11.6,-1.300,1.701,-3.892,1.657,32,1
288.240237,11.456369,45.563780,0.502812,11.46500,0.00370,11.424,10.483,13.673,2.30,0.86,62.7,125.1,10.8,-1.424,0.866,2.004,0.864,16,1
288.112697,11.396891,45.453147,0.586041,10.01900,0.00130,10.057,9.560,11.321,0.77,0.32,66.7,129.1,11.8,-0.569,0.284,0.602,0.340,16,1
288.112732,11.138610,45.224242,0.466391,11.45150,0.00430,11.451,10.326,12.275,2.15,0.86,61.2,123.7,11.5,-1.246,0.768,1.958,0.902,16,1
288.700870,11.699703,45.988786,0.216065,11.30590,0.00400,11.336,10.923,12.421,1.84,0.86,164.6,46.9,13.5,1.741,0.882,-1.040,0.804,16,1
288.241014,11.632319,45.720050,0.583688,10.66640,0.00310,10.648,10.185,11.877,0.89,0.36,16.7,79.1,11.6,0.805,0.359,0.531,0.371,16,1
288.706241,10.910573,45.292566,-0.155464,10.44940,0.00160,10.540,10.253,11.339,0.89,0.26,156.3,38.6,8.4,0.623,0.272,-0.680,0.251,16,1
288.706268,11.061552,45.426250,-0.085296,11.13980,0.00350,11.143,10.390,12.986,1.97,0.83,16.9,79.2,12.0,1.775,0.876,1.185,0.701,16,1
288.706336,11.351429,45.682926,0.049412,6.53795,0.00007,6.546,5.708,8.252,1.56,0.59,86.6,148.9,10.2,-1.655,0.591,0.199,0.645,32,1
288.246114,10.856574,45.034975,0.219679,11.54070,0.00340,11.481,10.209,14.268,3.02,0.72,31.0,93.4,6.8,1.455,0.702,2.742,0.725,16,1
288.119337,11.471618,45.522395,0.614881,11.89910,0.00740,11.974,11.595,12.926,2.39,0.82,66.9,129.3,9.8,-1.750,0.811,1.827,0.827,16,1
288.247352,11.067682,45.222596,0.316463,8.71530,0.00050,8.756,7.956,10.599,0.35,0.12,11.9,74.3,10.1,0.340,0.124,0.150,0.121,16,1
288.658449,11.606296,45.886771,0.209433,7.46710,0.00020,7.574,6.431,9.847,0.46,0.13,166.7,49.0,8.3,0.426,0.138,-0.213,0.104,16,1
288.247858,11.929143,45.986193,0.715317,10.66450,0.00330,10.682,10.416,11.494,2.10,0.76,10.3,72.7,10.4,2.086,0.748,0.781,0.831,16,1
288.659400,11.498649,45.791889,0.158578,11.65436,0.00507,11.506,11.107,12.200,1.57,0.72,0.9,63.2,12.0,1.729,0.722,0.056,0.748,32,1
288.659406,11.818330,46.074952,0.307147,10.00450,0.00130,10.005,9.043,12.172,4.06,0.29,5.7,68.0,2.1,3.990,0.292,0.804,0.308,16,1
288.249079,10.854505,45.034491,0.216140,12.19370,0.00640,12.114,11.249,14.316,3.23,1.37,33.7,96.1,12.1,1.344,1.386,3.242,1.367,16,1
288.249510,11.736956,45.816631,0.624812,12.17400,0.00910,12.108,11.157,14.394,2.65,1.06,20.6,82.9,11.4,2.149,1.059,1.874,1.057,16,1
288.128367,11.394641,45.458267,0.571385,9.58540,0.00090,9.592,8.954,11.180,0.42,0.15,94.9,157.3,10.5,-0.443,0.153,-0.076,0.220,16,1
288.663754,11.809766,46.069347,0.299398,11.35860,0.00430,11.361,10.434,13.581,2.42,0.87,174.1,56.4,10.2,2.518,0.867,-0.526,0.823,16,1
288.251975,11.094948,45.248859,0.325082,10.24810,0.00200,10.289,9.516,12.048,0.80,0.28,173.0,55.4,9.9,0.822,0.276,-0.204,0.277,16,1
288.261110,11.645527,45.740878,0.572369,10.53680,0.00250,10.588,9.523,12.902,1.50,0.56,3.6,66.0,10.7,1.591,0.561,0.199,0.600,16,1
288.133115,10.891569,45.014562,0.334232,10.45496,0.00144,10.535,9.655,12.537,1.75,0.40,14.6,77.0,6.4,1.569,0.401,0.879,0.407,32,1
288.982399,11.223432,45.695606,-0.249776,8.74250,0.00040,8.728,8.293,9.862,0.31,0.15,167.4,49.6,14.0,0.316,0.156,-0.149,0.146,16,1
288.214187,11.284170,45.399350,0.445634,10.23120,0.00140,10.227,9.900,11.109,0.78,0.24,166.0,48.3,8.9,0.716,0.224,-0.382,0.294,16,1
288.677081,11.673095,45.954398,0.224322,9.74160,0.00110,9.831,9.394,11.034,0.93,0.25,173.3,55.6,7.6,0.938,0.246,-0.222,0.279,16,1
288.215947,10.899566,45.059338,0.265857,12.35742,0.00650,12.384,11.016,15.414,5.58,1.30,16.2,78.6,6.5,4.841,1.348,3.074,1.189,32,1
288.216791,11.884992,45.932978,0.721795,9.31620,0.00090,9.274,8.774,10.730,0.49,0.13,34.5,96.9,7.6,0.183,0.133,0.476,0.130,16,1
288.680556,11.869919,46.130252,0.312796,11.74150,0.00550,11.747,11.369,12.835,2.73,1.15,4.4,66.7,12.0,2.924,1.144,0.457,1.211,16,1
288.684104,11.299532,45.626843,0.044586,12.30700,0.00930,12.262,11.874,13.306,4.03,1.37,119.0,1.3,9.8,-2.253,1.471,-3.610,1.335,16,1
288.147616,11.895163,45.910632,0.786496,10.24630,0.00130,10.322,9.425,12.204,1.16,0.42,178.9,61.3,10.3,1.232,0.417,-0.048,0.423,16,1
288.688212,11.636204,45.926802,0.197522,11.51240,0.00530,11.528,10.049,14.706,2.84,0.74,170.0,52.3,7.5,2.759,0.733,-1.008,0.791,16,1
288.689370,11.707124,45.990122,0.229485,12.17470,0.01000,12.096,11.029,14.468,3.20,1.47,11.1,73.4,13.1,3.261,1.455,1.332,1.529,16,1
288.696035,10.969862,45.340400,-0.119029,8.83780,0.00040,8.864,8.124,10.474,1.05,0.18,27.8,90.1,5.1,0.599,0.172,0.877,0.191,16,1
288.696549,11.792758,46.069209,0.263069,10.89834,0.00247,10.938,10.443,12.174,2.63,0.55,22.1,84.4,5.9,1.927,0.523,1.876,0.576,32,1
288.006858,11.487476,45.485417,0.719927,9.99651,0.00097,10.017,9.276,11.776,1.35,0.27,29.8,92.3,5.6,0.694,0.281,1.187,0.267,48,1
288.231579,11.080355,45.226650,0.336053,9.89130,0.00130,9.909,9.542,10.961,0.98,0.26,144.6,26.9,7.7,0.331,0.260,-0.956,0.263,16,1
288.698551,11.919184,46.182057,0.320105,9.74370,0.00100,9.701,8.766,11.895,0.69,0.34,9.9,72.2,14.3,0.723,0.341,0.260,0.356,16,1
288.700102,11.033352,45.398469,-0.093048,9.74390,0.00080,9.789,8.980,11.563,1.86,0.24,13.0,75.3,3.7,1.684,0.243,0.820,0.230,16,1
288.014001,11.355643,45.371785,0.652707,11.01828,0.00259,11.114,10.767,12.064,2.22,0.47,83.2,145.7,6.0,-2.209,0.474,0.534,0.481,32,1
288.234992,11.540350,45.635817,0.546290,11.81580,0.00750,11.840,11.280,13.255,3.89,1.48,37.2,99.6,10.9,1.121,1.215,4.007,1.501,16,1
288.014018,11.361564,45.377041,0.655433,8.79500,0.00035,8.915,8.621,9.605,1.26,0.21,77.6,140.1,4.7,-1.156,0.209,0.534,0.216,32,1
288.236640,11.615811,45.703435,0.579833,11.36420,0.00480,11.308,10.486,13.137,1.73,0.86,174.5,56.9,14.3,1.893,0.861,-0.367,0.846,16,1
288.238321,11.105700,45.252175,0.341939,8.52650,0.00040,8.431,7.626,10.217,1.50,0.29,170.9,53.3,5.6,1.453,0.295,-0.478,0.294,16,1
288.157717,11.025033,45.144032,0.374656,12.00500,0.00541,12.048,11.315,13.460,2.26,0.82,16.7,79.2,9.7,2.006,0.793,1.325,0.872,32,1
288.708531,11.721838,46.011871,0.219714,11.71120,0.00620,11.701,10.870,13.638,2.79,1.10,3.0,65.2,11.2,2.984,1.097,0.308,1.009,16,1
288.240285,11.565614,45.660608,0.553404,9.65940,0.00100,9.643,8.875,11.426,1.24,0.27,173.1,55.5,6.2,1.237,0.266,-0.302,0.294,16,1
288.021130,11.402546,45.416599,0.668220,12.08970,0.00810,12.125,11.613,13.350,2.27,1.03,44.9,107.3,13.1,0.012,1.093,2.491,1.035,16,1
288.240652,10.938590,45.105161,0.262450,11.74240,0.00560,11.534,11.091,12.321,1.87,0.86,32.8,95.1,13.2,0.852,0.763,1.870,0.877,16,1
288.241058,11.703458,45.783111,0.616620,9.06790,0.00060,9.072,8.054,11.071,0.89,0.18,3.9,66.3,5.8,0.902,0.182,0.123,0.169,16,1
288.111986,11.770486,45.783969,0.759666,9.21240,0.00060,9.219,8.398,11.118,0.73,0.22,168.2,50.6,8.6,0.697,0.224,-0.306,0.192,16,1
288.112001,11.441244,45.492143,0.607186,8.67260,0.00040,8.738,8.238,9.943,0.79,0.14,79.9,142.3,4.9,-0.756,0.141,0.279,0.099,16,1
288.714828,11.789034,46.074230,0.245496,12.49280,0.01240,12.384,10.271,16.129,4.13,1.78,93.4,155.7,12.3,-4.466,1.778,-0.530,1.898,16,1
288.243163,11.653529,45.739821,0.591653,9.78350,0.00110,9.845,9.364,11.202,1.30,0.23,0.0,62.4,5.1,1.317,0.231,0.001,0.247,16,1
288.116914,11.092571,45.185338,0.441431,11.20940,0.00400,11.201,10.484,12.970,1.46,0.57,3.5,65.9,11.1,1.557,0.568,0.193,0.524,16,1
288.659430,11.147989,45.481416,-0.004423,11.97770,0.00590,11.978,11.338,13.572,1.96,0.79,20.3,82.6,11.5,1.608,0.765,1.375,0.820,16,1
288.026059,11.241006,45.275634,0.589165,12.24900,0.00840,12.269,11.935,13.195,2.54,1.16,72.8,135.3,13.0,-2.304,1.131,1.572,1.206,16,1
288.027517,11.537294,45.538951,0.725039,10.71870,0.00200,10.754,10.157,12.265,1.67,0.83,36.2,98.6,14.3,0.566,0.867,1.775,0.829,16,1
288.117772,11.403144,45.460993,0.584528,8.97370,0.00060,9.018,8.430,10.371,0.67,0.23,70.2,132.6,9.7,-0.547,0.227,0.453,0.226,16,1
288.119385,11.459268,45.511470,0.609119,10.70780,0.00290,10.738,9.892,12.754,1.46,0.46,40.0,102.4,8.9,0.265,0.547,1.508,0.453,16,1
288.661196,10.962278,45.317787,-0.092271,12.04310,0.00690,12.049,11.220,14.013,2.09,1.03,30.4,92.7,14.1,1.137,1.067,2.037,1.022,16,1
288.027989,10.959856,45.027287,0.457340,10.46700,0.00280,10.468,9.900,11.961,1.25,0.48,15.5,77.9,11.1,1.144,0.484,0.689,0.476,16,1
288.667392,11.820023,46.080084,0.301012,11.77720,0.00640,11.748,10.814,13.925,2.90,1.23,165.3,47.6,12.1,2.748,1.238,-1.546,1.207,16,1
288.029438,11.196009,45.237280,0.565398,9.10127,0.00053,9.210,8.502,10.765,0.75,0.19,18.4,80.8,6.9,0.619,0.164,0.461,0.221,32,1
288.125152,11.805744,45.821190,0.764570,9.59591,0.00057,9.690,9.035,11.253,0.40,0.18,13.1,75.5,11.8,0.394,0.183,0.194,0.170,32,1
288.032546,11.030672,45.092131,0.486158,9.33700,0.00060,9.394,8.422,11.473,1.84,0.20,17.7,80.2,3.1,1.510,0.196,1.077,0.198,16,1
288.248621,11.342714,45.466877,0.442849,10.07592,0.00101,10.084,9.291,12.043,1.43,0.23,169.0,51.4,4.6,1.339,0.227,-0.543,0.246,32,1
288.672682,11.159258,45.497437,-0.010697,11.34550,0.00340,11.388,10.018,14.446,2.69,0.56,87.6,149.9,6.0,-2.738,0.561,0.227,0.582,16,1
288.674445,10.881209,45.252053,-0.141469,11.38500,0.00270,11.355,10.540,13.243,2.05,0.66,16.0,78.3,9.3,1.826,0.660,1.139,0.669,16,1
288.034902,11.333878,45.361976,0.624467,9.53020,0.00090,9.601,8.824,11.322,1.02,0.23,17.7,80.2,6.6,0.851,0.257,0.606,0.180,16,1
288.250668,11.874384,45.938941,0.687502,7.70600,0.00020,7.746,7.110,9.220,0.69,0.11,10.2,72.6,4.6,0.651,0.113,0.242,0.086,16,1
288.675311,10.885572,45.256312,-0.140194,9.83170,0.00070,9.545,8.564,11.709,1.93,0.31,17.6,79.9,4.6,1.600,0.310,1.126,0.308,16,1
288.675352,11.710924,45.987106,0.243405,10.45080,0.00200,10.469,9.980,11.758,1.40,0.27,163.0,45.3,5.6,1.179,0.277,-0.793,0.258,16,1
288.252052,10.918145,45.092234,0.243055,12.17860,0.00830,12.094,10.711,14.774,3.17,1.39,3.2,65.6,12.5,3.443,1.388,0.385,1.449,16,1
288.133925,11.300229,45.377114,0.522825,11.47360,0.00420,11.471,10.880,13.052,1.93,0.73,41.5,103.9,10.8,0.251,0.626,2.046,0.730,16,1
288.133929,11.639134,45.677493,0.679793,10.82750,0.00230,10.855,10.249,12.462,1.21,0.38,142.5,24.9,8.9,0.329,0.376,-1.224,0.378,16,1
288.253622,11.717913,45.801622,0.612418,10.49310,0.00200,10.507,9.934,11.909,1.08,0.28,171.1,53.4,7.3,1.065,0.270,-0.344,0.324,16,1
288.681552,11.074870,45.426765,-0.057629,9.39070,0.00070,9.384,8.965,10.517,0.58,0.13,3.7,66.0,6.4,0.587,0.129,0.077,0.153,16,1
288.683261,11.544234,45.843118,0.159065,11.76590,0.00640,11.783,11.362,13.010,2.51,0.93,100.6,162.9,10.6,-2.494,0.930,-0.971,0.907,16,1
288.690026,11.129619,45.479105,-0.039541,8.08750,0.00020,8.084,7.316,9.802,0.75,0.10,10.0,72.3,3.6,0.707,0.091,0.259,0.120,16,1
288.690082,11.337342,45.663045,0.056972,7.88070,0.00020,7.974,6.994,9.966,0.65,0.08,52.1,114.4,3.7,-0.162,0.092,0.635,0.083,16,1
288.001905,11.294966,45.312504,0.635138,10.50250,0.00200,10.596,10.038,11.866,1.84,0.51,95.7,158.2,8.0,-1.870,0.513,-0.379,0.530,16,1
288.147643,11.419912,45.489417,0.566344,8.64930,0.00050,8.738,8.354,9.858,0.81,0.18,91.7,154.1,6.2,-0.830,0.176,-0.049,0.176,16,1
288.147845,11.405529,45.476762,0.559506,9.58710,0.00100,9.668,9.024,11.139,0.62,0.26,100.5,162.9,12.1,-0.629,0.258,-0.240,0.283,16,1
288.147852,11.683247,45.722908,0.688140,9.86540,0.00110,9.893,9.304,11.484,0.95,0.16,160.2,42.6,4.9,0.746,0.168,-0.617,0.157,16,1
288.148288,10.875790,45.007481,0.313717,10.92559,0.00227,10.927,10.397,12.447,1.39,0.62,71.0,133.4,11.7,-1.195,0.606,0.934,0.636,32,1
288.700204,10.916434,45.294999,-0.147491,11.90870,0.00620,11.925,11.485,13.110,2.80,0.96,32.5,94.8,9.8,1.252,0.998,2.680,0.949,16,1
288.006929,11.265523,45.288683,0.617144,8.95875,0.00071,9.021,8.358,10.499,0.88,0.38,90.7,153.2,11.3,-0.954,0.375,-0.024,0.283,32,1
288.008486,11.348928,45.363329,0.654392,10.13264,0.00101,10.232,9.796,11.327,0.98,0.23,78.0,140.4,6.5,-0.921,0.231,0.411,0.225,32,1
288.221280,11.462595,45.560686,0.522161,9.64450,0.00070,9.703,9.001,11.425,1.34,0.26,23.5,85.8,5.5,0.930,0.263,0.994,0.255,16,1
288.009313,11.614813,45.599420,0.776724,8.21222,0.00024,8.286,7.469,10.003,0.58,0.14,22.7,85.2,6.6,0.415,0.134,0.421,0.139,32,1
288.225611,11.634532,45.715019,0.598082,9.32820,0.00080,9.334,8.559,11.139,1.43,0.16,174.3,56.7,3.2,1.413,0.159,-0.285,0.172,16,1
288.226526,11.513846,45.608485,0.541357,8.88570,0.00060,9.000,8.275,10.710,0.67,0.12,36.3,98.7,5.3,0.203,0.117,0.651,0.124,16,1
288.156135,11.693898,45.736105,0.685885,11.62839,0.00404,11.625,10.927,13.169,1.28,0.62,149.6,32.1,12.5,0.696,0.609,-1.243,0.625,32,1
288.228159,10.962560,45.120715,0.284429,11.23840,0.00330,11.233,10.359,13.242,2.08,0.50,28.6,90.9,6.8,1.162,0.455,1.796,0.514,16,1
288.702279,10.998602,45.368696,-0.111095,10.86290,0.00230,10.810,9.919,12.873,2.43,0.43,27.5,89.8,5.1,1.418,0.394,2.021,0.448,16,1
288.702759,10.858538,45.244906,-0.176627,11.81590,0.00350,11.746,11.243,12.993,2.06,0.82,167.7,50.0,11.4,2.017,0.824,-0.925,0.794,16,1
288.702781,11.296529,45.632699,0.026975,9.65080,0.00090,9.625,8.356,12.417,1.87,0.19,157.3,39.6,2.9,1.321,0.164,-1.338,0.216,16,1
288.230755,11.666328,45.745531,0.608353,8.83260,0.00050,8.867,8.149,10.584,0.59,0.18,177.4,59.7,8.8,0.611,0.181,-0.057,0.171,16,1
288.661254,11.504074,45.797536,0.159491,12.11449,0.00721,12.097,11.500,13.709,2.76,1.05,159.0,41.3,10.2,2.194,1.042,-1.981,1.059,32,1
288.151479,11.424923,45.495600,0.565333,7.57830,0.00020,7.680,7.353,8.606,0.85,0.42,119.0,1.4,14.3,-0.500,0.479,-0.802,0.398,16,1
288.662125,11.852218,46.106195,0.320540,10.48760,0.00180,10.478,9.884,12.106,2.31,0.45,179.6,61.9,5.5,2.357,0.445,-0.034,0.419,16,1
288.662155,11.761014,46.025452,0.278126,10.14110,0.00140,10.157,9.780,11.318,1.52,0.30,174.8,57.1,5.7,1.526,0.299,-0.280,0.348,16,1
288.236684,11.105590,45.251333,0.343311,10.61010,0.00320,10.724,9.994,12.385,1.70,0.77,168.6,51.0,12.9,1.718,0.772,-0.722,0.729,16,1
288.238381,11.199625,45.335430,0.385422,12.34708,0.00769,12.369,11.784,13.670,3.27,1.45,4.8,67.2,11.6,3.530,1.439,0.597,1.686,32,1
288.108792,11.235267,45.308120,0.514583,11.42370,0.00450,11.399,10.664,13.151,2.00,0.62,24.6,87.0,8.8,1.368,0.650,1.584,0.590,16,1
288.665652,11.352022,45.664909,0.085004,9.86716,0.00096,9.890,9.193,11.787,0.84,0.16,8.5,70.8,5.2,0.822,0.154,0.250,0.173,32,1
288.112792,11.642896,45.671239,0.699884,9.79890,0.00090,9.853,9.012,11.734,0.90,0.21,171.5,54.0,6.7,0.888,0.212,-0.270,0.210,16,1
288.113657,11.139237,45.225218,0.465877,10.77800,0.00270,10.776,10.050,12.422,1.20,0.32,15.9,78.3,7.7,1.058,0.315,0.654,0.345,16,1
288.669209,11.638336,45.920039,0.214993,11.79730,0.00680,11.847,10.861,14.074,3.42,1.06,16.4,78.7,8.9,3.009,1.063,1.934,1.055,16,1
288.241114,11.266883,45.396271,0.414222,11.86830,0.00580,11.839,11.038,13.701,1.94,0.84,26.1,88.5,12.4,1.296,0.815,1.671,0.852,16,1
288.114490,11.038918,45.136684,0.418689,11.65470,0.00420,11.634,10.863,13.484,3.24,1.24,21.5,83.9,10.9,2.539,1.224,2.365,1.250,16,1
288.671805,11.215242,45.546606,0.016086,11.87560,0.00750,11.838,11.149,13.507,2.61,1.02,164.3,46.6,11.2,2.391,0.989,-1.463,1.087,16,1
288.116997,11.263746,45.337089,0.520640,10.77220,0.00290,10.714,9.979,12.590,1.56,0.46,34.7,97.1,8.4,0.573,0.552,1.518,0.441,16,1
288.118686,11.497635,45.545159,0.627495,7.87479,0.00017,7.920,7.080,9.530,0.97,0.17,26.2,88.7,4.9,0.599,0.158,0.781,0.173,32,1
288.246224,11.188480,45.329121,0.373439,11.47974,0.00465,11.513,10.862,13.275,2.32,1.03,9.9,72.3,11.6,2.386,1.024,0.859,1.042,32,1
288.121015,11.277538,45.351138,0.523536,11.99650,0.00760,11.912,11.204,13.711,2.92,1.08,34.7,97.1,10.6,1.095,1.104,2.921,1.083,16,1
288.121856,10.948244,45.059670,0.370282,10.58420,0.00160,10.589,9.696,12.742,2.87,0.44,22.6,85.0,4.4,2.043,0.442,2.063,0.440,16,1
288.122642,11.588340,45.627351,0.666068,8.07050,0.00020,8.159,7.819,9.091,0.44,0.12,146.7,29.1,7.7,0.181,0.118,-0.419,0.118,16,1
288.684183,11.013455,45.373589,-0.088463,9.94880,0.00100,9.922,9.027,12.017,1.44,0.29,18.8,81.1,5.7,1.165,0.309,0.898,0.252,16,1
288.248686,11.449608,45.561627,0.492341,12.29130,0.00730,12.274,11.719,13.558,3.00,1.46,126.9,9.3,14.0,-0.933,1.443,-3.201,1.463,16,1
288.126843,11.056263,45.157672,0.415978,9.30460,0.00080,9.416,8.908,10.782,0.75,0.21,178.3,60.7,7.9,0.776,0.208,-0.045,0.216,16,1
288.685063,11.826446,46.093810,0.288683,12.16480,0.00900,12.128,10.664,15.212,4.22,1.35,0.9,63.2,9.1,4.429,1.347,0.139,1.354,16,1
288.689492,11.370331,45.691984,0.072820,9.37180,0.00080,9.395,8.211,11.927,0.99,0.17,79.3,141.6,4.9,-0.935,0.173,0.368,0.147,16,1
288.250732,11.342366,45.467528,0.440854,9.48340,0.00053,9.516,8.451,11.675,1.86,0.23,2.3,64.7,3.5,1.864,0.229,0.148,0.184,32,1
288.692257,11.190700,45.534202,-0.013085,12.08870,0.00700,12.166,11.802,13.206,1.73,0.84,72.1,134.4,13.8,-1.560,0.831,1.122,0.845,16,1
288.697280,11.799289,46.075324,0.265472,10.14130,0.00106,10.182,9.721,11.441,1.62,0.19,4.1,66.4,3.4,1.614,0.192,0.232,0.195,32,1
288.050473,11.619964,45.622649,0.743370,9.70970,0.00090,9.805,9.182,11.371,0.49,0.21,8.7,71.2,12.3,0.507,0.210,0.160,0.207,16,1
288.252851,11.490538,45.599788,0.507696,12.13704,0.00579,12.250,11.858,13.283,3.58,1.23,116.3,178.7,9.3,-2.295,1.214,-3.010,1.234,32,1
288.253657,11.875912,45.941651,0.685619,10.94150,0.00520,10.866,10.118,12.799,1.50,0.44,28.7,91.1,8.4,0.845,0.439,1.320,0.444,16,1
288.697951,10.902188,45.281358,-0.152155,12.12236,0.00532,12.200,11.002,14.811,3.37,0.88,37.8,100.1,7.2,0.867,0.962,3.376,0.871,32,1
288.264125,11.678321,45.771306,0.584954,8.56470,0.00040,8.670,8.227,9.876,0.65,0.15,171.4,53.8,6.8,0.633,0.153,-0.195,0.154,16,1
288.264227,11.566281,45.672072,0.532929,10.27820,0.00220,10.313,10.213,10.633,0.68,0.29,179.4,61.8,12.0,0.741,0.286,-0.015,0.355,16,1
288.134773,11.893547,45.903379,0.796886,11.19740,0.00300,11.175,10.910,12.106,0.81,0.38,21.5,83.9,13.4,0.653,0.376,0.608,0.381,16,1
288.264483,11.422438,45.544729,0.466027,11.37090,0.00300,11.323,10.116,14.042,2.43,0.94,31.8,94.2,11.0,1.153,0.968,2.332,0.928,16,1
288.264979,11.026671,45.194278,0.282122,7.97130,0.00020,8.082,7.050,10.267,0.86,0.21,33.5,95.8,7.1,0.347,0.162,0.814,0.222,16,1
288.714374,11.759100,46.047521,0.231973,11.03870,0.00370,10.956,9.985,13.238,1.87,0.55,21.3,83.6,8.4,1.436,0.537,1.320,0.563,16,1
288.212536,11.752717,45.813821,0.664194,10.76180,0.00210,10.792,10.391,11.850,0.88,0.33,171.1,53.5,10.6,0.897,0.329,-0.287,0.294,16,1
288.008559,11.348908,45.363345,0.654319,10.11241,0.00092,10.232,9.796,11.327,1.04,0.21,81.0,143.4,5.7,-1.011,0.214,0.330,0.209,48,1
288.009343,11.646234,45.627291,0.791239,10.95415,0.00237,11.082,11.069,11.357,1.27,0.56,90.9,153.3,11.6,-1.392,0.564,-0.042,0.570,48,1
288.009348,11.646099,45.627173,0.791172,10.96590,0.00217,11.082,11.069,11.357,1.47,0.46,100.5,162.9,8.6,-1.437,0.462,-0.550,0.462,64,1
288.218710,11.277631,45.395611,0.438673,9.56720,0.00090,9.570,8.656,11.456,2.01,0.18,16.2,78.6,2.6,1.705,0.175,1.086,0.205,16,1
288.013321,11.073218,45.121111,0.522577,9.03020,0.00060,9.098,8.416,10.604,0.85,0.21,33.5,95.9,7.1,0.343,0.225,0.806,0.210,16,1
288.220493,11.684006,45.756539,0.625451,12.43780,0.01180,12.502,11.627,14.574,3.69,1.45,5.7,68.1,11.3,3.884,1.446,0.786,1.610,16,1
288.016425,11.220663,45.253226,0.588125,9.37630,0.00070,9.470,8.728,11.079,1.01,0.15,36.9,99.3,4.3,0.284,0.157,0.978,0.152,16,1
288.222225,11.432856,45.534761,0.507558,12.18390,0.00630,12.198,11.684,13.425,4.15,1.45,123.8,6.2,10.0,-1.670,1.506,-4.064,1.439,16,1
288.223895,11.711828,45.782739,0.635391,10.46660,0.00200,10.412,9.545,12.515,0.81,0.32,11.5,73.9,11.2,0.806,0.322,0.341,0.309,16,1
288.022057,10.983004,45.045110,0.473218,8.47810,0.00030,8.646,7.923,10.148,0.71,0.17,18.8,81.2,6.7,0.581,0.165,0.448,0.169,16,1
288.671047,10.889249,45.257621,-0.134778,9.32860,0.00050,9.311,8.005,11.922,2.89,0.26,25.4,87.7,2.6,1.836,0.260,2.251,0.256,16,1
288.671049,11.665052,45.944531,0.225814,12.11500,0.00930,12.136,11.707,13.401,2.69,1.31,153.9,36.2,14.0,1.832,1.339,-2.363,1.291,16,1
288.671879,11.648566,45.930312,0.217432,11.01680,0.00295,11.141,10.637,12.427,2.47,0.49,169.7,52.0,5.6,2.356,0.496,-0.883,0.476,32,1
288.671886,11.050309,45.400609,-0.060646,12.26641,0.00730,12.308,11.194,14.814,4.25,1.14,99.9,162.2,7.4,-4.138,1.141,-1.488,1.102,32,1
288.151141,11.168278,45.267992,0.446737,9.83963,0.00129,9.978,9.498,11.212,0.52,0.25,58.8,121.2,12.3,-0.265,0.291,0.510,0.232,32,1
288.151539,11.706281,45.744996,0.695609,9.75312,0.00077,9.780,9.120,11.450,0.42,0.20,162.0,44.5,12.1,0.377,0.184,-0.273,0.217,32,1
288.031854,11.235844,45.273689,0.581737,11.24620,0.00350,11.303,10.515,13.115,1.74,0.51,32.6,95.0,8.4,0.760,0.533,1.644,0.501,16,1
288.681630,11.787446,46.057717,0.273531,10.07360,0.00160,10.000,8.823,12.424,4.23,0.32,20.5,82.8,2.1,3.194,0.309,2.786,0.327,16,1
288.682461,11.188960,45.528194,-0.005385,9.40510,0.00060,9.515,8.781,11.219,1.38,0.11,39.7,102.0,2.3,0.257,0.101,1.363,0.111,16,1
288.153250,11.308477,45.393202,0.509852,11.01940,0.00290,11.039,10.501,12.052,2.45,0.40,23.7,86.1,4.6,1.679,0.381,1.830,0.406,16,1
288.701128,11.051671,45.415156,-0.085423,10.77470,0.00310,10.773,9.005,14.387,1.31,0.36,49.2,111.5,7.8,-0.199,0.347,1.347,0.360,16,1
288.040444,11.176026,45.224565,0.546577,11.39380,0.00480,11.374,10.671,13.198,2.66,1.00,35.3,97.7,10.7,0.942,0.716,2.680,1.026,16,1
288.051660,11.220491,45.269074,0.557410,10.37730,0.00190,10.483,10.162,11.242,0.87,0.28,61.5,124.0,9.4,-0.499,0.293,0.767,0.282,16,1
288.115320,11.275530,45.346772,0.527556,9.16040,0.00090,9.161,8.500,10.717,0.72,0.15,25.2,87.6,6.0,0.472,0.168,0.570,0.137,16,1
288.052055,11.045527,45.114164,0.476062,8.61086,0.00031,8.702,7.834,10.501,1.80,0.12,12.8,75.2,1.9,1.629,0.117,0.781,0.128,32,1
288.703139,11.329121,45.661718,0.041816,9.19570,0.00060,9.216,8.845,10.371,0.84,0.24,173.8,56.1,8.2,0.855,0.243,-0.188,0.209,16,1
288.703153,11.048608,45.413368,-0.088607,9.61124,0.00067,9.643,9.293,10.657,1.06,0.14,168.3,50.6,3.7,0.985,0.137,-0.425,0.136,32,1
288.120273,11.879598,45.884443,0.803003,9.58850,0.00070,9.627,9.056,11.073,1.12,0.21,18.6,81.0,5.5,0.904,0.214,0.688,0.218,16,1
288.704522,11.863299,46.135293,0.288953,11.96300,0.00690,11.924,10.924,14.089,6.16,1.73,18.4,80.7,8.0,5.126,1.768,3.831,1.650,16,1
288.121907,11.064557,45.162779,0.424113,10.33110,0.00200,10.376,9.427,12.514,0.96,0.36,16.3,78.7,10.8,0.866,0.388,0.555,0.297,16,1
288.122707,11.262683,45.338741,0.515185,10.43050,0.00180,10.422,9.917,11.752,1.09,0.27,16.2,78.6,7.2,0.948,0.284,0.600,0.240,16,1
288.704843,10.862795,45.249627,-0.176460,12.23650,0.00510,12.255,10.948,14.938,5.05,1.40,20.0,82.3,8.0,4.021,1.407,3.367,1.396,16,1
288.706024,11.895438,46.164432,0.302592,10.12140,0.00130,10.149,9.747,11.212,1.08,0.36,166.8,49.1,9.6,1.020,0.359,-0.507,0.377,16,1
288.011768,11.651006,45.632621,0.791342,10.82844,0.00233,10.957,10.636,11.945,1.39,0.42,56.4,118.8,8.3,-0.562,0.467,1.339,0.413,32,1
288.014150,11.464186,45.468077,0.702814,10.42846,0.00161,10.438,9.615,12.373,1.65,0.33,43.5,106.0,5.5,0.087,0.325,1.683,0.326,32,1
288.513522,11.818509,46.008780,0.433681,10.16000,0.00140,10.198,9.467,11.914,2.17,0.28,176.9,59.3,3.7,2.178,0.283,-0.234,0.281,16,1
288.516132,11.757947,45.956326,0.403299,11.27470,0.00250,11.312,10.778,12.698,1.82,0.52,1.7,64.0,8.2,1.895,0.522,0.111,0.540,16,1
288.516139,11.611919,45.826994,0.335491,11.21570,0.00440,11.208,10.756,12.358,1.22,0.60,151.3,33.7,14.1,0.735,0.662,-1.146,0.573,16,1
288.133241,11.458408,45.516998,0.596686,10.13890,0.00130,10.179,9.759,11.326,0.73,0.21,68.0,130.4,8.5,-0.545,0.191,0.526,0.238,16,1
288.149095,11.397293,45.470030,0.554605,9.30880,0.00090,9.384,8.746,10.880,0.55,0.20,84.4,146.8,10.3,-0.574,0.198,0.114,0.219,16,1
288.519910,11.794438,45.990363,0.416967,9.96154,0.00086,10.034,9.471,11.476,1.54,0.21,12.8,75.2,3.9,1.400,0.212,0.672,0.206,32,1
288.149631,11.263513,45.351708,0.492167,10.31390,0.00150,10.349,9.463,12.273,1.10,0.32,11.4,73.8,8.3,1.055,0.324,0.443,0.284,16,1
288.521001,11.287225,45.541635,0.180503,12.35910,0.00780,12.273,11.581,13.838,2.93,1.18,17.1,79.5,11.6,2.609,1.214,1.776,1.115,16,1
288.151633,10.889994,45.021591,0.317387,11.14498,0.00195,11.208,10.389,13.137,1.11,0.40,70.6,133.0,9.7,-0.919,0.399,0.738,0.396,48,1
288.030164,11.807267,45.779492,0.847690,9.68560,0.00077,9.769,9.150,11.396,1.64,0.37,0.1,62.5,6.2,1.683,0.367,0.004,0.360,32,1
288.552211,11.308363,45.574569,0.163215,11.06550,0.00260,11.011,9.834,13.551,1.81,0.35,5.9,68.3,5.5,1.802,0.345,0.379,0.376,16,1
288.552240,11.425650,45.678452,0.217663,9.44070,0.00070,9.413,8.891,10.806,0.92,0.16,165.2,47.6,5.1,0.813,0.167,-0.460,0.150,16,1
288.553099,10.807156,45.131105,-0.070343,8.92500,0.00050,8.980,8.612,10.071,0.89,0.20,179.5,61.9,6.4,0.910,0.198,-0.015,0.176,16,1
288.036584,11.704037,45.690883,0.794342,8.89530,0.00040,8.974,8.938,9.268,0.69,0.14,98.6,161.0,5.7,-0.668,0.133,-0.206,0.169,16,1
288.153303,11.300722,45.386353,0.506213,11.72970,0.00550,11.753,11.444,12.815,1.53,0.75,24.0,86.4,14.0,1.136,0.785,1.266,0.712,16,1
288.555869,11.446937,45.698956,0.224399,10.63070,0.00190,10.613,9.581,12.892,1.39,0.28,30.5,92.8,5.7,0.689,0.253,1.243,0.282,16,1
288.036614,11.649165,45.642252,0.768919,10.45028,0.00148,10.528,9.850,12.173,1.77,0.61,179.3,61.7,9.4,1.871,0.611,-0.046,0.572,32,1
288.037126,11.130585,45.182777,0.528426,10.72930,0.00290,10.757,10.267,11.815,1.42,0.57,48.0,110.4,11.5,-0.159,0.439,1.518,0.572,16,1
288.037631,11.128888,45.181503,0.527202,9.16410,0.00060,9.217,8.464,10.714,0.41,0.15,35.1,97.5,10.1,0.148,0.126,0.411,0.148,16,1
288.154528,11.462246,45.530063,0.579974,11.27725,0.00304,11.361,10.522,13.267,2.21,0.55,67.9,130.3,6.9,-1.630,0.537,1.589,0.566,32,1
288.154534,10.876127,45.010621,0.308437,10.10593,0.00095,10.010,8.908,12.533,2.46,0.26,27.5,89.9,3.0,1.421,0.252,2.024,0.261,32,1
288.540315,10.944172,45.246616,0.004410,10.23860,0.00130,10.221,9.692,11.611,1.05,0.24,15.8,78.2,6.4,0.920,0.241,0.568,0.228,16,1
288.052911,11.221683,45.270698,0.556874,10.58910,0.00230,10.602,9.849,12.355,1.12,0.42,41.8,104.3,10.7,0.131,0.316,1.189,0.419,16,1
288.155353,10.919048,45.049031,0.327610,10.49589,0.00138,10.622,10.387,11.025,1.00,0.37,81.8,144.2,10.0,-1.024,0.375,0.302,0.346,32,1
288.565724,11.338103,45.607060,0.165294,10.58650,0.00180,10.628,10.212,11.754,1.25,0.28,118.7,1.0,6.4,-0.687,0.308,-1.075,0.268,16,1
288.493384,11.096880,45.360472,0.116118,11.52790,0.00540,11.488,11.018,12.818,2.93,0.78,156.8,39.2,7.6,2.092,0.727,-2.192,0.817,16,1
288.048779,11.177533,45.229686,0.540027,8.50870,0.00040,8.407,7.778,9.965,0.68,0.14,27.7,90.1,5.8,0.395,0.143,0.572,0.136,16,1
288.108922,11.495918,45.539206,0.635180,9.33364,0.00048,9.426,8.705,10.992,0.58,0.19,7.1,69.5,9.1,0.593,0.194,0.150,0.200,32,1
288.570924,10.979544,45.291899,-0.005773,10.29580,0.00140,10.304,9.248,12.702,2.40,0.23,12.0,74.3,2.8,2.205,0.227,0.983,0.274,16,1
288.002929,11.365291,45.375314,0.666795,9.73272,0.00065,9.789,9.353,10.999,1.04,0.19,78.6,141.1,5.1,-0.978,0.189,0.410,0.191,32,1
288.574562,11.004123,45.315324,0.002481,8.42970,0.00030,8.517,7.415,10.752,1.83,0.12,28.3,90.6,1.8,1.008,0.125,1.530,0.113,16,1
288.582170,11.725853,45.957930,0.331134,11.44520,0.00350,11.529,10.612,13.500,4.13,0.77,17.6,79.9,5.4,3.431,0.782,2.421,0.754,16,1
288.497625,11.845658,46.025603,0.460066,10.69310,0.00260,10.712,9.343,13.590,3.11,0.39,17.2,79.5,3.6,2.584,0.390,1.770,0.380,16,1
288.004666,10.988939,45.042468,0.491098,11.03871,0.00203,11.100,10.284,13.025,1.96,0.36,19.7,82.2,5.2,1.537,0.368,1.263,0.347,32,1
288.005438,11.018663,45.069169,0.504184,8.67358,0.00024,8.810,8.228,10.230,0.36,0.12,171.7,54.2,9.2,0.360,0.120,-0.107,0.134,32,1
288.006256,11.629183,45.610775,0.786029,11.75260,0.00468,11.750,11.417,12.757,1.64,0.80,96.5,159.0,12.5,-1.778,0.799,-0.411,0.789,32,1
288.112155,11.597464,45.630680,0.679398,10.43380,0.00150,10.445,9.570,12.574,1.39,0.34,17.0,79.4,7.0,1.188,0.340,0.799,0.336,16,1
288.502856,11.871853,46.051181,0.467693,11.42940,0.00440,11.463,10.928,12.796,4.16,1.04,1.7,64.0,7.2,4.278,1.044,0.255,1.093,16,1
288.008668,11.244365,45.270716,0.605840,9.53250,0.00078,9.647,9.360,10.324,0.60,0.17,91.3,153.7,7.7,-0.627,0.169,-0.028,0.203,32,1
288.114581,11.077189,45.170644,0.436336,9.14760,0.00060,9.234,8.518,10.891,0.66,0.13,7.5,70.0,5.5,0.649,0.127,0.175,0.101,16,1
288.593878,11.746563,45.981595,0.330603,11.58330,0.00330,11.562,10.662,13.825,3.49,0.83,27.2,89.5,6.8,2.089,0.840,2.919,0.824,16,1
288.011074,11.315690,45.335038,0.636759,9.29280,0.00110,9.371,8.900,10.510,0.84,0.24,105.6,168.0,8.2,-0.751,0.250,-0.456,0.223,16,1
288.508142,11.307386,45.553636,0.201033,11.98730,0.00630,11.988,11.321,13.752,2.88,0.94,169.7,52.0,9.4,2.831,0.951,-1.068,0.863,16,1
288.121120,11.066806,45.164414,0.425839,9.90430,0.00120,9.955,9.093,11.844,1.46,0.24,6.5,68.9,4.8,1.437,0.237,0.333,0.332,16,1
288.513545,11.547067,45.768375,0.307630,10.60440,0.00250,10.558,9.500,12.526,2.84,0.46,18.3,80.7,4.7,2.310,0.401,1.719,0.558,16,1
288.513586,11.435986,45.670012,0.256017,10.99320,0.00270,10.963,9.485,14.017,1.89,0.51,169.2,51.5,7.8,1.816,0.513,-0.719,0.507,16,1
288.018901,11.239904,45.271407,0.594878,9.98600,0.00120,10.025,9.451,11.461,0.54,0.27,81.3,143.7,14.3,-0.574,0.265,0.180,0.292,16,1
288.598235,11.772246,46.006321,0.338756,9.88350,0.00090,9.954,9.396,11.358,1.20,0.20,7.5,69.8,4.8,1.172,0.201,0.315,0.197,16,1
288.517064,11.902359,46.084656,0.469542,11.97630,0.00790,11.961,11.057,14.105,3.52,1.67,17.4,79.7,13.6,3.206,1.689,2.222,1.636,16,1
288.519093,11.799985,45.994905,0.420250,10.07670,0.00150,10.132,9.586,11.167,1.09,0.26,26.4,88.7,6.8,0.680,0.266,0.893,0.257,16,1
288.519107,11.941298,46.120073,0.485850,11.37242,0.00423,11.464,11.020,12.587,2.53,0.97,159.9,42.2,10.2,2.070,0.974,-1.755,0.966,32,1
288.654456,11.040990,45.384407,-0.049830,11.01177,0.00209,10.997,10.177,12.895,2.20,0.33,13.8,76.1,4.2,1.967,0.315,1.030,0.372,32,1
288.127795,11.891445,45.898353,0.801965,11.48170,0.00430,11.471,10.834,13.004,1.88,0.77,17.2,79.7,11.7,1.671,0.765,1.147,0.776,16,1
288.598608,11.278678,45.569415,0.109134,10.18200,0.00110,10.279,8.504,13.829,0.74,0.18,157.6,39.9,7.0,0.539,0.175,-0.536,0.187,16,1
288.598801,11.794635,46.026405,0.348667,11.52360,0.00329,11.546,11.111,12.732,1.73,0.69,3.7,66.1,10.6,1.848,0.688,0.242,0.689,32,1
288.519153,11.588239,45.807392,0.321881,9.67520,0.00100,9.676,8.639,11.868,1.76,0.13,6.7,69.0,2.2,1.716,0.134,0.409,0.135,16,1
288.648384,11.735285,45.996404,0.278107,9.86450,0.00110,9.858,9.455,11.222,1.54,0.17,165.6,47.9,3.1,1.361,0.168,-0.748,0.157,16,1
288.648585,11.025798,45.368277,-0.051788,9.14230,0.00050,9.199,8.388,11.040,1.95,0.11,3.7,66.0,1.6,1.938,0.111,0.251,0.109,16,1
288.648752,11.670164,45.938909,0.247525,8.86440,0.00050,8.956,7.726,11.559,2.95,0.12,23.5,85.9,1.2,2.011,0.135,2.163,0.106,16,1
288.648960,11.636954,45.909597,0.231911,11.34510,0.00450,11.421,10.937,12.779,3.83,0.74,149.5,31.8,5.6,1.887,0.676,-3.416,0.762,16,1
288.526736,10.850284,45.157274,-0.027382,11.89920,0.00670,11.836,10.616,14.374,5.27,1.13,14.9,77.2,6.2,4.682,1.142,2.680,1.105,16,1
288.547921,11.031484,45.327408,0.038348,11.73790,0.00490,11.797,11.404,12.920,2.10,0.79,56.5,118.8,10.7,-0.874,0.683,2.068,0.805,16,1
288.549624,11.394757,45.649902,0.205586,10.70480,0.00200,10.726,10.228,11.921,2.48,0.31,170.6,52.9,3.5,2.367,0.300,-0.809,0.355,16,1
288.551387,11.281216,45.550152,0.151322,10.61560,0.00170,10.598,8.999,13.872,2.29,0.30,90.2,152.5,3.7,-2.309,0.299,-0.013,0.260,16,1
288.529328,10.987631,45.280095,0.034145,10.22230,0.00140,10.253,9.556,11.863,0.81,0.21,178.3,60.6,7.6,0.838,0.214,-0.049,0.225,16,1
288.543552,11.226885,45.498467,0.132895,8.99150,0.00050,8.977,8.359,10.396,0.93,0.13,5.1,67.5,4.1,0.927,0.132,0.168,0.138,16,1
288.540764,10.918576,45.224153,-0.007868,7.46070,0.00020,7.402,6.752,8.874,2.17,1.08,161.8,44.1,14.2,1.953,0.927,-1.440,1.316,16,1
288.557704,11.805346,46.017204,0.389267,11.49050,0.00520,11.484,10.214,14.168,2.37,0.79,23.4,85.8,9.5,1.705,0.784,1.821,0.791,16,1
288.558593,10.903082,45.218562,-0.030568,7.97290,0.00020,8.047,7.264,9.658,1.24,0.17,175.9,58.3,3.9,1.236,0.167,-0.176,0.188,16,1
288.541239,11.632441,45.856586,0.323246,11.14610,0.00350,11.110,9.995,13.565,3.45,0.58,7.8,70.2,4.8,3.365,0.581,0.943,0.516,16,1
288.541300,11.370651,45.624763,0.201617,10.37590,0.00170,10.395,9.466,12.507,1.48,0.32,169.5,51.8,6.2,1.410,0.310,-0.541,0.364,16,1
288.487431,11.068222,45.332378,0.107987,11.91970,0.00660,12.058,11.561,13.274,2.74,1.17,8.4,70.7,12.3,2.855,1.177,0.863,1.141,16,1
288.616352,10.923161,45.262690,-0.071463,12.40294,0.00727,12.396,11.256,15.173,4.51,1.56,23.3,85.6,9.3,3.279,1.658,3.467,1.457,32,1
288.616355,10.853372,45.200893,-0.103892,8.16530,0.00020,8.177,7.450,9.952,2.75,0.27,19.7,82.0,2.8,2.136,0.275,1.758,0.272,16,1
288.489977,11.792666,45.975190,0.442096,11.99804,0.00485,12.077,11.445,13.465,3.50,1.02,19.2,81.5,8.0,2.856,1.013,2.263,1.038,32,1
288.490856,11.600626,45.805493,0.352183,11.12330,0.00380,11.115,10.589,12.468,1.34,0.47,159.2,41.5,10.0,1.059,0.458,-0.941,0.477,16,1
288.490857,11.890587,46.062324,0.486789,10.71740,0.00220,10.640,9.866,12.226,2.94,0.57,12.8,75.2,5.6,2.698,0.573,1.295,0.560,16,1
288.491735,10.953313,45.232565,0.050897,12.17520,0.00750,12.138,11.652,13.537,3.48,1.12,13.6,75.9,9.2,3.247,1.144,1.670,1.006,16,1
288.619082,11.106097,45.425925,0.011164,11.18037,0.00277,11.156,10.818,12.235,0.94,0.43,116.5,178.9,12.0,-0.619,0.376,-0.824,0.461,32,1
288.287400,11.234229,45.388383,0.358861,11.06530,0.00330,11.095,10.247,13.155,2.90,0.51,152.6,35.0,5.0,1.701,0.516,-2.410,0.507,16,1
288.288972,11.229747,45.385126,0.355417,12.24330,0.00860,12.246,11.178,14.811,3.28,1.09,175.9,58.2,9.5,3.425,1.095,-0.499,1.072,16,1
288.494264,10.850332,45.142509,0.000885,9.75830,0.00090,9.792,8.954,11.682,1.63,0.18,176.8,59.2,3.2,1.629,0.183,-0.180,0.177,16,1
288.622027,11.353131,45.646014,0.123392,9.67114,0.00053,9.754,9.387,10.709,0.69,0.16,153.9,36.2,6.6,0.432,0.155,-0.559,0.169,64,1
288.157373,11.015465,45.135397,0.370522,7.94930,0.00021,8.061,7.071,10.081,1.43,0.11,18.1,80.6,2.2,1.158,0.109,0.850,0.113,32,1
288.157380,11.738595,45.776286,0.705508,11.66420,0.00453,11.620,11.217,12.504,1.50,0.67,133.2,15.7,11.7,-0.101,0.664,-1.644,0.670,32,1
288.157474,10.982397,45.106137,0.355114,10.98726,0.00194,10.973,10.054,13.174,2.77,0.32,14.6,77.0,3.3,2.437,0.328,1.358,0.303,32,1
288.497671,11.207998,45.460841,0.163982,11.92490,0.00560,11.889,9.875,15.573,7.40,0.97,139.0,21.4,3.8,1.050,0.920,-7.388,0.977,16,1
288.623907,10.985124,45.321004,-0.049240,7.94930,0.00020,8.018,7.510,9.417,1.14,0.11,21.6,83.9,2.7,0.837,0.100,0.786,0.112,16,1
288.292275,10.840566,45.041811,0.172088,11.45050,0.00310,11.471,10.857,12.923,1.81,0.78,40.7,103.0,12.4,0.298,0.765,1.952,0.783,16,1
288.501170,11.293331,45.538013,0.200562,9.17660,0.00050,9.197,8.735,10.470,1.00,0.15,163.8,46.1,4.4,0.851,0.158,-0.541,0.142,16,1
288.625924,11.719929,45.972587,0.290444,11.41280,0.00314,11.206,10.164,13.676,2.69,0.60,11.1,73.4,6.3,2.549,0.600,1.039,0.609,32,1
288.625973,11.943421,46.170516,0.394245,8.76237,0.00021,8.888,8.153,10.567,0.49,0.16,149.9,32.2,9.1,0.255,0.162,-0.447,0.164,64,1
288.157668,11.650161,45.698036,0.664295,11.06835,0.00279,11.039,10.497,12.589,1.44,0.68,144.1,26.5,12.2,0.498,0.645,-1.518,0.685,48,1
288.157753,11.083150,45.195554,0.401549,12.33245,0.00806,12.345,11.639,14.066,3.44,1.24,15.9,78.3,9.7,3.111,1.235,1.921,1.238,32,1
288.294979,11.246058,45.402310,0.357759,10.73280,0.00240,10.753,10.207,12.133,1.67,0.39,160.9,43.3,6.7,1.352,0.422,-1.060,0.332,16,1
288.502925,11.346618,45.586008,0.223779,11.08480,0.00270,11.101,10.263,13.069,1.52,0.40,151.8,34.1,7.6,0.872,0.394,-1.311,0.406,16,1
288.503735,11.082555,45.352501,0.100470,11.08410,0.00330,11.104,10.752,12.100,1.97,0.68,2.1,64.5,9.9,2.077,0.678,0.155,0.683,16,1
288.629761,11.497485,45.777361,0.183755,9.91774,0.00093,9.989,8.868,12.460,0.89,0.20,169.3,51.6,6.2,0.846,0.193,-0.332,0.214,48,1
288.630698,11.326554,45.626431,0.103514,11.37780,0.00400,11.416,10.921,12.663,1.76,0.54,170.7,53.0,8.7,1.745,0.535,-0.590,0.548,16,1
288.297590,11.244812,45.402394,0.354913,11.72320,0.00640,11.725,10.960,13.668,3.78,0.73,152.0,34.3,5.6,2.146,0.709,-3.192,0.744,16,1
288.505574,11.983479,46.151287,0.517159,9.83950,0.00110,9.901,8.830,12.210,2.92,0.41,9.9,72.3,4.1,2.777,0.413,1.004,0.428,16,1
288.298310,11.889771,45.974188,0.653325,11.46120,0.00500,11.479,10.676,13.331,1.99,0.70,15.7,78.1,10.0,1.802,0.721,1.102,0.632,16,1
288.108980,10.988468,45.089465,0.400116,9.78190,0.00130,9.822,9.254,11.262,0.43,0.21,1.3,63.7,13.8,0.482,0.210,0.022,0.216,16,1
288.110598,11.898390,45.896716,0.820096,9.74740,0.00090,9.763,8.974,11.485,1.19,0.19,1.0,63.4,4.5,1.207,0.186,0.042,0.193,16,1
288.298919,10.957157,45.148135,0.220371,11.63480,0.00440,11.491,10.290,13.773,2.13,0.74,17.7,80.1,10.0,1.842,0.681,1.309,0.858,16,1
288.512743,10.806886,45.112457,-0.035362,10.45050,0.00210,10.440,9.367,12.868,3.93,0.54,15.5,77.8,3.9,3.400,0.534,2.036,0.538,16,1
288.512765,11.797354,45.989699,0.424515,11.24696,0.00307,11.291,10.725,12.727,1.40,0.46,26.8,89.2,8.9,0.875,0.464,1.189,0.459,32,1
288.300450,11.516756,45.644644,0.478523,10.20110,0.00200,10.250,9.431,12.182,2.19,0.37,164.5,46.9,4.8,1.908,0.359,-1.144,0.401,16,1
288.302296,11.233442,45.394460,0.345551,10.54850,0.00210,10.575,9.806,12.397,2.37,0.36,161.6,44.0,4.4,1.918,0.367,-1.432,0.362,16,1
288.520018,11.590649,45.809920,0.322249,11.87970,0.00850,11.859,10.466,14.913,6.00,1.17,22.5,84.9,5.6,4.323,1.101,4.329,1.236,16,1
288.648806,11.767963,46.025531,0.292927,12.13630,0.00900,12.074,11.618,13.132,3.82,1.27,156.8,39.2,9.5,2.783,1.285,-2.912,1.261,16,1
288.303039,11.795406,45.892719,0.605474,10.19040,0.00160,10.285,9.553,12.126,1.19,0.27,13.4,75.8,6.5,1.084,0.261,0.548,0.292,16,1
288.303057,10.935371,45.130717,0.206669,9.58871,0.00062,9.657,8.874,11.505,1.89,0.16,3.0,65.4,2.4,1.891,0.159,0.197,0.197,32,1
288.521734,11.577547,45.799096,0.314677,10.36370,0.00200,10.378,9.958,11.452,1.41,0.39,168.4,50.8,7.8,1.346,0.384,-0.576,0.399,16,1
288.522436,11.075628,45.354888,0.081000,10.47070,0.00190,10.499,9.734,12.272,1.28,0.40,175.7,58.1,9.0,1.329,0.403,-0.200,0.447,16,1
288.120361,11.455109,45.508227,0.606346,9.77730,0.00100,9.819,8.957,11.554,1.28,0.20,26.1,88.5,4.5,0.794,0.198,1.027,0.204,16,1
288.305014,10.831111,45.039235,0.156618,12.43657,0.00698,12.533,12.196,13.517,2.65,1.22,16.8,79.2,12.0,2.432,1.226,1.614,1.212,32,1
288.523120,10.944332,45.238918,0.019436,11.32310,0.00320,11.263,10.516,13.169,1.10,0.54,24.6,86.9,14.0,0.803,0.524,0.931,0.551,16,1
288.305472,11.788447,45.887657,0.600137,9.65360,0.00160,9.802,9.498,10.728,1.67,0.82,176.7,59.0,14.1,1.847,0.821,-0.216,0.674,16,1
288.305833,11.943231,46.024971,0.671588,10.15925,0.00127,10.184,9.784,11.224,1.11,0.21,13.2,75.6,5.4,1.016,0.206,0.504,0.236,32,1
288.526777,11.856604,46.048544,0.439879,11.38740,0.00490,11.350,10.823,12.653,1.73,0.83,179.1,61.5,13.7,1.917,0.827,-0.057,0.868,16,1
288.527684,10.969587,45.263366,0.027195,11.23600,0.00330,11.130,10.027,13.675,3.79,0.54,18.7,81.0,4.1,3.045,0.543,2.324,0.535,16,1
288.651568,11.479746,45.771584,0.156589,10.98440,0.00380,11.003,10.445,12.573,1.78,0.47,160.8,43.1,7.5,1.447,0.454,-1.143,0.485,16,1
288.651660,11.751854,46.012566,0.282967,11.94010,0.00840,11.933,10.881,14.209,3.25,1.45,27.0,89.3,12.8,2.091,1.432,2.872,1.454,16,1
288.601085,10.880539,45.217982,-0.077991,11.17500,0.00350,11.177,10.750,12.379,2.20,0.71,4.9,67.2,9.3,2.278,0.713,0.393,0.790,16,1
288.176010,11.795897,45.835522,0.715888,11.44440,0.00370,11.477,10.876,12.960,1.26,0.61,161.7,44.1,12.5,1.122,0.605,-0.833,0.622,32,1
288.529397,11.723670,45.931998,0.375881,10.40220,0.00160,10.372,9.817,11.787,1.33,0.34,171.7,54.0,7.5,1.312,0.345,-0.392,0.344,16,1
288.176819,11.043639,45.169208,0.366661,8.26880,0.00024,8.345,8.260,8.472,1.10,0.10,173.0,55.4,2.6,1.068,0.101,-0.265,0.105,32,1
288.181776,11.277744,45.378926,0.470823,12.19370,0.00800,12.230,11.783,13.529,3.22,1.08,121.7,4.1,9.6,-1.523,1.164,-3.032,1.057,16,1
288.269748,11.007680,45.179621,0.269170,11.06650,0.00330,10.818,10.038,12.083,1.17,0.52,76.2,138.6,12.6,-1.136,0.502,0.594,0.565,16,1
288.269761,11.580832,45.687479,0.534871,6.95930,0.00010,6.981,6.165,8.613,1.31,0.65,115.5,177.9,14.0,-0.922,0.591,-1.139,0.678,16,1
288.271490,11.390992,45.520050,0.445363,8.43770,0.00030,8.462,7.835,9.991,0.32,0.16,167.0,49.4,14.1,0.317,0.156,-0.154,0.154,16,1
288.271499,11.463675,45.584457,0.479051,9.95640,0.00110,10.013,8.855,12.367,0.64,0.27,15.0,77.4,12.2,0.601,0.269,0.347,0.281,16,1
288.537438,11.036644,45.327200,0.049856,10.47270,0.00150,10.632,9.171,12.631,1.36,0.30,22.8,85.2,6.3,0.972,0.346,0.996,0.245,16,1
288.610980,10.962568,45.295134,-0.048483,10.69270,0.00142,10.766,9.948,12.630,2.56,0.24,13.9,76.2,2.6,2.278,0.238,1.199,0.230,32,1
288.186040,11.332493,45.429382,0.492485,10.29440,0.00160,10.313,9.524,12.109,1.84,0.20,1.1,63.5,3.1,1.854,0.201,0.073,0.226,16,1
288.487488,11.168464,45.421188,0.154476,10.17520,0.00150,10.171,9.191,12.429,2.21,0.30,125.3,7.7,3.9,-0.740,0.296,-2.104,0.303,16,1
288.612791,11.503199,45.774693,0.201135,10.86358,0.00186,10.876,10.142,12.586,2.40,0.39,163.3,45.6,4.6,2.030,0.370,-1.334,0.437,48,1
288.614652,11.617203,45.876493,0.252489,11.14485,0.00292,11.217,10.712,12.599,2.25,0.51,166.1,48.4,6.4,2.040,0.508,-1.079,0.530,32,1
288.187884,11.718811,45.772588,0.669874,10.65250,0.00250,10.628,9.825,12.453,0.69,0.29,148.7,31.1,12.0,0.345,0.308,-0.663,0.283,16,1
288.277470,11.787831,45.874402,0.624139,11.49150,0.00810,11.602,11.253,12.559,3.56,1.59,173.3,55.7,12.8,3.791,1.597,-0.901,1.489,16,1
288.492639,11.461107,45.682729,0.285864,10.43410,0.00160,10.480,9.431,12.729,1.63,0.34,172.3,54.6,5.9,1.607,0.338,-0.443,0.321,16,1
288.616459,10.870369,45.215991,-0.096085,10.99790,0.00230,11.019,10.449,12.522,1.77,0.35,8.7,71.0,5.7,1.724,0.355,0.540,0.353,16,1
288.618210,11.481245,45.757720,0.186232,9.90617,0.00084,9.920,9.052,11.957,1.29,0.20,155.8,38.1,4.5,0.863,0.187,-0.974,0.215,32,1
288.619122,11.365653,45.655779,0.131732,11.58586,0.00405,11.592,10.519,14.091,1.36,0.67,157.3,39.6,12.6,1.060,0.685,-1.079,0.645,32,1
288.189211,11.152060,45.270924,0.406123,9.57550,0.00090,9.685,9.364,10.567,0.59,0.18,16.8,79.2,8.6,0.512,0.178,0.340,0.174,16,1
288.279924,11.803940,45.889790,0.629479,9.07050,0.00060,9.152,8.681,10.311,0.91,0.29,42.4,104.7,9.0,0.088,0.281,0.948,0.286,16,1
288.281548,11.695147,45.794125,0.577636,8.98660,0.00060,9.045,8.175,10.992,1.54,0.15,179.6,62.0,2.8,1.549,0.151,-0.023,0.140,16,1
288.499437,11.450464,45.676396,0.275022,10.41990,0.00200,10.443,9.452,12.674,1.70,0.29,133.5,15.8,4.8,-0.091,0.294,-1.726,0.288,16,1
288.623038,11.732827,45.982696,0.298939,7.36895,0.00014,7.271,5.825,10.111,3.80,0.51,21.7,84.1,3.8,2.781,0.500,2.635,0.515,32,1
288.284098,11.765249,45.857400,0.607922,10.05670,0.00140,10.093,9.197,12.136,1.08,0.23,20.6,83.0,6.2,0.828,0.218,0.726,0.249,16,1
288.286621,11.790470,45.880893,0.617426,10.65100,0.00220,10.671,9.932,12.374,1.32,0.35,22.7,85.1,7.7,0.961,0.381,0.977,0.328,16,1
288.501211,10.904176,45.193365,0.019842,11.64990,0.00440,11.616,10.695,13.727,1.91,0.58,175.2,57.6,8.7,1.967,0.580,-0.329,0.582,16,1
288.502095,11.444758,45.672552,0.270065,11.33860,0.00390,11.392,10.911,12.608,1.39,0.52,138.9,21.2,10.6,0.202,0.519,-1.471,0.516,16,1
288.502960,11.393412,45.627469,0.245475,9.95210,0.00120,9.960,9.122,11.934,0.57,0.23,6.1,68.5,11.3,0.603,0.226,0.131,0.241,16,1
288.625990,10.828803,45.183534,-0.123688,9.51400,0.00060,9.549,8.366,11.936,2.81,0.21,10.4,72.8,2.2,2.637,0.212,1.006,0.215,16,1
288.194100,11.466562,45.551857,0.547604,9.67850,0.00090,9.767,9.332,11.040,0.61,0.15,121.3,3.7,7.3,-0.288,0.151,-0.556,0.155,16,1
288.289042,10.820538,45.022593,0.165615,10.78000,0.00190,10.806,9.905,12.880,1.82,0.38,25.6,87.9,5.9,1.168,0.381,1.449,0.372,16,1
288.195982,10.848127,45.004670,0.259391,8.98660,0.00040,8.873,7.631,11.393,3.77,0.21,27.2,89.6,1.6,2.192,0.209,3.074,0.207,16,1
288.631649,11.100858,45.427016,-0.002190,12.48680,0.00840,12.497,12.069,13.719,2.73,1.31,54.8,117.1,13.8,-1.012,1.457,2.858,1.296,16,1
288.293192,11.703556,45.806863,0.571431,12.16030,0.00850,12.180,11.583,13.855,2.46,1.12,168.9,51.3,13.0,2.505,1.115,-1.024,1.154,16,1
288.295011,10.995612,45.180427,0.241602,12.32310,0.00920,12.346,12.072,13.190,2.87,1.34,67.4,129.7,13.4,-2.227,1.222,2.249,1.454,16,1
288.197845,10.911764,45.061909,0.287261,12.00080,0.00690,12.004,10.757,14.841,4.90,0.97,22.4,84.8,5.7,3.542,0.898,3.529,1.041,16,1
288.199051,11.039511,45.175661,0.345412,10.76613,0.00231,10.767,10.465,11.788,0.86,0.28,10.3,72.7,9.0,0.849,0.281,0.318,0.306,32,1
288.647207,10.941018,45.292580,-0.089991,9.39950,0.00060,9.423,8.349,11.744,2.25,0.20,28.0,90.3,2.5,1.258,0.173,1.869,0.207,16,1
288.647620,10.912095,45.267158,-0.103791,11.12160,0.00400,11.124,9.758,14.064,2.59,0.57,46.7,109.0,6.3,-0.161,0.675,2.646,0.569,16,1
288.159216,11.329151,45.414235,0.514245,10.22888,0.00117,10.260,9.763,11.620,0.71,0.28,149.0,31.4,10.4,0.356,0.226,-0.671,0.290,32,1
288.297885,11.348507,45.494404,0.402738,9.94680,0.00110,9.990,9.654,11.058,0.89,0.38,145.1,27.4,12.2,0.331,0.382,-0.903,0.376,16,1
288.160788,11.196006,45.296950,0.451195,11.59392,0.00335,11.668,11.370,12.602,1.61,0.67,73.2,135.7,11.0,-1.456,0.692,0.965,0.609,48,1
288.160809,11.907739,45.927758,0.780880,9.85499,0.00086,9.910,9.299,11.463,0.77,0.27,21.3,83.7,9.5,0.603,0.258,0.554,0.285,32,1
288.161569,11.879918,45.903444,0.767335,10.66634,0.00133,10.720,10.194,12.101,0.93,0.36,14.6,77.1,10.4,0.874,0.365,0.489,0.357,32,1
288.300471,11.652974,45.765349,0.541664,10.90950,0.00320,10.937,10.273,12.420,1.43,0.67,4.0,66.4,13.3,1.566,0.667,0.222,0.680,16,1
288.521839,11.937204,46.117688,0.481582,11.40700,0.00480,11.414,10.727,13.076,2.27,0.79,16.8,79.2,9.9,1.996,0.776,1.328,0.804,16,1
288.652523,11.138028,45.469447,-0.003052,9.89310,0.00090,9.856,9.406,11.053,1.13,0.25,178.0,60.3,6.2,1.157,0.246,-0.080,0.248,16,1
288.522506,11.825728,46.019257,0.429245,12.15640,0.01010,12.169,11.663,13.280,3.17,1.53,156.9,39.2,13.9,2.435,1.557,-2.540,1.509,16,1
288.523913,11.703458,45.911603,0.371251,10.52500,0.00150,10.513,9.745,12.279,1.90,0.51,1.1,63.4,7.7,1.962,0.511,0.074,0.519,16,1
288.524752,10.988436,45.278722,0.038497,10.31920,0.00160,10.303,9.356,12.514,1.73,0.42,9.5,71.8,7.0,1.682,0.427,0.580,0.375,16,1
288.168603,11.203673,45.307296,0.447954,10.54930,0.00210,10.674,9.965,12.313,1.35,0.45,93.0,155.4,9.5,-1.411,0.447,-0.146,0.383,16,1
288.527737,11.306457,45.561735,0.183584,10.30650,0.00130,10.252,8.567,13.732,1.68,0.23,175.2,57.5,3.9,1.671,0.227,-0.283,0.245,16,1
288.653767,11.796638,46.053179,0.301953,11.91083,0.00588,11.918,11.321,13.373,3.12,1.06,167.2,49.5,9.2,2.973,1.014,-1.426,1.223,32,1
288.169450,11.422998,45.502055,0.548831,10.78900,0.00240,10.799,9.797,13.089,2.93,0.45,33.4,95.8,4.4,1.173,0.468,2.724,0.447,16,1
288.170198,10.898876,45.037908,0.305346,12.27910,0.00657,12.384,11.983,13.429,3.55,1.22,53.3,115.7,9.3,-1.072,1.230,3.602,1.223,32,1
288.304798,11.481812,45.615658,0.458545,9.80620,0.00150,9.884,8.680,12.321,1.42,0.36,177.5,59.9,7.3,1.455,0.361,-0.128,0.315,16,1
288.602089,11.045943,45.364909,-0.002017,9.12230,0.00042,9.394,8.135,11.887,1.41,0.13,56.0,118.3,2.7,-0.528,0.142,1.313,0.133,32,1
288.172728,11.332742,45.423555,0.504167,11.13660,0.00380,11.138,10.220,13.188,3.34,0.53,21.7,84.1,4.5,2.460,0.580,2.324,0.467,16,1
288.305078,11.481384,45.615406,0.458104,9.64790,0.00080,9.884,8.680,12.321,1.54,0.20,24.0,86.4,3.7,1.042,0.202,1.159,0.201,16,1
288.305902,11.607625,45.727634,0.515924,8.71680,0.00050,8.795,8.411,10.057,0.48,0.17,155.2,37.6,10.2,0.333,0.168,-0.391,0.175,16,1
288.306686,11.240009,45.402275,0.344781,11.94040,0.00820,11.913,10.870,14.188,2.96,0.95,167.1,49.5,9.2,2.803,0.963,-1.355,0.898,16,1
288.306691,11.163891,45.334837,0.309479,8.47865,0.00028,8.579,7.882,10.084,0.90,0.07,144.1,26.6,2.3,0.283,0.073,-0.856,0.072,32,1
288.178556,11.838606,45.874530,0.733465,9.19840,0.00070,9.239,8.507,11.000,1.16,0.21,9.0,71.4,5.1,1.118,0.210,0.365,0.177,16,1
288.307181,10.909850,45.109983,0.191247,10.51319,0.00124,10.498,8.951,13.376,2.28,0.28,141.5,23.9,3.4,0.516,0.250,-2.239,0.277,32,1
288.534986,10.859989,45.169632,-0.030051,12.33510,0.01110,12.233,11.306,14.312,3.79,1.38,20.4,82.7,10.4,3.052,1.304,2.637,1.463,16,1
288.610079,11.429607,45.708292,0.169297,11.20260,0.00330,11.282,10.855,12.438,1.87,0.74,173.1,55.4,11.4,1.957,0.731,-0.482,0.941,16,1
288.610094,11.951918,46.170822,0.411949,11.81010,0.00650,11.859,11.124,13.695,6.31,1.94,135.9,18.2,8.8,0.206,1.914,-6.598,1.938,16,1
288.308887,11.200996,45.368711,0.324777,11.90805,0.00568,11.949,11.588,12.979,2.07,1.02,149.7,32.1,12.7,1.128,1.065,-2.007,1.001,32,1
288.535010,11.235243,45.501978,0.144196,9.47450,0.00070,9.473,8.902,10.964,0.85,0.15,3.2,65.5,5.1,0.861,0.153,0.097,0.140,16,1
288.612817,11.503205,45.774711,0.201115,10.91551,0.00228,10.876,10.142,12.586,2.43,0.46,161.7,44.1,5.4,1.990,0.432,-1.475,0.517,32,1
288.612820,11.134524,45.448242,0.029814,9.04010,0.00038,9.143,8.747,10.173,0.61,0.12,1.1,63.4,5.5,0.616,0.117,0.024,0.158,32,1
288.182714,11.087498,45.210756,0.381857,10.20580,0.00170,10.131,9.347,12.051,3.90,1.18,13.8,76.2,8.6,3.608,1.175,1.883,1.172,16,1
288.183517,11.741357,45.790589,0.684109,9.84340,0.00110,9.852,9.489,10.896,0.73,0.20,149.3,31.7,7.7,0.362,0.192,-0.667,0.198,16,1
288.268049,11.441504,45.563244,0.471769,12.48010,0.00890,12.413,11.909,13.667,4.39,1.50,167.0,49.4,9.8,4.171,1.509,-2.030,1.480,16,1
288.613744,11.512806,45.783635,0.204772,9.82067,0.00081,9.858,9.152,11.309,2.36,0.14,3.6,65.9,1.7,2.344,0.143,0.295,0.156,32,1
288.186122,10.971574,45.109577,0.325176,10.64210,0.00190,10.628,9.931,12.409,1.09,0.32,21.3,83.7,8.4,0.836,0.311,0.770,0.333,16,1
288.269783,11.454723,45.575745,0.476391,9.50550,0.00070,9.368,8.483,11.208,1.19,0.30,4.6,67.0,7.2,1.209,0.299,0.195,0.291,16,1
288.617360,11.108712,45.427455,0.013876,11.58589,0.00363,11.583,10.845,13.437,1.65,0.47,0.5,62.8,7.8,1.715,0.470,0.029,0.514,32,1
288.188066,11.188009,45.302261,0.423776,10.77094,0.00226,10.853,10.020,12.803,2.34,0.41,19.3,81.7,5.0,1.851,0.438,1.482,0.370,32,1
288.494385,11.518999,45.734799,0.311225,10.85830,0.00280,10.934,10.749,11.523,1.26,0.55,80.8,143.1,12.5,-1.308,0.558,0.435,0.501,16,1
288.189237,10.858550,45.010836,0.270092,11.54020,0.00330,11.481,10.639,13.454,2.77,0.88,20.1,82.5,9.1,2.218,0.877,1.875,0.880,16,1
288.275900,11.634826,45.738111,0.554573,9.91860,0.00140,9.937,8.765,12.286,2.17,0.35,9.0,71.3,4.6,2.088,0.357,0.675,0.284,16,1
288.496097,10.925251,45.209699,0.034075,10.68570,0.00170,10.664,9.963,12.407,1.60,0.40,174.6,56.9,7.1,1.622,0.395,-0.311,0.447,16,1
288.278327,11.844152,45.924698,0.649504,9.96620,0.00120,9.988,9.221,11.785,1.79,0.24,19.8,82.2,3.8,1.394,0.264,1.156,0.200,16,1
288.496947,11.837732,46.018274,0.456974,9.05050,0.00050,9.064,8.167,11.046,2.95,0.12,10.4,72.7,1.2,2.762,0.121,1.049,0.124,16,1
288.626082,11.746054,45.995793,0.302446,10.34767,0.00134,10.355,9.297,12.814,3.02,0.27,28.7,91.1,2.5,1.633,0.263,2.557,0.271,32,1
288.279969,11.572004,45.684293,0.521918,12.26630,0.01320,12.041,11.541,13.194,6.02,1.69,177.2,59.6,8.1,6.221,1.689,-0.616,1.942,16,1
288.279993,10.870979,45.063164,0.196877,11.20840,0.00250,11.184,10.541,12.823,2.15,0.66,14.3,76.7,8.8,1.978,0.654,1.082,0.685,16,1
288.500405,10.887956,45.178632,0.013012,11.02667,0.00260,11.074,10.220,13.032,2.99,0.66,162.3,44.6,6.2,2.492,0.568,-1.773,0.807,32,1
288.629001,11.577250,45.847646,0.221479,10.36150,0.00151,10.432,9.862,11.970,2.28,0.30,170.3,52.7,3.7,2.173,0.298,-0.763,0.275,32,1
288.629011,10.864772,45.216763,-0.109601,11.57550,0.00320,11.530,10.301,14.295,2.48,0.69,43.8,106.1,7.9,0.106,0.685,2.575,0.688,16,1
288.195130,10.998757,45.137763,0.329937,10.01000,0.00110,10.011,9.789,10.888,0.42,0.19,2.2,64.6,13.4,0.458,0.195,0.035,0.164,16,1
288.195131,11.689926,45.750277,0.650203,9.63960,0.00100,9.811,8.826,11.777,1.48,0.27,2.9,65.3,5.2,1.498,0.268,0.154,0.233,16,1
288.285014,11.599802,45.711215,0.530426,8.26810,0.00040,8.345,7.721,9.848,0.60,0.15,177.3,59.7,7.2,0.616,0.151,-0.058,0.165,16,1
288.287505,11.522140,45.643533,0.492258,8.51960,0.00040,8.663,8.070,10.064,1.44,0.17,154.8,37.1,3.4,0.923,0.196,-1.119,0.153,16,1
288.511105,11.233309,45.489377,0.164064,9.03130,0.00050,9.073,8.467,10.597,0.88,0.19,176.3,58.7,6.2,0.890,0.190,-0.114,0.166,16,1
288.511118,11.072413,45.346883,0.089344,11.33950,0.00470,11.304,9.930,14.454,1.53,0.61,54.4,116.8,11.4,-0.533,0.640,1.556,0.602,16,1
288.197361,11.037183,45.172830,0.345803,11.88470,0.00600,11.866,11.027,13.935,3.50,1.12,27.5,89.9,9.2,2.106,0.998,3.005,1.172,16,1
288.290711,10.819874,45.022765,0.163854,10.46660,0.00120,10.455,9.229,13.075,4.19,0.63,21.0,83.4,4.3,3.145,0.638,2.837,0.618,16,1
288.291487,11.667949,45.774538,0.556403,9.51580,0.00090,9.626,9.121,10.813,1.17,0.18,179.5,61.8,4.5,1.187,0.182,-0.023,0.151,16,1
288.513701,11.480280,45.709294,0.276484,11.85020,0.00630,11.868,10.393,14.814,2.40,0.90,63.2,125.6,10.7,-1.521,0.965,2.057,0.855,16,1
288.653326,11.007282,45.354045,-0.064514,10.14370,0.00130,10.161,9.635,11.589,0.84,0.28,21.0,83.3,9.5,0.660,0.248,0.595,0.312,16,1
288.197889,11.517186,45.598441,0.567771,10.24110,0.00210,10.289,9.515,12.108,1.26,0.29,32.1,94.5,6.5,0.562,0.308,1.163,0.282,16,1
288.199096,11.032195,45.169199,0.341982,11.03550,0.00270,11.023,10.727,12.001,1.61,0.51,169.3,51.7,9.1,1.576,0.484,-0.618,0.657,16,1
288.293225,11.867545,45.952187,0.647430,10.15940,0.00140,10.206,9.657,11.561,0.70,0.23,30.8,93.1,9.6,0.350,0.282,0.646,0.218,16,1
288.293231,11.753423,45.851067,0.594517,10.68860,0.00220,10.776,10.381,11.487,0.79,0.37,25.0,87.4,13.4,0.560,0.314,0.668,0.404,16,1
288.514627,11.122073,45.392464,0.109353,12.39220,0.01020,12.288,10.942,15.325,3.19,1.40,103.1,165.4,12.6,-3.133,1.390,-1.535,1.448,16,1
288.203072,11.042272,45.179937,0.343194,12.09024,0.00638,12.098,11.440,13.743,2.81,0.89,30.4,92.8,8.7,1.438,0.945,2.576,0.877,32,1
288.517252,11.142176,45.411464,0.116407,12.18740,0.00870,12.135,10.526,15.508,3.03,1.41,103.3,165.7,13.3,-2.983,1.357,-1.500,1.590,16,1
288.517286,11.966748,46.141787,0.499244,11.97370,0.00810,11.964,11.391,13.361,6.80,1.99,39.3,101.7,8.4,1.396,1.905,6.950,1.992,16,1
288.522573,10.828269,45.135878,-0.033984,10.46380,0.00190,10.458,10.019,11.646,1.46,0.34,162.4,44.7,6.7,1.221,0.316,-0.863,0.385,16,1
288.655934,11.385548,45.690166,0.109022,8.96710,0.00060,9.017,8.564,10.265,0.35,0.11,138.3,20.6,8.7,0.043,0.124,-0.369,0.107,16,1
288.656218,11.375949,45.681796,0.104314,12.24410,0.01060,12.253,11.634,13.714,3.96,1.76,176.6,58.9,12.7,4.308,1.759,-0.507,2.014,16,1
288.163133,11.484577,45.553762,0.582845,10.27869,0.00111,10.407,10.299,10.547,0.81,0.24,89.8,152.2,8.3,-0.842,0.243,0.007,0.273,32,1
288.527772,11.594394,45.816764,0.317261,11.50250,0.00530,11.495,10.775,13.070,2.33,0.70,0.2,62.6,8.6,2.435,0.700,0.020,0.714,16,1
288.527806,11.114647,45.391892,0.094452,12.41720,0.01030,12.306,10.801,15.036,4.90,1.59,90.7,153.1,9.3,-5.148,1.595,-0.134,1.847,16,1
288.164716,11.134353,45.244097,0.419217,11.32186,0.00059,11.337,11.047,12.269,2.07,0.65,29.5,92.0,8.5,1.115,0.656,1.862,0.642,32,1
288.299464,10.943249,45.136061,0.213448,10.28570,0.00140,10.354,9.895,11.586,0.70,0.20,162.9,45.3,8.4,0.607,0.202,-0.411,0.211,16,1
288.300038,10.995886,45.182958,0.237357,10.90680,0.00290,10.872,9.901,12.917,2.28,0.49,172.5,54.9,6.1,2.254,0.483,-0.605,0.539,16,1
288.534611,11.066327,45.352199,0.066099,12.16840,0.00950,12.162,11.221,14.455,4.43,1.28,52.3,114.6,8.3,-1.164,1.248,4.463,1.279,16,1
288.167084,11.032821,45.155194,0.370116,11.70050,0.00550,11.658,10.873,13.714,2.58,0.74,12.2,74.6,8.3,2.442,0.718,1.110,0.859,16,1
288.167116,11.231175,45.330994,0.461988,11.42916,0.00329,11.505,10.844,13.110,1.28,0.51,22.6,85.0,10.5,0.968,0.485,0.974,0.525,32,1
288.170244,11.331355,45.421198,0.505683,10.97717,0.00294,11.018,10.863,11.448,1.01,0.37,162.6,45.0,9.8,0.881,0.357,-0.613,0.391,32,1
288.304945,11.664997,45.778033,0.543356,12.30030,0.01110,12.373,11.998,13.440,3.88,1.45,7.6,70.0,10.7,3.997,1.430,1.092,1.743,16,1
288.536048,11.403705,45.651646,0.221528,10.08440,0.00130,10.001,8.699,12.628,2.94,0.25,179.0,61.4,2.4,2.951,0.249,-0.098,0.284,16,1
288.607552,11.673281,45.922921,0.284701,10.22330,0.00110,10.276,9.201,12.638,4.20,0.47,171.9,54.2,3.2,4.054,0.474,-1.182,0.471,16,1
288.170265,11.205701,45.309849,0.447449,11.36260,0.00460,11.458,10.960,12.607,1.60,0.61,76.5,138.9,10.8,-1.529,0.589,0.778,0.675,16,1
288.171910,11.329834,45.420607,0.503531,11.26090,0.00410,11.284,11.009,12.196,1.68,0.57,151.4,33.8,9.8,0.963,0.580,-1.493,0.573,16,1
288.171934,11.594107,45.654830,0.625944,8.97740,0.00060,9.033,8.617,10.289,0.62,0.15,128.6,11.0,7.1,-0.141,0.133,-0.624,0.156,16,1
288.536888,11.854717,46.051468,0.430239,9.52870,0.00080,9.552,8.803,11.251,1.85,0.14,4.0,66.4,2.2,1.836,0.143,0.261,0.148,16,1
288.542874,10.919531,45.225961,-0.009259,10.99350,0.00600,11.084,10.662,12.294,1.60,0.76,177.3,59.6,13.5,1.766,0.756,-0.167,0.637,16,1
288.305923,11.095544,45.273933,0.278453,9.71645,0.00081,9.774,9.080,11.407,0.54,0.20,172.3,54.7,9.9,0.550,0.198,-0.151,0.180,32,1
288.306701,11.668613,45.782035,0.543509,11.09050,0.00370,11.166,10.830,12.107,1.77,0.52,178.9,61.3,8.5,1.848,0.524,-0.069,0.646,16,1
288.612872,11.106981,45.423876,0.016971,10.47355,0.00131,10.488,10.114,11.610,0.60,0.21,167.0,49.4,9.5,0.573,0.210,-0.279,0.213,32,1
288.307247,11.276377,45.434752,0.361158,11.20000,0.00390,11.225,10.577,12.831,1.90,0.41,139.2,21.5,6.2,0.281,0.405,-1.923,0.409,16,1
288.307789,11.452417,45.590972,0.442318,8.08800,0.00020,8.204,7.861,9.278,1.43,0.18,165.7,48.0,3.7,1.266,0.185,-0.693,0.181,16,1
288.615663,10.994964,45.325957,-0.037501,8.34475,0.00021,8.449,7.466,10.350,1.63,0.14,27.2,89.6,2.4,0.949,0.156,1.328,0.126,32,1
288.616515,11.255780,45.557298,0.082944,10.43047,0.00111,10.380,8.622,13.391,3.14,0.22,100.0,162.3,2.0,-2.955,0.225,-1.071,0.205,32,1
288.307800,10.917999,45.117485,0.194488,12.09863,0.00597,12.182,11.675,13.464,2.08,0.87,19.2,81.6,11.1,1.768,0.833,1.404,0.929,32,1
288.308329,11.764106,45.867386,0.586373,10.85100,0.00310,10.874,10.290,12.447,3.53,1.24,50.5,112.8,10.0,-0.708,1.139,3.669,1.240,16,1
288.182755,11.918316,45.947081,0.766749,11.09990,0.00370,11.126,10.525,12.620,1.35,0.53,31.6,94.0,11.3,0.654,0.463,1.295,0.550,16,1
288.183593,10.865755,45.014652,0.278342,10.67820,0.00180,10.706,9.971,12.394,2.12,0.26,22.6,85.0,3.5,1.506,0.254,1.518,0.259,16,1
288.315241,11.581070,45.708347,0.495505,11.88231,0.00558,11.827,11.142,13.374,3.08,0.87,152.3,34.7,7.8,1.822,0.779,-2.638,0.916,32,1
288.505240,10.829720,45.129258,-0.018233,9.35190,0.00070,9.380,8.454,11.447,2.35,0.25,176.3,58.6,3.1,2.342,0.253,-0.306,0.250,16,1
288.186171,11.141428,45.260120,0.403840,11.03970,0.00390,10.977,10.488,12.118,1.33,0.61,62.1,124.5,13.2,-0.820,0.615,1.208,0.607,16,1
288.315843,11.080707,45.265302,0.262948,11.94791,0.00547,12.025,11.151,14.087,3.08,0.92,1.5,63.9,8.2,3.211,0.918,0.173,0.977,32,1
288.492719,11.135035,45.393963,0.134410,11.21500,0.00370,11.206,10.929,12.153,1.51,0.63,179.2,61.6,11.9,1.640,0.629,-0.044,0.643,16,1
288.495272,11.330270,45.568045,0.222835,9.47930,0.00060,9.521,8.969,11.038,0.63,0.17,157.0,39.3,7.9,0.456,0.150,-0.473,0.195,16,1
288.508782,11.773308,45.966591,0.416804,11.13150,0.00300,11.184,10.124,13.374,2.10,0.45,179.1,61.4,6.1,2.152,0.451,-0.069,0.459,16,1
288.269891,11.944906,46.010154,0.703522,11.00674,0.00265,11.001,10.583,12.102,1.29,0.54,21.2,83.5,11.1,1.034,0.582,0.941,0.489,32,1
288.511546,11.786050,45.979133,0.420324,11.63354,0.00376,11.737,11.351,12.813,1.97,0.54,23.1,85.4,7.6,1.415,0.542,1.476,0.543,32,1
288.513310,11.899747,46.080637,0.471582,11.23770,0.00340,11.252,10.339,13.400,3.38,0.88,11.1,73.4,7.5,3.232,0.884,1.313,0.861,16,1
288.272452,11.730402,45.821236,0.601871,10.53980,0.00220,10.545,9.710,12.515,2.04,0.49,16.0,78.4,6.9,1.778,0.494,1.115,0.490,16,1
288.273370,11.493689,45.611901,0.491340,11.13385,0.00345,11.187,10.234,13.494,2.10,0.57,36.4,98.8,7.5,0.644,0.553,2.081,0.575,32,1
288.500461,11.930864,46.102361,0.497164,10.60290,0.00210,10.667,10.162,12.085,2.30,0.54,3.6,66.0,6.7,2.343,0.537,0.299,0.530,16,1
288.502199,10.838093,45.135287,-0.011700,10.95180,0.00290,10.964,10.624,11.919,1.43,0.45,170.4,52.7,9.1,1.416,0.447,-0.494,0.506,16,1
288.514170,10.801006,45.107900,-0.039334,11.13730,0.00350,11.135,10.513,12.762,1.93,0.85,175.2,57.5,12.6,2.080,0.852,-0.352,0.662,16,1
288.190177,11.444058,45.530132,0.540584,11.05290,0.00280,11.095,10.702,12.261,1.38,0.45,111.8,174.2,9.4,-1.055,0.459,-1.003,0.444,16,1
288.504845,10.812936,45.114213,-0.025682,11.32470,0.00370,11.336,11.199,11.674,2.18,0.85,12.2,74.5,11.2,2.132,0.863,0.965,0.816,16,1
288.517665,10.876590,45.176435,-0.007277,11.88680,0.00680,11.913,11.396,13.234,3.30,1.26,144.3,26.7,10.9,1.131,1.548,-3.343,1.222,16,1
288.517707,11.895917,46.079243,0.465993,12.00720,0.00720,11.945,11.475,13.063,3.83,1.90,179.7,62.0,14.2,4.273,1.903,-0.046,1.871,16,1
288.191358,11.144047,45.264800,0.400544,10.54250,0.00220,10.610,10.345,11.515,1.04,0.51,166.4,48.8,14.1,1.032,0.518,-0.531,0.499,16,1
288.191991,10.896702,45.045898,0.285375,11.82815,0.00375,11.812,11.110,13.684,3.09,0.72,41.5,103.9,6.5,0.382,0.663,3.151,0.719,32,1
288.506612,11.311932,45.556965,0.204472,9.71060,0.00080,9.705,9.359,10.755,1.04,0.21,144.4,26.7,5.9,0.342,0.209,-1.004,0.215,16,1
288.517869,11.952275,46.129233,0.492019,6.97160,0.00010,7.036,6.201,8.848,1.76,0.31,11.3,73.7,5.1,1.647,0.315,0.688,0.311,16,1
288.518266,11.032746,45.315009,0.064712,9.81550,0.00080,9.832,8.761,12.188,1.68,0.14,15.6,77.9,2.3,1.445,0.137,0.875,0.134,16,1
288.194195,10.846665,45.002561,0.260269,11.43300,0.00450,11.431,10.420,13.610,3.63,0.77,26.5,88.9,6.1,2.230,0.753,2.966,0.777,16,1
288.195156,11.246747,45.357537,0.444831,11.45230,0.00460,11.168,10.319,13.189,2.96,0.53,24.0,86.4,5.1,2.015,0.522,2.233,0.536,16,1
288.519240,10.970808,45.260598,0.035104,9.90830,0.00110,9.865,9.217,11.513,1.68,0.38,7.5,69.8,6.5,1.662,0.391,0.445,0.248,16,1
288.519270,11.042905,45.324464,0.068556,10.14823,0.00092,10.150,8.660,13.446,3.41,0.24,43.4,105.8,2.0,0.186,0.206,3.416,0.241,32,1
288.195317,11.587687,45.659753,0.602671,10.68740,0.00280,10.658,9.961,12.377,1.73,0.44,175.7,58.1,7.3,1.761,0.433,-0.265,0.606,16,1
288.284194,11.882906,45.961701,0.662382,11.36160,0.00420,11.310,10.721,12.949,2.00,0.63,4.1,66.5,9.1,2.079,0.635,0.303,0.566,16,1
288.512069,10.868198,45.166451,-0.006306,11.82370,0.00570,11.778,10.849,14.005,3.43,1.33,140.3,22.6,11.1,0.673,1.525,-3.613,1.319,16,1
288.513794,10.877364,45.175356,-0.003551,10.19770,0.00160,10.230,9.762,11.467,1.50,0.28,161.3,43.6,5.4,1.214,0.301,-0.929,0.256,16,1
288.521404,11.811492,46.006147,0.423590,10.66380,0.00290,10.603,9.631,12.766,1.66,0.39,24.3,86.6,6.8,1.132,0.393,1.279,0.394,16,1
288.196460,11.857641,45.899519,0.726754,10.33240,0.00190,10.333,9.609,12.088,1.13,0.23,175.9,58.3,5.8,1.137,0.229,-0.166,0.231,16,1
288.516483,11.883202,46.067425,0.461151,11.43330,0.00400,11.463,10.454,13.618,2.53,1.18,16.0,78.3,13.4,2.365,1.186,1.479,1.169,16,1
288.197414,11.106124,45.233947,0.377705,10.69950,0.00260,10.645,9.909,12.320,2.71,0.44,4.9,67.3,4.7,2.707,0.442,0.464,0.431,16,1
288.288313,10.871848,45.067722,0.190041,11.80460,0.00470,11.765,11.035,13.540,3.01,0.95,22.7,85.0,9.0,2.219,0.952,2.246,0.942,16,1
288.520679,11.601208,45.819572,0.326579,10.83290,0.00280,10.785,10.017,12.664,1.72,0.51,178.5,60.8,8.6,1.788,0.513,-0.093,0.424,16,1
288.521941,11.649601,45.863007,0.347954,9.94517,0.00088,9.935,9.124,11.833,2.68,0.27,12.1,74.4,2.8,2.457,0.264,1.106,0.281,32,1
288.525269,11.229771,45.492695,0.150117,10.40800,0.00140,10.450,9.828,11.861,1.23,0.26,172.4,54.7,6.0,1.211,0.255,-0.329,0.281,16,1
288.525443,10.905929,45.205966,-0.000417,11.17090,0.00300,11.137,10.099,13.605,1.81,0.44,1.7,64.0,6.9,1.861,0.437,0.109,0.537,16,1
288.205360,11.944199,45.980268,0.759140,10.44850,0.00174,10.441,10.079,11.533,0.73,0.35,14.5,76.9,12.5,0.709,0.344,0.394,0.383,32,1
288.289926,11.271843,45.422858,0.374106,9.68050,0.00090,9.748,9.433,10.502,0.56,0.24,146.3,28.7,12.3,0.234,0.187,-0.560,0.247,16,1
288.159320,11.143292,45.249566,0.428050,10.38465,0.00134,10.469,9.599,12.375,1.70,0.27,7.7,70.1,4.6,1.665,0.276,0.456,0.267,32,1
288.160101,11.350721,45.433753,0.523468,7.92071,0.00017,8.021,7.182,9.837,1.42,0.14,3.4,65.9,2.7,1.416,0.136,0.170,0.139,32,1
288.160118,11.016936,45.137949,0.368816,11.47430,0.00760,11.489,11.048,12.721,2.25,0.69,162.8,45.2,8.8,1.941,0.687,-1.327,0.690,16,1
288.296051,11.066794,45.243968,0.273705,11.18170,0.00380,11.198,10.302,13.283,2.02,0.64,5.2,67.5,9.0,2.088,0.637,0.381,0.638,16,1
288.297981,11.480807,45.611669,0.463998,10.07980,0.00120,10.158,9.625,11.473,1.40,0.54,8.5,70.9,11.2,1.434,0.545,0.440,0.534,16,1
288.543191,11.623342,45.849415,0.317327,11.75260,0.00730,11.645,10.403,14.413,4.31,0.80,14.2,76.6,5.3,3.853,0.800,2.092,0.815,16,1
288.298411,11.481754,45.612704,0.464064,9.83640,0.00100,9.923,8.683,11.565,1.96,0.50,30.1,92.5,7.3,1.008,0.502,1.758,0.496,16,1
288.298425,11.189482,45.353750,0.328531,11.47625,0.00384,11.596,11.193,12.456,2.85,0.79,169.9,52.3,7.7,2.779,0.768,-1.021,0.942,32,1
288.543471,10.840740,45.156455,-0.046371,12.24600,0.00830,12.194,11.075,14.714,3.96,1.33,25.3,87.6,9.7,2.652,1.251,3.228,1.389,16,1
288.488038,11.763774,45.948718,0.430365,11.55310,0.00410,11.535,10.390,13.976,3.05,0.83,10.2,72.6,7.8,2.962,0.830,1.105,0.831,16,1
288.299521,11.456075,45.590456,0.451194,8.69980,0.00030,8.830,7.988,10.543,1.24,0.20,160.3,42.7,4.7,0.969,0.204,-0.798,0.199,16,1
288.300569,11.627921,45.743195,0.529963,12.34060,0.01270,12.481,11.921,13.758,3.90,1.68,86.5,148.9,12.3,-4.220,1.681,0.512,1.718,16,1
288.540796,11.001578,45.297675,0.030652,10.05390,0.00110,10.085,9.275,11.964,1.88,0.34,3.2,65.6,5.2,1.894,0.341,0.215,0.276,16,1
288.494010,11.549318,45.761483,0.325626,11.95100,0.00840,11.979,10.911,14.189,4.43,1.28,34.0,96.3,8.3,1.728,1.350,4.276,1.267,16,1
288.171189,10.924759,45.061297,0.316476,9.93000,0.00100,9.961,8.960,12.047,2.30,0.17,40.2,102.6,2.2,0.383,0.219,2.272,0.174,16,1
288.302484,11.427158,45.566181,0.435212,10.84470,0.00190,10.875,10.504,12.010,1.17,0.38,146.3,28.7,9.3,0.474,0.391,-1.137,0.380,16,1
288.495723,11.947782,46.115195,0.509123,9.12942,0.00048,9.233,8.578,10.808,2.05,0.29,176.6,58.9,4.0,2.057,0.291,-0.247,0.293,32,1
288.496555,11.959161,46.125651,0.513685,10.15430,0.00140,10.223,9.536,11.914,1.91,0.56,5.8,68.1,8.3,1.949,0.556,0.399,0.549,16,1
288.305374,11.267383,45.425932,0.358615,12.45470,0.01250,12.370,11.588,14.170,3.83,1.68,149.7,32.1,12.6,2.058,1.545,-3.647,1.722,16,1
288.530932,11.632265,45.851742,0.332105,10.36580,0.00180,10.353,9.399,12.510,3.51,0.25,17.0,79.3,2.0,2.919,0.247,1.969,0.250,16,1
288.306361,10.990921,45.181437,0.229556,11.73972,0.00402,11.678,10.632,14.152,3.72,0.49,165.7,48.1,3.7,3.292,0.486,-1.797,0.484,32,1
288.489298,11.476259,45.694630,0.295798,9.13740,0.00060,9.314,7.688,12.249,2.04,0.15,12.1,74.5,2.1,1.867,0.144,0.841,0.171,16,1
288.501779,11.806199,45.992540,0.438146,10.16350,0.00150,10.195,9.408,12.058,2.08,0.24,6.1,68.4,3.3,2.051,0.238,0.444,0.242,16,1
288.502675,11.000264,45.279135,0.063183,10.75700,0.00240,10.743,9.748,13.071,1.70,0.33,16.6,79.0,5.6,1.445,0.347,0.948,0.285,16,1
288.177827,11.564000,45.630822,0.606880,12.23130,0.01280,12.110,11.345,12.751,3.46,1.66,23.7,86.1,13.7,2.597,1.534,2.826,1.754,16,1
288.307814,11.285516,45.443107,0.364903,9.83350,0.00090,9.839,9.184,11.534,1.68,0.15,144.0,26.4,2.6,0.523,0.187,-1.604,0.151,16,1
288.308353,11.238605,45.401789,0.342681,10.58276,0.00159,10.613,9.793,12.448,2.29,0.34,150.4,32.8,4.2,1.185,0.363,-1.983,0.325,32,1
288.308375,11.830894,45.926585,0.617300,10.62700,0.00290,10.651,9.853,12.658,0.80,0.39,19.9,82.3,13.7,0.684,0.408,0.570,0.348,16,1
288.491081,11.027980,45.298399,0.086131,11.45650,0.00340,11.429,10.379,13.783,1.78,0.60,171.2,53.5,9.6,1.792,0.597,-0.570,0.628,16,1
288.493625,11.070798,45.337482,0.103799,10.69760,0.00230,10.720,10.078,12.324,1.41,0.36,2.8,65.2,7.3,1.452,0.358,0.145,0.343,16,1
288.503480,11.775558,45.966174,0.422446,11.47470,0.00350,11.582,11.100,12.605,1.66,0.66,1.5,63.9,11.4,1.781,0.657,0.094,0.678,16,1
288.506150,11.366188,45.604809,0.230065,9.86200,0.00110,9.904,9.204,11.416,1.07,0.24,172.2,54.5,6.5,1.056,0.241,-0.296,0.242,16,1
288.316932,11.009450,45.202666,0.228955,10.81190,0.00230,10.850,10.581,11.653,1.10,0.32,156.2,38.6,8.3,0.777,0.347,-0.849,0.295,16,1
288.507904,11.738222,45.935115,0.401276,11.23900,0.00310,11.222,10.130,13.623,2.79,0.55,11.3,73.6,5.7,2.632,0.553,1.094,0.562,16,1
288.317441,11.607425,45.732698,0.505817,8.13788,0.00024,8.225,7.684,9.585,1.20,0.12,166.8,49.2,2.8,1.079,0.117,-0.536,0.125,32,1
288.498762,11.417117,45.646553,0.260125,8.62480,0.00030,8.684,8.083,10.126,1.41,0.18,141.0,23.3,3.6,0.294,0.162,-1.385,0.178,16,1
288.510714,11.776355,45.970167,0.416544,10.06050,0.00110,10.148,9.688,11.418,1.06,0.29,2.4,64.8,7.9,1.098,0.292,0.093,0.307,16,1
288.187016,10.928075,45.071436,0.304242,12.30760,0.00880,12.338,11.643,14.191,4.76,1.33,41.2,103.6,8.0,0.649,1.557,4.901,1.330,16,1
288.187054,11.602743,45.669346,0.616820,11.92930,0.00790,11.925,11.637,12.940,3.59,1.30,149.1,31.5,10.3,1.811,1.382,-3.364,1.270,16,1
288.268105,11.483159,45.600179,0.491030,10.56600,0.00200,10.652,9.946,12.365,0.72,0.35,144.0,26.3,13.9,0.245,0.361,-0.758,0.347,16,1
288.500481,11.299421,45.543093,0.203988,11.35030,0.00330,11.358,10.814,12.673,1.72,0.46,165.2,47.6,7.7,1.551,0.453,-0.878,0.491,16,1
288.511622,11.735731,45.934599,0.396895,11.56480,0.00410,11.548,10.976,13.117,2.53,0.92,2.2,64.5,10.4,2.684,0.918,0.205,0.942,16,1
288.270824,11.139279,45.296714,0.329246,10.75830,0.00290,10.770,10.210,12.295,2.19,0.69,159.5,41.9,9.0,1.735,0.686,-1.509,0.698,16,1
288.270826,11.901506,45.972119,0.682595,10.17760,0.00160,10.154,9.551,11.652,0.97,0.29,8.2,70.6,8.6,0.973,0.293,0.286,0.268,16,1
288.503920,11.556481,45.772335,0.320352,11.05600,0.00360,11.068,10.114,13.228,1.80,0.46,16.6,78.9,7.3,1.557,0.459,1.016,0.466,16,1
288.272526,11.193086,45.345163,0.352712,11.29613,0.00322,11.377,10.807,12.638,1.41,0.45,3.3,65.7,8.7,1.472,0.448,0.170,0.445,32,1
288.507508,11.505142,45.728496,0.293402,10.90113,0.00250,10.959,10.116,12.830,1.79,0.39,17.1,79.5,6.0,1.517,0.378,1.034,0.405,32,1
288.189784,11.428885,45.516507,0.533895,9.67710,0.00080,9.789,9.016,11.491,0.51,0.23,11.1,73.5,12.7,0.512,0.225,0.210,0.223,16,1
288.190263,11.230723,45.341113,0.441659,12.49230,0.01100,12.286,11.845,12.945,4.04,1.36,49.2,111.6,9.6,-0.626,1.395,4.219,1.358,16,1
288.274303,11.246081,45.392928,0.375737,10.79730,0.00230,10.771,10.276,12.171,0.94,0.41,173.2,55.5,12.5,1.001,0.411,-0.243,0.415,16,1
288.518590,11.775383,45.972887,0.409264,10.58340,0.00150,10.685,10.119,11.712,1.31,0.39,21.0,83.3,8.4,1.016,0.381,0.916,0.392,16,1
288.518890,11.146060,45.415650,0.116787,12.11120,0.00860,12.055,10.736,14.856,6.52,1.36,99.2,161.5,6.0,-6.317,1.363,-2.105,1.314,16,1
288.519338,11.869745,46.056803,0.452428,10.17300,0.00140,10.055,9.160,11.823,1.73,0.59,3.1,65.4,9.7,1.815,0.587,0.195,0.600,16,1
288.278428,11.356223,45.492395,0.423217,7.90870,0.00020,8.028,7.608,9.226,0.53,0.19,155.8,38.2,10.3,0.375,0.189,-0.421,0.193,16,1
288.520821,11.556078,45.779666,0.305500,10.27490,0.00200,10.260,9.243,12.611,2.42,0.37,30.9,93.2,4.4,1.160,0.388,2.156,0.367,16,1
288.521442,11.477101,45.710001,0.268289,10.44220,0.00160,10.492,9.327,12.906,1.30,0.34,4.8,67.2,7.5,1.327,0.341,0.226,0.326,16,1
288.522160,11.362490,45.608822,0.214446,8.52290,0.00040,8.599,7.492,10.947,0.93,0.12,146.9,29.2,3.6,0.378,0.125,-0.858,0.114,16,1
288.522177,10.866066,45.169172,-0.016088,10.85990,0.00250,10.855,10.333,12.216,1.04,0.46,155.6,37.9,12.6,0.751,0.435,-0.859,0.478,16,1
288.195827,11.881972,45.920795,0.738576,10.18490,0.00160,10.150,9.375,11.975,1.29,0.26,9.6,72.0,5.7,1.244,0.256,0.436,0.279,16,1
288.521333,11.984260,46.159136,0.503869,10.82480,0.00250,10.879,10.028,12.350,2.28,0.91,36.3,98.7,11.4,0.732,0.911,2.342,0.906,16,1
288.525470,11.823216,46.018379,0.425509,11.69770,0.00700,11.672,10.890,13.579,3.23,0.97,3.7,66.0,8.7,3.344,0.975,0.435,0.978,16,1
288.197447,11.588502,45.661442,0.601199,9.83230,0.00140,9.880,8.942,11.896,2.31,0.17,6.1,68.5,2.1,2.269,0.171,0.488,0.189,16,1
288.524107,11.634460,45.850582,0.339045,10.74810,0.00300,10.735,10.199,12.074,2.10,0.42,6.6,68.9,5.8,2.087,0.423,0.489,0.453,16,1
288.524131,11.343730,45.593104,0.204024,10.84290,0.00230,10.843,9.993,12.878,1.69,0.30,173.4,55.8,5.1,1.676,0.303,-0.390,0.294,16,1
288.526953,10.845577,45.153204,-0.029757,9.20960,0.00060,9.222,8.898,10.194,2.17,0.19,158.4,40.7,2.5,1.589,0.195,-1.497,0.191,16,1
288.539952,11.562599,45.794145,0.291929,7.77120,0.00020,7.842,6.690,10.121,1.42,0.39,4.7,67.0,7.9,1.454,0.392,0.239,0.312,16,1
288.528406,11.214199,45.480332,0.140160,9.30720,0.00060,9.409,8.660,11.084,1.26,0.12,178.6,60.9,2.8,1.267,0.121,-0.064,0.105,16,1
288.207453,11.006852,45.150543,0.322969,11.80200,0.00560,11.740,11.071,13.592,1.75,0.68,165.4,47.8,11.1,1.641,0.676,-0.916,0.691,16,1
288.207599,11.499645,45.587306,0.551211,9.90730,0.00170,10.231,8.828,12.703,2.00,0.39,48.9,111.3,5.6,-0.276,0.293,2.023,0.390,16,1
288.542217,10.970610,45.270897,0.015035,10.46270,0.00180,10.395,9.831,11.602,2.16,0.37,18.0,80.3,4.9,1.775,0.392,1.291,0.320,16,1
288.542499,11.847424,46.047559,0.421989,10.21720,0.00180,10.210,9.196,12.180,1.91,0.37,0.4,62.7,5.5,1.945,0.367,0.026,0.379,16,1
288.542600,11.885203,46.081064,0.439445,10.12780,0.00140,10.136,9.371,11.968,1.72,0.36,6.7,69.0,6.0,1.714,0.364,0.405,0.349,16,1
288.160929,11.886101,45.908634,0.770753,10.15923,0.00085,10.205,9.737,11.614,0.72,0.28,8.1,70.6,10.3,0.741,0.273,0.216,0.312,32,1
288.530370,11.038197,45.325353,0.056722,11.62130,0.00420,11.658,11.479,12.006,1.80,0.56,79.4,141.8,8.8,-1.760,0.557,0.681,0.552,16,1
288.296939,10.930099,45.123260,0.209547,10.72000,0.00230,10.760,9.468,13.473,4.00,0.36,163.1,45.4,2.6,3.340,0.375,-2.241,0.328,16,1
288.530968,11.949112,46.132382,0.479201,10.99840,0.00310,11.020,10.033,13.183,6.24,1.06,30.1,92.4,4.9,3.152,1.046,5.494,1.069,16,1
288.530980,11.713711,45.923898,0.369884,10.87390,0.00210,10.863,10.247,12.351,3.21,0.96,172.1,54.4,8.6,3.222,0.963,-0.917,0.942,16,1
288.163997,11.529897,45.594320,0.603090,11.02107,0.00266,11.139,10.647,12.427,2.00,0.48,85.5,147.9,6.7,-2.035,0.481,0.322,0.500,32,1
288.165631,11.138327,45.248034,0.420262,11.57660,0.00630,11.700,11.356,12.653,2.38,1.00,161.6,44.0,12.0,2.064,1.014,-1.545,0.971,16,1
288.298783,11.898685,45.982301,0.657048,9.47000,0.00080,9.498,8.973,10.926,1.26,0.15,11.1,73.5,3.4,1.173,0.141,0.479,0.184,16,1
288.496622,11.263367,45.509404,0.190601,10.72500,0.00190,10.746,10.281,11.984,1.20,0.38,163.2,45.6,9.1,1.045,0.381,-0.693,0.380,16,1
288.497487,10.940034,45.223426,0.039730,10.92160,0.00290,10.848,9.891,13.094,2.23,0.53,27.7,90.0,6.8,1.302,0.444,1.888,0.562,16,1
288.498304,10.942868,45.226308,0.040335,8.67190,0.00040,8.644,8.125,10.099,1.42,0.14,164.1,46.5,2.9,1.217,0.132,-0.752,0.171,16,1
288.166402,11.645186,45.697590,0.654409,12.45997,0.01295,12.533,12.479,13.009,6.87,1.90,86.9,149.3,7.6,-7.092,1.904,0.764,1.879,32,1
288.301235,11.693088,45.801239,0.559600,9.55070,0.00080,9.644,9.212,10.799,0.84,0.24,6.9,69.3,8.1,0.851,0.238,0.210,0.231,16,1
288.301241,10.898889,45.097567,0.191332,12.24855,0.00707,12.145,9.409,16.061,7.49,1.28,165.9,48.3,4.8,6.701,1.276,-3.584,1.307,32,1
288.301836,11.195647,45.360764,0.328425,11.75449,0.00494,11.830,11.673,12.368,1.93,0.61,156.0,38.4,8.6,1.353,0.613,-1.499,0.602,32,1
288.499178,11.486972,45.708613,0.292196,9.93070,0.00110,9.935,8.759,12.463,2.49,0.17,7.0,69.4,1.9,2.423,0.167,0.608,0.190,16,1
288.303247,11.221840,45.384613,0.339344,10.68180,0.00250,10.731,9.938,12.643,3.79,0.53,172.7,55.1,4.0,3.700,0.531,-0.960,0.415,16,1
288.504440,11.490078,45.713758,0.289071,8.20623,0.00024,8.331,7.423,10.247,0.44,0.13,69.2,131.6,8.1,-0.342,0.121,0.303,0.140,32,1
288.507087,11.967062,46.137433,0.508227,10.96410,0.00270,11.026,10.539,12.037,2.92,1.05,32.3,94.6,10.3,1.333,1.064,2.807,1.053,16,1
288.305999,11.914492,45.999581,0.658120,11.68390,0.00630,11.736,11.011,13.588,1.83,0.89,38.0,100.4,13.9,0.490,1.153,1.973,0.866,16,1
288.496228,11.588618,45.797300,0.341947,10.27960,0.00190,10.274,9.359,12.370,1.91,0.29,14.7,77.1,4.4,1.679,0.286,0.950,0.318,16,1
288.507954,11.567962,45.784339,0.322183,9.00900,0.00060,9.007,8.235,10.717,1.06,0.16,3.0,65.3,4.4,1.063,0.160,0.110,0.248,16,1
288.307317,11.155743,45.327903,0.305157,11.48109,0.00342,11.507,10.416,13.892,4.61,0.73,2.1,64.5,4.5,4.650,0.728,0.346,0.673,32,1
288.307335,11.923931,46.008551,0.661338,11.60030,0.00650,11.637,10.966,13.212,2.19,1.05,168.3,50.7,13.7,2.231,1.083,-0.963,0.845,16,1
288.498771,10.798625,45.098768,-0.027042,10.22770,0.00150,10.270,9.181,12.569,3.15,0.32,1.0,63.3,2.9,3.162,0.321,0.105,0.364,16,1
288.308397,11.562925,45.689161,0.493032,10.48310,0.00230,10.505,9.581,12.644,1.89,0.42,8.9,71.3,6.5,1.842,0.406,0.590,0.577,16,1
288.499717,10.851530,45.146056,-0.003302,12.10490,0.00800,12.135,11.155,14.430,3.11,1.51,144.7,27.1,13.9,1.151,1.561,-3.261,1.501,16,1
288.514243,11.171086,45.435698,0.132445,11.32270,0.00420,11.139,9.308,13.567,2.46,0.69,113.6,176.0,8.1,-1.736,0.726,-1.880,0.667,16,1
288.515159,11.469948,45.700807,0.270421,9.91540,0.00120,9.950,8.455,13.024,2.44,0.29,51.3,113.6,3.4,-0.532,0.323,2.395,0.286,16,1
288.318096,11.506788,45.643830,0.458581,8.69340,0.00060,8.783,8.316,10.182,3.17,0.28,166.2,48.5,2.6,2.821,0.288,-1.478,0.274,16,1
288.503190,11.879845,46.058412,0.471113,10.76160,0.00260,10.776,10.366,11.861,3.26,0.54,16.5,78.8,4.7,2.776,0.539,1.798,0.532,16,1
288.503213,11.379720,45.615457,0.238898,9.62860,0.00090,9.676,8.228,12.782,2.64,0.22,142.8,25.1,2.4,0.713,0.206,-2.554,0.218,16,1
288.504956,10.881326,45.174835,0.005976,9.46510,0.00080,9.520,8.657,11.455,2.51,0.20,158.2,40.5,2.2,1.819,0.201,-1.738,0.187,16,1
288.518140,11.521541,45.747858,0.291790,8.81000,0.00050,8.875,7.949,10.825,0.55,0.12,24.6,86.9,6.1,0.366,0.096,0.422,0.129,16,1
288.518172,11.270535,45.525565,0.175210,10.05650,0.00100,10.030,9.265,11.908,0.83,0.21,169.9,52.2,7.1,0.801,0.209,-0.295,0.179,16,1
288.518387,10.818780,45.125565,-0.034749,10.65230,0.00200,10.650,9.996,12.282,2.15,0.74,161.3,43.7,9.8,1.809,0.779,-1.381,0.660,16,1
288.318685,11.134502,45.314256,0.285425,11.11900,0.00360,11.175,10.447,12.930,1.39,0.41,178.8,61.2,8.5,1.451,0.414,-0.061,0.409,16,1
288.318923,10.978146,45.175838,0.212706,8.30170,0.00030,8.377,7.890,9.659,0.60,0.09,162.3,44.7,4.2,0.496,0.084,-0.352,0.097,16,1
288.509399,10.955818,45.242835,0.036700,10.91780,0.00220,10.869,10.462,11.917,1.40,0.32,168.4,50.8,6.6,1.321,0.324,-0.565,0.305,16,1
288.511304,11.262719,45.515515,0.177547,11.38840,0.00330,11.309,10.041,14.142,2.58,0.48,144.3,26.6,5.4,0.832,0.473,-2.487,0.486,16,1
288.518989,11.638174,45.851544,0.345209,11.26816,0.00302,11.313,10.316,13.506,3.59,0.63,9.6,72.0,5.0,3.443,0.629,1.204,0.670,32,1
288.520864,11.502548,45.732276,0.280607,11.93560,0.00651,11.832,10.817,13.796,1.83,0.82,14.4,76.7,11.7,1.757,0.808,0.966,0.838,32,1
288.522196,11.933365,46.114450,0.479490,11.93310,0.00760,11.945,11.078,14.024,3.10,1.15,16.8,79.2,10.6,2.750,1.148,1.831,1.157,16,1
288.189808,11.057208,45.187140,0.361652,8.66720,0.00040,8.547,7.422,10.597,2.01,0.10,20.4,82.8,1.5,1.521,0.100,1.316,0.105,16,1
288.272584,11.836053,45.914916,0.650730,10.34020,0.00180,10.392,10.060,11.348,0.63,0.28,19.4,81.8,12.6,0.537,0.268,0.431,0.291,16,1
288.275165,11.642069,45.744195,0.558568,8.31360,0.00040,8.419,7.866,9.768,0.76,0.21,30.1,92.5,7.8,0.390,0.136,0.683,0.224,16,1
288.522717,11.707389,45.914541,0.374114,10.85640,0.00200,10.838,9.995,12.811,3.69,0.71,177.0,59.3,5.5,3.739,0.714,-0.396,0.706,16,1
288.525686,11.092585,45.371387,0.086049,10.39050,0.00190,10.333,9.711,11.735,1.09,0.45,7.7,70.0,11.7,1.140,0.451,0.312,0.369,16,1
288.525725,11.204434,45.470463,0.137955,10.24620,0.00130,10.318,9.890,11.385,1.06,0.21,173.8,56.1,5.6,1.050,0.206,-0.233,0.227,16,1
288.525961,11.664801,45.878297,0.351525,9.49330,0.00060,9.529,8.864,11.098,1.83,0.29,1.7,64.0,4.5,1.852,0.291,0.108,0.290,16,1
288.524983,11.686162,45.896771,0.362292,10.42410,0.00140,10.408,9.823,11.833,1.05,0.46,160.7,43.1,12.5,0.894,0.454,-0.713,0.461,16,1
288.529656,11.774216,45.976883,0.399127,11.90260,0.00490,11.949,11.403,13.080,2.22,1.07,172.4,54.8,13.8,2.380,1.065,-0.643,1.109,16,1
288.526968,11.176258,45.446075,0.123791,10.37530,0.00180,10.360,9.876,11.743,0.82,0.36,138.2,20.5,12.6,0.099,0.457,-0.894,0.360,16,1
288.527969,11.774451,45.976324,0.400699,12.24610,0.00710,12.240,11.170,14.448,4.10,1.45,0.6,62.9,10.1,4.346,1.449,0.089,1.508,16,1
288.528450,11.098102,45.377532,0.086209,11.79590,0.00630,11.773,11.366,12.923,3.24,1.07,174.4,56.8,9.5,3.351,1.069,-0.658,1.176,16,1
288.279306,11.666715,45.767914,0.566400,11.38550,0.00440,11.463,10.974,12.694,1.75,0.62,8.0,70.4,10.1,1.779,0.599,0.510,0.791,16,1
288.536248,10.805963,45.122361,-0.056238,10.77760,0.00230,10.774,9.669,13.224,4.08,0.60,19.8,82.1,4.2,3.181,0.564,2.627,0.641,16,1
288.198054,11.084824,45.215363,0.367278,9.12730,0.00060,9.108,8.332,10.873,1.75,0.52,7.8,70.1,8.4,1.759,0.517,0.488,0.479,16,1
288.198632,11.812258,45.860282,0.703844,8.15390,0.00030,8.337,7.705,9.708,0.37,0.15,31.0,93.4,11.8,0.187,0.151,0.351,0.152,16,1
288.489001,11.942202,46.107199,0.512358,6.88580,0.00007,6.946,6.472,8.238,1.40,0.59,174.2,56.6,11.2,1.486,0.593,-0.304,0.619,32,1
288.489833,11.694155,45.887869,0.396489,11.14470,0.00260,11.162,10.300,13.122,2.48,1.05,45.5,107.9,12.1,-0.051,1.081,2.695,1.052,16,1
288.208769,11.542992,45.626251,0.570282,11.83430,0.00730,11.910,11.730,12.395,2.55,1.06,179.1,61.4,11.8,2.762,1.056,-0.091,1.200,16,1
288.491551,11.234471,45.481501,0.181590,10.07130,0.00100,10.091,9.595,11.354,0.55,0.28,163.0,45.4,14.2,0.514,0.272,-0.346,0.283,16,1
288.292519,11.658346,45.766498,0.551055,10.18770,0.00210,10.294,9.644,11.886,1.78,0.28,7.5,69.8,4.4,1.742,0.273,0.464,0.301,16,1
288.532781,11.211828,45.480225,0.135259,12.03340,0.00760,12.069,10.733,14.257,5.96,1.48,105.4,167.8,7.1,-5.267,1.566,-3.149,1.192,16,1
288.532784,10.960990,45.258077,0.018769,7.16340,0.00020,6.912,6.471,7.971,3.20,1.49,171.6,53.9,13.3,3.375,1.477,-1.024,1.601,16,1
288.494947,11.700883,45.896153,0.395177,9.40810,0.00060,9.458,8.702,11.184,1.48,0.15,2.9,65.3,2.8,1.476,0.146,0.151,0.144,16,1
288.541752,10.950066,45.252491,0.005898,10.16310,0.00120,10.120,9.435,11.792,1.91,0.34,9.6,71.9,5.1,1.833,0.339,0.639,0.334,16,1
288.276980,11.502138,45.621028,0.492123,8.17680,0.00040,8.131,7.178,10.014,1.54,0.18,167.9,50.3,3.4,1.416,0.180,-0.637,0.199,16,1
288.278598,11.576655,45.687791,0.525264,10.89730,0.00320,10.759,9.771,12.925,1.57,0.75,8.0,70.4,13.7,1.671,0.755,0.479,0.672,16,1
288.164024,11.280171,45.373011,0.487375,8.38770,0.00021,8.327,7.544,10.036,0.50,0.11,4.8,67.2,6.4,0.503,0.114,0.085,0.108,32,1
288.299202,10.931512,45.125542,0.208233,10.88930,0.00270,10.957,9.926,13.319,3.62,0.41,172.9,55.3,3.3,3.535,0.410,-0.893,0.442,16,1
287.996656,11.385957,45.390788,0.681810,11.91370,0.00580,11.946,11.402,13.229,2.54,1.17,84.1,146.5,13.2,-2.741,1.175,0.572,1.147,16,1
288.167262,11.603955,45.661438,0.634562,7.42120,0.00020,7.484,6.642,9.021,0.55,0.14,133.0,15.4,7.4,-0.039,0.159,-0.562,0.140,16,1
288.168020,10.963822,45.094472,0.337333,11.19730,0.00290,11.236,10.214,13.442,1.96,0.45,174.4,56.8,6.5,1.973,0.446,-0.394,0.448,16,1
288.299671,11.308564,45.459825,0.382665,12.20680,0.00860,12.183,11.602,13.487,2.97,1.32,143.7,26.0,12.7,0.968,1.518,-3.105,1.297,16,1
288.300675,11.137271,45.308515,0.302365,11.70886,0.00487,11.749,11.310,12.927,1.50,0.72,143.5,25.9,12.4,0.490,0.745,-1.594,0.721,32,1
288.285292,11.299337,45.445112,0.390880,12.49150,0.01040,12.331,11.813,13.613,3.73,1.61,33.6,96.0,12.4,1.569,1.485,3.748,1.635,16,1
287.949598,11.318548,45.309676,0.691520,11.61660,0.00700,11.492,10.828,13.286,2.97,1.02,76.3,138.7,9.9,-2.785,1.022,1.446,1.036,16,1
288.174559,11.471139,45.547040,0.566696,11.17520,0.00300,11.234,10.957,12.160,1.03,0.44,103.0,165.4,12.3,-1.006,0.444,-0.492,0.440,16,1
288.306069,11.716506,45.824184,0.566264,10.90850,0.00250,11.001,10.152,12.809,1.11,0.45,26.7,89.1,11.7,0.713,0.478,0.959,0.434,16,1
288.306412,11.143406,45.316560,0.300223,11.53581,0.00363,11.600,11.215,12.724,1.83,0.84,172.0,54.4,11.9,1.936,0.844,-0.558,0.772,32,1
288.306893,11.775231,45.876592,0.592777,10.71240,0.00240,10.771,10.408,11.751,1.07,0.47,82.4,144.8,12.7,-1.127,0.473,0.307,0.478,16,1
287.954198,11.397623,45.381871,0.724106,11.12960,0.00330,11.124,9.554,11.476,1.88,0.94,23.6,86.0,14.3,1.426,0.959,1.539,0.919,16,1
288.307924,11.219813,45.384945,0.334340,12.09450,0.00760,12.146,11.448,13.879,3.05,1.24,157.5,39.9,11.6,2.326,1.175,-2.322,1.295,16,1
288.293531,11.836987,45.925248,0.632998,11.29210,0.00490,11.308,10.385,13.387,2.96,0.78,13.8,76.2,7.6,2.714,0.782,1.418,0.785,16,1
288.308488,11.445403,45.585075,0.438459,11.26740,0.00370,11.286,10.871,12.339,1.89,0.89,147.6,30.0,13.5,0.893,1.088,-1.893,0.843,16,1
288.295386,10.930220,45.122660,0.210954,10.11990,0.00130,10.180,9.507,11.906,1.99,0.20,177.1,59.5,2.9,1.991,0.202,-0.203,0.204,16,1
288.138163,11.268668,45.351067,0.504523,10.67280,0.00220,10.681,10.085,12.064,1.33,0.41,13.4,75.8,8.9,1.240,0.406,0.629,0.443,16,1
288.321967,11.200788,45.374477,0.313313,12.13951,0.00852,12.341,11.581,14.121,3.61,1.55,137.2,19.6,11.3,0.308,1.518,-3.919,1.546,32,1
288.319462,11.098985,45.283143,0.268278,10.89540,0.00300,10.895,10.536,11.940,1.31,0.39,160.7,43.1,8.4,1.070,0.394,-0.852,0.371,16,1
287.969158,11.401845,45.392400,0.713059,9.09810,0.00060,9.103,8.533,10.591,0.77,0.18,73.4,135.9,6.7,-0.657,0.181,0.430,0.170,16,1
288.142177,11.404251,45.473055,0.563838,10.83800,0.00290,10.831,9.944,12.947,1.17,0.36,43.1,105.5,8.7,0.081,0.400,1.219,0.355,16,1
288.143134,11.918389,45.929187,0.801140,8.71440,0.00050,8.699,7.796,10.255,1.37,0.38,177.5,59.9,7.9,1.416,0.379,-0.124,0.370,16,1
288.319880,11.590394,45.718716,0.495802,9.85052,0.00102,9.861,9.462,11.100,1.75,0.26,160.2,42.6,4.2,1.363,0.262,-1.126,0.253,32,1
288.143721,11.418067,45.486001,0.568897,9.44840,0.00100,9.477,9.032,10.738,0.73,0.27,89.1,151.5,10.7,-0.781,0.273,0.023,0.246,16,1
287.998315,11.681559,45.653611,0.817160,8.76310,0.00050,8.928,8.281,10.519,0.81,0.15,39.7,102.2,5.5,0.150,0.155,0.806,0.155,16,1
288.153093,11.581808,45.635379,0.636604,11.86400,0.00590,11.867,11.491,13.021,3.15,0.96,140.8,23.2,8.7,0.658,0.971,-3.230,0.959,16,1
288.108303,11.745643,45.760278,0.751359,12.34450,0.01020,12.247,11.544,14.054,3.02,1.50,6.9,69.3,14.2,3.269,1.476,0.807,1.806,16,1
288.278539,11.720479,45.815206,0.591990,10.18220,0.00160,10.175,9.208,12.402,1.87,0.75,30.2,92.6,11.5,0.996,0.671,1.751,0.773,16,1
288.278557,11.442148,45.568589,0.462942,12.42840,0.00870,12.441,11.315,14.912,4.29,1.91,15.0,77.4,12.8,4.067,1.913,2.355,1.910,16,1
288.111505,11.710648,45.730710,0.732375,9.37250,0.00100,9.384,8.606,11.150,0.75,0.25,178.9,61.3,9.7,0.790,0.254,-0.030,0.279,16,1
288.000123,11.340061,45.351673,0.657557,11.52989,0.00396,11.516,10.720,13.455,3.00,0.53,86.5,148.9,5.0,-3.022,0.535,0.371,0.522,32,1
288.114808,11.051302,45.147804,0.424148,12.29406,0.00754,12.275,11.637,13.691,2.94,1.22,17.7,80.1,10.9,2.595,1.182,1.845,1.277,32,1
287.950564,11.485871,45.458466,0.768090,7.84840,0.00020,7.907,7.255,9.404,0.58,0.14,86.4,148.8,6.7,-0.592,0.135,0.075,0.130,16,1
288.119736,11.752266,45.771332,0.744505,10.71230,0.00230,10.667,10.012,12.300,0.84,0.37,149.6,32.0,12.8,0.447,0.424,-0.802,0.357,16,1
288.290108,10.850721,45.049821,0.178683,10.99090,0.00230,10.961,9.847,13.505,1.46,0.40,57.0,119.3,7.8,-0.615,0.397,1.385,0.399,16,1
288.290899,11.660441,45.767618,0.553432,7.64310,0.00020,7.694,6.921,9.388,3.23,1.19,36.5,98.8,10.5,1.011,1.124,3.294,1.196,16,1
287.953375,11.183432,45.191597,0.625723,10.43900,0.00210,10.449,9.745,12.165,2.31,0.57,28.6,91.1,7.1,1.288,0.576,2.000,0.569,16,1
288.123888,10.928114,45.042753,0.359190,9.61280,0.00070,9.684,8.500,12.229,2.96,0.23,20.4,82.8,2.2,2.247,0.224,1.934,0.229,16,1
288.294380,10.899107,45.094636,0.197402,11.43972,0.00275,11.422,9.918,14.541,4.07,0.71,179.2,61.6,5.0,4.133,0.714,-0.111,0.829,32,1
287.963957,11.324712,45.321655,0.681890,10.64910,0.00250,10.668,10.177,11.716,1.63,0.62,101.2,163.6,11.0,-1.610,0.624,-0.664,0.619,16,1
288.300219,11.208429,45.371354,0.335757,10.27380,0.00150,10.368,9.790,11.834,2.01,0.28,165.8,48.2,4.0,1.788,0.255,-0.964,0.344,16,1
288.300240,11.438326,45.575056,0.442340,9.88950,0.00090,9.938,9.456,11.324,1.03,0.25,156.1,38.5,6.9,0.715,0.252,-0.786,0.244,16,1
288.300726,11.088062,45.264939,0.279502,12.12539,0.00677,12.174,11.505,13.767,3.21,1.20,172.0,54.4,10.0,3.296,1.206,-0.945,1.127,32,1
288.131993,11.050686,45.155071,0.408915,10.60729,0.00158,10.696,9.967,12.495,0.99,0.25,4.1,66.5,7.1,1.015,0.254,0.145,0.282,32,1
288.300767,11.016974,45.201974,0.246502,12.19930,0.00681,12.212,11.381,14.311,3.55,1.14,178.7,61.1,8.8,3.724,1.141,-0.176,0.985,32,1
288.301957,11.448172,45.584561,0.445414,11.08550,0.00240,11.102,10.527,12.841,1.98,0.65,150.3,32.7,9.4,1.062,0.626,-1.790,0.658,16,1
288.135101,11.265355,45.346739,0.505650,11.67080,0.00630,11.651,11.011,13.268,2.57,0.75,7.2,69.6,8.4,2.590,0.742,0.662,0.907,16,1
288.304138,11.290824,45.446139,0.370558,10.77780,0.00220,10.802,9.834,12.976,2.25,0.31,150.7,33.0,3.9,1.181,0.304,-1.942,0.311,16,1
288.307976,11.848968,45.942419,0.626026,10.01730,0.00140,10.054,9.305,11.866,0.78,0.23,25.5,87.8,8.5,0.513,0.201,0.632,0.250,16,1
288.320704,11.801596,45.906221,0.593023,8.45987,0.00023,8.577,7.727,10.446,0.67,0.13,2.3,64.6,5.5,0.684,0.131,0.054,0.133,48,1
288.138227,11.021699,45.132215,0.390065,11.03740,0.00260,11.085,10.495,12.650,1.05,0.43,47.3,109.7,11.7,-0.091,0.439,1.133,0.430,16,1
288.139329,11.644224,45.684454,0.677463,12.26100,0.00930,12.333,11.472,14.318,3.68,1.41,160.5,42.9,11.0,3.058,1.407,-2.478,1.408,16,1
288.320807,11.938239,46.027341,0.656293,11.75644,0.00467,11.747,11.305,12.905,2.79,0.85,165.1,47.4,8.4,2.533,0.851,-1.451,0.851,48,1
288.321012,11.938028,46.027247,0.656018,11.76809,0.00392,11.747,11.305,12.905,2.56,0.83,166.1,48.5,8.9,2.382,0.836,-1.256,0.832,64,1
288.321025,11.060991,45.250193,0.249299,12.23710,0.00870,12.277,11.669,13.915,4.02,1.73,8.2,70.6,12.3,4.198,1.731,1.241,1.720,16,1
288.316005,11.314531,45.472539,0.371242,10.76273,0.00186,10.774,10.441,11.762,0.77,0.30,117.9,0.3,10.4,-0.462,0.313,-0.679,0.290,32,1
288.316233,11.259976,45.424308,0.345744,10.08769,0.00112,10.092,9.335,11.956,1.52,0.18,151.1,33.5,3.3,0.817,0.177,-1.298,0.179,32,1
288.154390,11.360607,45.439921,0.533010,11.18201,0.00279,11.242,10.585,12.829,1.26,0.47,12.5,75.0,9.9,1.215,0.460,0.569,0.487,32,1
288.154548,10.923307,45.052439,0.330284,9.91228,0.00077,9.955,8.471,13.229,2.67,0.19,44.3,106.8,2.0,0.063,0.223,2.678,0.185,32,1
288.270112,11.918954,45.987256,0.691301,10.51970,0.00210,10.496,9.958,11.907,1.29,0.27,20.5,82.9,6.0,0.996,0.253,0.863,0.288,16,1
288.271795,11.909309,45.979473,0.685371,10.56180,0.00240,10.573,10.132,11.532,0.89,0.40,16.6,79.0,12.9,0.817,0.371,0.535,0.465,16,1
288.155011,11.208111,45.305052,0.461825,10.56942,0.00159,10.695,10.342,11.670,0.70,0.34,90.1,152.6,12.4,-0.775,0.336,-0.003,0.287,32,1
288.109964,11.469473,45.516239,0.622029,11.23490,0.00410,11.217,10.566,12.903,1.23,0.46,29.7,92.1,10.7,0.671,0.457,1.134,0.461,16,1
288.112407,11.649003,45.676478,0.703046,12.42446,0.01041,12.417,11.727,14.281,7.60,1.88,180.0,62.4,6.9,7.826,1.876,-0.000,2.016,32,1
288.112414,11.628686,45.658472,0.693632,11.63070,0.00440,11.651,10.882,13.489,1.90,0.91,173.7,56.1,13.7,2.056,0.905,-0.458,0.934,16,1
288.116497,11.858788,45.864285,0.796642,11.64930,0.00380,11.602,10.842,13.321,4.10,1.59,12.6,75.1,11.2,3.977,1.596,1.877,1.592,16,1
288.915203,11.188586,45.634075,-0.207669,12.43937,0.00804,12.504,11.770,14.346,4.76,1.20,55.5,117.7,7.0,-1.760,1.182,4.579,1.207,32,1
288.124764,10.962306,45.073455,0.374265,11.42710,0.00310,11.414,10.604,13.495,2.08,0.67,177.8,60.2,9.2,2.180,0.667,-0.171,0.679,16,1
288.923056,11.235764,45.679415,-0.192523,10.12119,0.00096,10.156,9.652,11.471,0.75,0.27,31.3,93.6,9.8,0.368,0.255,0.711,0.278,32,1
288.137800,10.911789,45.034613,0.339521,11.55200,0.00340,11.530,10.294,14.302,2.55,0.71,15.9,78.4,7.9,2.249,0.704,1.400,0.708,16,1
288.142241,11.634381,45.677051,0.670377,8.58290,0.00030,8.620,8.059,9.865,1.02,0.14,157.6,40.1,3.8,0.734,0.138,-0.726,0.136,16,1
288.143585,11.684098,45.721726,0.692237,9.48720,0.00090,9.595,9.147,10.738,1.01,0.20,152.9,35.3,5.6,0.599,0.197,-0.833,0.195,16,1
288.144184,11.141353,45.240967,0.440313,10.60350,0.00230,10.629,9.867,12.465,1.30,0.38,16.5,78.9,8.4,1.136,0.352,0.736,0.443,16,1
288.913839,11.135369,45.586353,-0.231259,11.94261,0.00448,11.920,10.022,15.365,2.05,0.72,39.5,101.7,9.5,0.417,0.649,2.134,0.725,32,1
288.144854,11.082000,45.188670,0.412235,9.15520,0.00100,9.260,8.318,11.163,1.09,0.22,8.5,70.9,5.8,1.062,0.218,0.326,0.237,16,1
288.922512,11.216198,45.661850,-0.201160,8.28673,0.00024,8.322,7.869,9.544,0.97,0.17,36.6,98.9,4.9,0.285,0.144,0.946,0.173,32,1
288.113232,11.799163,45.809953,0.771864,11.99223,0.00466,12.071,11.688,13.106,2.02,0.79,130.1,12.5,10.4,-0.368,0.856,-2.141,0.789,32,1
288.121408,11.479248,45.530097,0.616616,9.84210,0.00100,9.862,9.177,11.582,0.94,0.19,14.4,76.8,5.7,0.838,0.170,0.460,0.233,16,1
288.913881,11.251444,45.689102,-0.177259,10.88110,0.00340,10.823,9.821,13.160,2.91,1.17,40.5,102.8,11.6,0.487,1.346,3.096,1.169,16,1
288.913884,11.242853,45.681500,-0.181261,11.43970,0.00590,11.351,10.410,13.458,2.92,0.98,31.0,93.2,9.6,1.452,1.040,2.719,0.962,16,1
288.128077,11.409121,45.470969,0.578343,8.04280,0.00030,8.154,7.562,9.440,0.45,0.20,74.8,137.2,12.5,-0.421,0.198,0.247,0.186,16,1
288.132813,11.270993,45.350697,0.510250,10.91250,0.00280,10.890,10.425,12.161,0.86,0.41,35.9,98.3,13.8,0.297,0.410,0.906,0.415,16,1
288.138871,11.708019,45.740790,0.707408,8.18990,0.00030,8.218,7.383,9.950,0.66,0.18,142.7,25.1,7.8,0.181,0.240,-0.658,0.174,16,1
288.146386,11.010778,45.126246,0.377908,11.25567,0.00238,11.236,10.349,13.134,2.25,0.35,27.7,90.2,4.4,1.290,0.343,1.874,0.351,32,1
288.156669,11.362168,45.442339,0.531753,11.91265,0.00509,11.937,11.463,13.296,1.82,0.89,22.2,84.6,12.6,1.449,0.842,1.418,0.945,32,1
288.113341,11.597647,45.631380,0.678453,10.81700,0.00180,10.849,10.042,12.778,1.10,0.42,174.9,57.3,11.0,1.157,0.421,-0.210,0.414,16,1
288.886098,11.198792,45.629817,-0.177649,11.24098,0.00307,11.359,10.031,14.111,6.22,0.56,31.0,93.3,2.6,2.930,0.605,5.517,0.543,32,1
288.117477,11.407167,45.464425,0.586647,10.22330,0.00240,10.213,9.917,11.224,0.55,0.25,64.6,127.0,13.1,-0.385,0.264,0.472,0.246,16,1
288.117477,11.415606,45.471905,0.590556,8.56640,0.00040,8.575,7.935,10.174,0.61,0.19,77.4,139.8,8.9,-0.581,0.191,0.273,0.186,16,1
288.892155,11.162476,45.600440,-0.199812,10.42520,0.00150,10.586,9.045,13.530,2.80,0.30,35.9,98.2,3.1,0.876,0.356,2.677,0.298,16,1
288.897114,11.234673,45.666604,-0.170511,11.30350,0.01210,11.214,10.105,13.595,5.01,1.31,37.2,99.5,7.5,1.390,1.374,4.991,1.301,16,1
288.900644,11.110242,45.558087,-0.231498,9.21420,0.00060,9.247,8.458,11.062,0.97,0.19,55.6,117.9,5.5,-0.359,0.148,0.925,0.193,16,1
288.901444,11.247368,45.679817,-0.168361,9.95910,0.00170,9.910,9.480,11.015,1.51,0.70,5.5,67.8,13.4,1.634,0.686,0.319,1.064,16,1
288.134422,11.682740,45.716366,0.699561,10.68690,0.00230,10.807,10.618,11.298,0.94,0.34,141.8,24.2,10.5,0.236,0.316,-0.972,0.347,16,1
288.920860,11.194617,45.641996,-0.209773,12.44611,0.01006,12.421,11.691,14.208,4.13,1.97,57.0,119.3,12.3,-1.864,1.798,4.176,1.997,32,1
288.137144,11.897487,45.907946,0.796655,11.45910,0.00450,11.410,10.798,13.004,2.05,0.96,174.0,56.4,13.5,2.211,0.959,-0.471,0.993,16,1
288.922672,11.186120,45.635303,-0.215302,11.97572,0.00541,12.022,11.221,13.817,1.92,0.91,24.9,87.2,12.3,1.373,0.975,1.628,0.866,32,1
288.145407,11.427500,45.495127,0.571801,10.88360,0.00310,10.866,10.383,12.361,1.02,0.38,85.7,148.1,10.6,-1.078,0.376,0.165,0.425,16,1
288.145847,11.332159,45.410828,0.527255,11.01970,0.00280,10.986,10.200,12.948,1.63,0.54,24.9,87.3,9.5,1.111,0.628,1.315,0.470,16,1
288.157921,11.749912,45.786562,0.710281,9.37820,0.00049,9.419,8.697,11.188,0.33,0.12,29.1,91.5,9.9,0.188,0.112,0.303,0.128,32,1
288.157943,11.030727,45.149181,0.377097,10.09588,0.00095,10.173,10.093,10.418,0.98,0.26,163.6,46.1,7.3,0.854,0.249,-0.548,0.274,32,1
288.150427,11.349088,45.427912,0.531118,11.46690,0.00535,11.638,11.454,12.038,3.19,1.14,60.9,123.3,9.7,-1.781,1.282,2.883,1.085,32,1
288.109266,11.192448,45.270384,0.494340,11.94650,0.00490,12.035,11.482,13.436,1.55,0.71,11.2,73.6,11.9,1.572,0.696,0.647,0.764,32,1
288.110957,10.964568,45.069181,0.387326,11.44300,0.00380,11.477,10.710,13.138,2.46,0.70,7.6,70.0,8.2,2.471,0.700,0.668,0.711,16,1
288.124931,11.139515,45.230588,0.456203,10.96730,0.00290,10.999,10.286,12.739,1.10,0.40,14.4,76.8,10.3,1.023,0.399,0.564,0.381,16,1
288.134469,11.306594,45.383002,0.525301,10.38680,0.00170,10.362,9.735,11.965,1.11,0.30,32.3,94.7,7.8,0.494,0.295,1.039,0.306,16,1
288.145959,11.742665,45.774713,0.717304,9.77220,0.00100,9.813,9.380,11.102,0.39,0.18,139.1,21.5,13.4,0.062,0.214,-0.430,0.183,16,1
288.153961,11.874275,45.894993,0.771319,10.93520,0.00230,11.050,10.532,12.304,1.79,0.56,15.3,77.7,9.0,1.615,0.564,0.954,0.559,16,1
288.150545,11.016504,45.133212,0.376943,11.85299,0.00578,11.905,11.519,13.085,1.62,0.66,148.5,31.0,10.8,0.797,0.620,-1.560,0.669,32,1
288.152043,11.349659,45.429152,0.529978,8.48141,0.00033,8.617,8.096,9.755,0.42,0.11,169.6,52.0,7.1,0.408,0.107,-0.155,0.115,32,1
288.117592,11.624804,45.657380,0.687339,8.64790,0.00030,8.780,8.354,9.832,0.62,0.15,154.7,37.2,6.8,0.403,0.145,-0.490,0.147,16,1
288.120801,11.226763,45.306039,0.500205,8.43790,0.00040,8.567,7.612,10.455,1.85,0.16,24.4,86.8,2.5,1.225,0.174,1.397,0.147,16,1
288.120805,11.221210,45.301119,0.497629,10.89220,0.00480,10.852,10.131,12.535,1.56,0.53,13.9,76.3,9.7,1.461,0.533,0.770,0.515,16,1
288.124099,11.747783,45.769337,0.738643,10.06830,0.00140,10.068,9.472,11.613,0.84,0.23,125.4,7.8,7.8,-0.286,0.202,-0.820,0.232,16,1
288.131410,11.633287,45.671168,0.679272,11.49550,0.00400,11.543,11.162,12.776,2.31,0.81,153.6,36.0,10.1,1.476,0.798,-1.950,0.817,16,1
288.139041,11.891085,45.903131,0.792045,10.84910,0.00210,10.900,10.567,11.802,1.51,0.49,0.5,62.9,9.3,1.593,0.494,0.029,0.499,16,1
288.141695,11.816766,45.838459,0.755323,8.75720,0.00040,8.935,8.378,10.297,0.35,0.15,122.3,4.7,12.5,-0.163,0.149,-0.343,0.153,16,1
288.145082,11.227535,45.317755,0.479455,10.17670,0.00150,10.206,9.242,12.461,2.81,0.23,26.0,88.4,2.3,1.740,0.246,2.222,0.215,16,1
288.145090,11.412898,45.482042,0.565313,11.48200,0.00480,11.514,10.801,13.212,1.42,0.70,54.1,116.5,14.2,-0.492,0.637,1.501,0.706,16,1
288.145492,11.879612,45.895885,0.781136,11.07140,0.00280,11.071,10.332,12.977,1.44,0.69,6.1,68.5,13.7,1.563,0.688,0.339,0.694,16,1
288.158573,11.188761,45.289522,0.449765,10.70507,0.00196,10.771,10.038,12.566,1.02,0.38,43.3,105.7,10.1,0.064,0.380,1.087,0.384,48,1
288.158696,11.892766,45.913529,0.775777,11.22215,0.00257,11.252,10.709,12.627,1.85,0.66,8.6,71.0,9.6,1.877,0.664,0.580,0.626,32,1
288.146841,11.382839,45.456196,0.549868,8.62030,0.00050,8.781,7.972,10.517,1.03,0.17,26.5,88.9,4.9,0.625,0.155,0.832,0.183,16,1
288.108571,11.433094,45.483362,0.606392,9.56850,0.00080,9.548,8.941,10.923,0.79,0.21,68.8,131.2,7.7,-0.607,0.220,0.555,0.207,16,1
288.110263,11.010396,45.109483,0.409156,11.44770,0.00310,11.463,10.625,13.549,2.72,0.73,28.9,91.3,7.7,1.500,0.719,2.384,0.737,16,1
288.111045,11.494833,45.539208,0.632834,10.60043,0.00187,10.632,9.916,12.077,1.11,0.35,31.2,93.6,8.7,0.538,0.377,1.028,0.343,32,1
288.120041,11.729471,45.751265,0.733684,10.41360,0.00160,10.409,9.921,11.785,0.62,0.25,95.1,157.5,11.4,-0.661,0.248,-0.118,0.259,16,1
288.120833,11.334571,45.401605,0.550109,9.47040,0.00080,9.450,9.069,10.634,0.46,0.22,37.9,100.3,14.0,0.125,0.179,0.495,0.227,16,1
288.125018,11.304943,45.377246,0.532750,10.51150,0.00170,10.521,9.680,12.509,2.97,0.37,22.0,84.4,3.5,2.157,0.329,2.076,0.405,16,1
288.125866,11.251993,45.330701,0.507488,11.17810,0.00390,11.188,10.856,12.114,1.27,0.63,98.0,160.4,14.2,-1.366,0.627,-0.391,0.679,16,1
288.128267,11.417281,45.478288,0.581958,8.69650,0.00040,8.755,8.201,9.976,0.95,0.27,76.8,139.2,8.3,-0.883,0.286,0.440,0.218,16,1
288.130653,10.884103,45.006825,0.332916,8.81130,0.00070,8.918,8.394,10.226,0.61,0.18,53.4,115.8,8.6,-0.186,0.214,0.614,0.182,16,1
288.138509,11.052426,45.159575,0.404053,12.19980,0.01010,12.289,11.486,14.298,4.87,1.28,13.9,76.4,7.5,4.451,1.278,2.356,1.286,16,1
288.139690,11.189083,45.281226,0.466330,11.38799,0.00309,11.441,10.657,13.290,1.68,0.58,30.4,92.8,9.4,0.868,0.542,1.549,0.594,32,1
288.153188,11.169537,45.270038,0.445540,10.42166,0.00225,10.499,10.194,11.321,0.73,0.33,78.5,141.0,11.8,-0.736,0.332,0.311,0.312,32,1
288.158814,10.969952,45.095717,0.348182,9.89025,0.00078,9.975,8.906,12.242,1.37,0.24,4.6,67.0,5.0,1.375,0.244,0.221,0.275,32,1
288.159127,11.073459,45.187590,0.395865,9.24808,0.00053,9.267,8.338,11.284,2.37,0.14,23.4,85.8,1.7,1.629,0.136,1.730,0.151,32,1
288.156618,11.296384,45.384015,0.501323,12.00199,0.00478,12.047,11.229,14.039,2.29,0.69,1.0,63.4,8.2,2.384,0.686,0.084,0.819,32,1
288.156717,11.034400,45.151879,0.379865,10.67447,0.00159,10.773,10.169,12.265,1.04,0.41,171.6,54.0,10.6,1.069,0.414,-0.323,0.388,32,1
288.147116,11.295031,45.378499,0.508954,12.23850,0.00870,12.165,11.702,13.388,2.52,1.09,8.5,70.9,12.4,2.625,1.079,0.803,1.178,16,1
288.107801,11.581679,45.614713,0.675869,11.33600,0.00340,11.251,10.475,13.011,1.99,0.81,170.3,52.7,11.6,2.030,0.806,-0.715,0.842,16,1
